3.9581000000000017 0.0 0.0 17.0 0.0 0.0 0.0 0.0 0.0 0.0 210.377334085253
2.405500000000001 1.0 1.0 0.0 2.0 0.0 1.0 3.0 29.1 2.5829963936570306 511.2292477154965
2.1525 1.0 0.0 1.0 1.0 0.0 0.0 1.0 17.07 3.0097819477866006 202.66106510209755
8.11610000000001 6.0 2.0 10.0 6.0 0.0 0.0 6.0 120.72 2.322962880266304e-07 1964.648665828827
2.4854000000000003 6.0 0.0 12.0 2.0 4.0 4.0 6.0 56.6 1.0844273169718197 769.8999341256456
2.638020000000001 0.0 0.0 1.0 1.0 0.0 0.0 1.0 0.0 3.070760681783566 211.03322454351996
2.6775 1.0 1.0 4.0 0.0 1.0 1.0 1.0 37.3 2.1458390567501127 153.9175691117035
0.5283999999999995 6.0 4.0 2.0 0.0 3.0 4.0 4.0 115.06000000000002 1.7769779303753035 755.7707920367225
3.195800000000001 1.0 0.0 2.0 2.0 0.0 0.0 2.0 17.07 2.315627695408683 452.9607327512057
3.497200000000002 5.0 0.0 10.0 2.0 0.0 0.0 2.0 61.830000000000005 1.4470496400121173 582.1507932669278
1.5651 2.0 0.0 2.0 1.0 0.0 0.0 1.0 20.310000000000002 2.90982279990154 238.24457522403964
2.570800000000001 2.0 0.0 3.0 1.0 0.0 0.0 1.0 26.3 2.6338700234273666 301.3575848525983
12.05423999999998 6.0 6.0 0.0 6.0 0.0 0.0 6.0 121.38000000000001 3.2399999906711136e-07 1804.4185474688127
2.761700000000001 2.0 0.0 3.0 1.0 1.0 1.0 2.0 21.759999999999998 1.961588002134354 317.38434399782966
3.7048000000000023 2.0 0.0 6.0 1.0 0.0 0.0 1.0 26.3 2.542670430809308 382.2179844419697
2.6714000000000016 1.0 1.0 4.0 0.0 0.0 0.0 0.0 20.23 3.54438743137085 150.25571236699292
2.5003199999999994 2.0 1.0 3.0 1.0 0.0 0.0 1.0 46.53 2.817664884623791 349.2203893594689
9.324300000000001 8.0 0.0 20.0 0.0 0.0 0.0 0.0 36.92 -5.688888673925933e-07 523.6422056449971
3.3588000000000005 0.0 0.0 0.0 1.0 0.0 0.0 1.0 0.0 3.0599016922179834 254.10775327612674
2.780900000000001 3.0 0.0 7.0 0.0 1.0 1.0 1.0 38.83 2.3749595757377504 233.33220565073853
3.0659000000000023 3.0 1.0 8.0 0.0 0.0 0.0 0.0 26.3 3.092076464177061 146.22295770630774
3.453000000000002 0.0 0.0 0.0 0.0 0.0 1.0 1.0 0.0 2.668730432311545 178.21499122004107
-9.132000000000001 6.0 0.0 0.0 0.0 0.0 0.0 0.0 126.38 -2.9999999833333334e-08 73.74860596185444
-0.6901000000000002 2.0 0.0 1.0 0.0 0.0 0.0 0.0 40.129999999999995 0.0 75.69058447171099
1.0351 3.0 3.0 4.0 1.0 0.0 0.0 1.0 52.489999999999995 2.5971508214906804 262.8565878189707
8.045700000000007 8.0 0.0 14.0 0.0 0.0 0.0 0.0 36.92 -4.899999846710943e-07 495.30922368149106
3.7322000000000015 0.0 0.0 1.0 1.0 0.0 0.0 1.0 0.0 3.0699827149988397 232.29287048965844
2.9987000000000013 0.0 0.0 0.0 0.0 3.0 3.0 3.0 0.0 2.2310808128795734 174.47733175670794
4.635500000000003 4.0 4.0 19.0 0.0 0.0 0.0 0.0 95.58 0.0 305.9330151827408
3.831300000000003 3.0 1.0 12.0 0.0 0.0 0.0 0.0 46.53 3.053119778367266 190.1777353463783
-0.6657000000000002 2.0 2.0 0.0 0.0 0.0 0.0 0.0 46.25 1.0 2.0
1.7946 3.0 0.0 5.0 1.0 0.0 0.0 1.0 35.53 2.1621432588559366 292.660770563408
6.85320000000001 4.0 1.0 12.0 3.0 0.0 0.0 3.0 77.43 2.559999906270004e-07 1108.112313870373
3.3778000000000024 1.0 1.0 9.0 0.0 0.0 0.0 0.0 37.3 2.9092867326592624 141.0257051333355
2.2511 4.0 1.0 14.0 0.0 0.0 0.0 0.0 86.30000000000001 5.464762893378685 857.4056776910804
3.6590000000000025 4.0 0.0 7.0 2.0 1.0 1.0 3.0 32.78 1.8475406911024352 736.7334819718303
4.541200000000005 1.0 1.0 7.0 1.0 0.0 0.0 1.0 20.23 2.0485825635453776 273.99135499381475
3.7528000000000024 0.0 0.0 2.0 1.0 0.0 0.0 1.0 0.0 3.121805775248301 289.31512465051037
-0.0025 0.0 0.0 0.0 0.0 0.0 0.0 0.0 0.0 0.0 0.0
3.6697000000000024 2.0 0.0 6.0 0.0 0.0 0.0 0.0 26.3 3.2972151107499355 177.25097565253358
3.2925200000000014 0.0 0.0 0.0 1.0 0.0 0.0 1.0 0.0 2.993754788259927 223.21037742768323
1.6513 1.0 1.0 1.0 0.0 1.0 1.0 1.0 37.3 2.3121915335681975 103.48377837619049
-14.301299999999994 26.0 3.0 15.0 5.0 0.0 1.0 6.0 433.55999999999995 4.760995252287465e-06 3615.4533974183973
6.115200000000006 2.0 0.0 11.0 2.0 0.0 0.0 2.0 24.72 1.4423245647333978 634.005206577911
9.583999999999996 8.0 2.0 8.0 6.0 0.0 0.0 6.0 101.88 1.5526911798946945 1937.7168881281682
2.200100000000001 5.0 0.0 8.0 2.0 0.0 0.0 2.0 71.1 3.919994885340289e-06 820.0639648889835
2.635600000000001 5.0 0.0 2.0 2.0 1.0 1.0 3.0 25.36 1.7778971173782272 446.544227692605
2.2099 1.0 0.0 0.0 0.0 4.0 4.0 4.0 12.53 1.9803152559514368 216.15777938858872
-9.94980000000002 23.0 4.0 15.0 5.0 0.0 0.0 5.0 414.73999999999995 4.961244189438353e-06 3157.9320304830944
4.107200000000002 16.0 3.0 20.0 5.0 0.0 0.0 5.0 246.79999999999995 4.499988308032798e-06 2411.4689731610074
2.9815000000000014 2.0 0.0 5.0 0.0 0.0 0.0 0.0 20.310000000000002 3.8107947551711403 121.69694286392863
1.6236 4.0 0.0 8.0 0.0 3.0 3.0 3.0 43.519999999999996 1.2067216869131903 216.17854646049202
1.9462199999999998 5.0 3.0 4.0 1.0 0.0 0.0 1.0 88.48 8.852940067272714e-07 473.3909247801034
-10.5546 13.0 0.0 0.0 0.0 0.0 0.0 0.0 288.75 -1.2857142818470984e-08 213.83899476132473
4.328400000000002 2.0 0.0 0.0 3.0 0.0 0.0 3.0 30.21 2.702246345245809 700.3760069281869
1.9868999999999999 2.0 0.0 2.0 1.0 0.0 0.0 1.0 26.3 2.7666051691783182 251.52506007307377
2.7707000000000015 2.0 0.0 1.0 1.0 0.0 0.0 1.0 26.3 2.9499840415194707 317.1701202996886
2.556020000000001 1.0 1.0 3.0 1.0 0.0 0.0 1.0 20.23 2.743151502071168 276.2078950935822
3.242200000000002 2.0 0.0 5.0 0.0 0.0 0.0 0.0 26.3 3.670448527133007 232.70628424348942
2.3612 1.0 1.0 2.0 0.0 1.0 3.0 3.0 20.23 2.127343829524432 215.04400223825917
2.401700000000001 1.0 0.0 0.0 0.0 1.0 1.0 1.0 17.07 2.594656161624282 146.80725598781606
3.4616000000000016 3.0 0.0 6.0 2.0 0.0 0.0 2.0 35.53 2.0182771604006753 575.7988048405728
1.4251999999999998 12.0 4.0 16.0 0.0 0.0 0.0 0.0 105.20000000000002 5.354117665280892 436.0525055103621
4.657380000000004 2.0 2.0 2.0 2.0 0.0 0.0 2.0 40.46 2.614907029381243 591.197920970157
18.769099999999984 6.0 0.0 53.0 0.0 0.0 0.0 0.0 78.9 4.296169818216157 885.5832274818622
3.0119000000000016 2.0 0.0 4.0 0.0 0.0 0.0 0.0 26.3 3.7402754199556627 155.96343903735325
-3.2584 3.0 0.0 0.0 0.0 0.0 0.0 0.0 63.19 0.0 29.87430298092722
1.9524199999999998 1.0 0.0 1.0 1.0 0.0 0.0 1.0 12.89 2.881555877646136 176.26405299160075
2.3712000000000004 3.0 1.0 3.0 0.0 1.0 1.0 1.0 46.53 2.6073457888093308 235.3322056507385
1.5575999999999999 5.0 3.0 2.0 0.0 3.0 4.0 4.0 94.83 1.7472814479871792 723.9130815015496
-1.6177599999999943 10.0 2.0 6.0 4.0 0.0 1.0 5.0 172.59999999999997 2.419997657277347e-06 1836.5953336473772
-1.8357999999999999 0.0 0.0 0.0 0.0 0.0 0.0 0.0 256.5 -0.0 15.576391322853388
2.1847000000000003 3.0 0.0 5.0 1.0 0.0 0.0 1.0 35.53 2.177249866158138 329.98028532933694
3.7177000000000024 5.0 0.0 13.0 1.0 0.0 1.0 2.0 46.150000000000006 1.632174210208813 475.07010591802384
0.5857 0.0 0.0 0.0 0.0 0.0 0.0 0.0 0.0 1.0 2.0
3.144400000000002 2.0 0.0 5.0 2.0 0.0 0.0 2.0 18.46 1.6982174709605096 356.0952225964737
5.998200000000005 2.0 2.0 6.0 2.0 0.0 0.0 2.0 52.04 2.60526632304541 716.9411214738501
1.5511600000000008 8.0 3.0 6.0 4.0 0.0 1.0 5.0 158.48999999999998 4.049991229594891e-06 1889.0811835864986
2.2874 1.0 1.0 5.0 0.0 0.0 0.0 0.0 37.3 3.6095780526829477 93.43071362054202
4.401700000000002 6.0 0.0 0.0 4.0 0.0 0.0 4.0 25.78 1.4666666475555556e-07 718.0672908331296
1.8312999999999997 3.0 1.0 1.0 1.0 1.0 1.0 2.0 49.83 2.1305555351195126e-07 224.06853695944784
2.6027000000000005 3.0 0.0 6.0 0.0 1.0 1.0 1.0 43.370000000000005 2.1486149062734277 255.59284654013777
4.694800000000003 4.0 3.0 4.0 2.0 1.0 1.0 3.0 90.29 2.9134386371409065e-07 703.0190510341763
2.9987000000000013 0.0 0.0 0.0 0.0 1.0 3.0 3.0 0.0 2.296626579720339 186.21499122004107
2.6728000000000005 1.0 0.0 2.0 0.0 0.0 0.0 0.0 9.23 3.7464179312510324 76.2114326716684
2.0319000000000003 0.0 0.0 0.0 0.0 0.0 0.0 0.0 0.0 3.7911184170869663 79.42592196522058
1.793 2.0 0.0 0.0 2.0 0.0 0.0 2.0 30.21 2.9353507979720246 428.5108208761056
3.308900000000002 0.0 0.0 1.0 0.0 0.0 1.0 1.0 0.0 2.495412226862891 162.8771237954945
4.725610000000006 9.0 0.0 16.0 5.0 0.0 0.0 5.0 124.12 6.497975199208905e-06 2098.8026452419267
1.2939 2.0 0.0 0.0 0.0 0.0 0.0 0.0 0.0 3.2659863237109046 23.774437510817343
-1.0801999999999898 14.0 0.0 9.0 4.0 0.0 2.0 6.0 229.18 3.0249947070847395e-06 2210.6003864279874
2.7643000000000013 2.0 0.0 1.0 0.0 2.0 2.0 2.0 26.3 2.225540267260561 269.49529453537843
-3.2584 3.0 0.0 0.0 0.0 0.0 0.0 0.0 63.19 0.0 29.87430298092722
3.3510000000000018 2.0 0.0 5.0 1.0 0.0 0.0 1.0 26.3 2.5449203918758574 327.84839499722005
-4.739199999999995 12.0 2.0 6.0 5.0 0.0 0.0 5.0 197.31999999999996 2.4199974202278325e-06 2288.2512584705014
1.1988999999999999 3.0 1.0 7.0 0.0 0.0 0.0 0.0 38.69 3.1531775862478155 93.77443751081735
2.2430000000000003 4.0 0.0 3.0 0.0 1.0 1.0 1.0 58.86 2.854455780958164 352.0302611774938
4.601900000000001 4.0 4.0 19.0 0.0 0.0 0.0 0.0 101.36999999999999 0.0 305.9330151827408
4.233800000000003 7.0 0.0 8.0 3.0 0.0 0.0 3.0 115.10999999999999 8.900571395975501e-07 1087.7657079061817
3.264400000000002 3.0 0.0 2.0 2.0 0.0 0.0 2.0 35.53 1.9521941477943936 407.6186271235691
2.8895000000000017 2.0 0.0 6.0 0.0 0.0 0.0 0.0 26.3 3.7801924243186464 140.7740056622918
0.32850000000000007 2.0 2.0 4.0 0.0 0.0 0.0 0.0 58.2 3.6893729618756304 230.34031643968072
2.6728000000000014 0.0 0.0 0.0 0.0 0.0 1.0 1.0 0.0 2.285714285714285 72.60593781761291
0.5903999999999998 5.0 0.0 7.0 0.0 0.0 0.0 0.0 57.120000000000005 3.8734286416774055 169.06669317043506
2.6637000000000013 3.0 0.0 9.0 0.0 0.0 0.0 0.0 27.69 4.210670443406352 118.20592425326386
3.600400000000003 4.0 0.0 8.0 1.0 0.0 0.0 1.0 52.60000000000001 2.7123913375014235 398.85794216890986
-0.3840799999999942 10.0 2.0 6.0 4.0 0.0 1.0 5.0 172.59999999999997 2.879996750903783e-06 2027.6636029946453
2.0343999999999993 4.0 3.0 2.0 2.0 0.0 0.0 2.0 77.75999999999999 2.492154135657027 561.1321875173596
4.163100000000004 3.0 0.0 10.0 0.0 1.0 1.0 1.0 43.370000000000005 1.932483463585129 307.11590649725093
3.730800000000003 3.0 0.0 6.0 0.0 1.0 1.0 1.0 43.370000000000005 2.5334057052447885 368.1903353571112
29.64000000000008 27.0 9.0 120.0 0.0 0.0 0.0 0.0 395.25000000000006 -2.5073975421472055e-06 2927.0601180034787
4.430900000000003 3.0 1.0 10.0 1.0 0.0 0.0 1.0 63.6 2.1686226890039664 436.6082594494218
5.244800000000006 8.0 0.0 21.0 0.0 0.0 0.0 0.0 55.38000000000001 4.137940540514776 289.9984127700166
3.2977000000000025 3.0 0.0 6.0 1.0 0.0 0.0 1.0 35.53 2.3983407616804873 390.7046703843559
4.6685000000000025 2.0 2.0 16.0 0.0 0.0 0.0 0.0 66.4 3.107593513656218 279.5058337171213
4.009200000000003 0.0 0.0 0.0 0.0 0.0 1.0 1.0 0.0 2.3041105984884602 121.19311924156366
13.388699999999977 4.0 0.0 18.0 0.0 0.0 0.0 0.0 6.48 5.34545540362118 714.6494188420588
4.120180000000003 1.0 0.0 2.0 2.0 0.0 0.0 2.0 23.79 2.4687472120822465 523.1767595439565
15.420399999999969 6.0 2.0 32.0 0.0 2.0 2.0 2.0 76.66 5.81380906391017e-07 988.84852755604
4.925500000000005 1.0 1.0 12.0 0.0 0.0 0.0 0.0 29.1 3.51254410984443 213.30760443279493
5.911600000000007 14.0 3.0 7.0 0.0 5.0 8.0 8.0 170.05999999999997 1.0810089105038068 1787.630132042587
5.0206000000000035 0.0 0.0 2.0 3.0 0.0 0.0 3.0 0.0 1.951466168669556 548.7160655475084
4.584000000000002 0.0 0.0 0.0 4.0 0.0 0.0 4.0 0.0 2.5059556893606714 666.6198058168793
3.600400000000003 4.0 0.0 8.0 1.0 0.0 0.0 1.0 52.60000000000001 2.503712391104127 381.6079421689099
4.286780000000004 1.0 0.0 4.0 0.0 1.0 1.0 1.0 23.79 2.556663389689811 191.77132754726787
2.9300000000000015 5.0 0.0 4.0 2.0 1.0 1.0 3.0 58.85 1.6177034957293241 662.487877093113
9.186800000000003 4.0 0.0 25.0 0.0 0.0 0.0 0.0 52.60000000000001 3.280659314844703 416.7216822476719
8.713220000000003 5.0 1.0 9.0 4.0 0.0 2.0 6.0 50.800000000000004 1.512692154995918 1540.0231874767644
1.8205999999999996 3.0 0.0 1.0 1.0 0.0 1.0 2.0 35.53 2.506530914969293 362.4068137607414
2.3476800000000004 5.0 2.0 2.0 2.0 0.0 1.0 3.0 95.97999999999999 2.3868099542133567 862.938264047108
18.179299999999984 4.0 4.0 49.0 0.0 0.0 0.0 0.0 112.65 -8.602325292505161e-07 883.0930024861892
10.377099999999993 11.0 4.0 21.0 4.0 0.0 0.0 4.0 156.45999999999998 1.500952066139594 1746.2812771982633
-0.2401 2.0 0.0 0.0 0.0 0.0 0.0 0.0 34.14 3.2659863237109046 23.774437510817343
1.8989999999999991 0.0 0.0 11.0 1.0 0.0 0.0 1.0 3.88 3.239997015602847e-06 273.8503707227377
1.76684 2.0 1.0 3.0 1.0 0.0 0.0 1.0 46.53 2.806920561742865 297.69593883291583
6.037400000000007 9.0 0.0 23.0 0.0 0.0 0.0 0.0 106.59000000000003 5.268005358026134 600.2721926824928
-5.246899999999993 13.0 3.0 7.0 5.0 0.0 0.0 5.0 217.54999999999998 2.6449970249534545e-06 2360.006030938946
1.5948 2.0 1.0 1.0 1.0 0.0 0.0 1.0 37.3 3.003400684579818 235.9394333808838
-0.9992000000000001 0.0 0.0 0.0 0.0 0.0 0.0 0.0 57.0 -0.0 6.0
-0.9071999999999971 12.0 3.0 6.0 5.0 0.0 0.0 5.0 213.24999999999997 2.419997479123551e-06 2018.5725239864043
3.8243000000000027 1.0 0.0 5.0 0.0 0.0 0.0 0.0 17.07 3.8967581062739653 262.9601502903715
1.0110000000000001 1.0 0.0 2.0 0.0 1.0 1.0 1.0 23.55 2.6553383574975475 158.4449202899649
0.8825999999999998 4.0 2.0 1.0 1.0 0.0 0.0 1.0 89.38999999999999 3.1515496683060507 297.8789117242989
-0.3808 0.0 0.0 0.0 0.0 0.0 0.0 0.0 0.0 0.0 0.0
-0.49960000000000004 1.0 0.0 0.0 0.0 0.0 0.0 0.0 17.07 2.0 2.0
0.7643999999999997 3.0 2.0 1.0 2.0 0.0 0.0 2.0 91.78999999999999 2.7435199944853146 525.0074434240122
0.8504000000000003 5.0 1.0 3.0 1.0 1.0 1.0 2.0 90.27000000000001 2.410771719139285 773.8746664868947
0.9077999999999999 3.0 1.0 1.0 1.0 0.0 0.0 1.0 50.44 3.278727060179411 274.4248627543818
1.4021 2.0 0.0 2.0 1.0 0.0 0.0 1.0 26.3 2.57930229200732 228.57786591623355
-1.8582999999999998 2.0 2.0 0.0 0.0 0.0 0.0 0.0 106.1 -7.999999835000003e-08 91.24856184822198
2.5566200000000006 2.0 0.0 1.0 1.0 0.0 0.0 1.0 43.14 3.2735808215375433 298.4920897763861
-0.7343999999999999 2.0 0.0 0.0 0.0 0.0 0.0 0.0 60.0 -0.0 2.7548875021634682
-12.440800000000001 16.0 0.0 0.0 0.0 0.0 0.0 0.0 345.0 -2.844444436839506e-08 291.9826350521752
2.805500000000001 0.0 0.0 4.0 0.0 0.0 0.0 0.0 0.0 2.447472887876344 23.360990398949916
1.6680000000000001 2.0 0.0 2.0 0.0 0.0 0.0 0.0 26.3 3.726387419631054 171.15643408968742
-1.4038 9.0 0.0 6.0 0.0 0.0 0.0 0.0 157.11 4.095996370610992 184.86060383799767
2.5458000000000007 1.0 0.0 5.0 0.0 0.0 0.0 0.0 17.07 2.828868134909685 76.63682062300136
2.6885 2.0 2.0 9.0 0.0 0.0 0.0 0.0 74.6 3.8318697732857556 245.403315334683
4.104800000000003 2.0 2.0 10.0 0.0 0.0 0.0 0.0 74.6 6.208567894178532 353.48837308389494
4.125200000000003 2.0 1.0 0.0 0.0 3.0 4.0 4.0 37.3 1.720020177686117 535.8253337815046
-0.2568999999999997 8.0 2.0 7.0 2.0 0.0 1.0 3.0 140.12 3.413328344718734e-06 1281.4222450293187
3.1846000000000014 4.0 2.0 6.0 2.0 0.0 0.0 2.0 74.6 2.1029093037385427 690.028727922111
-2.6679999999999993 0.0 0.0 0.0 0.0 0.0 0.0 0.0 541.5 -0.0 36.269827235918
2.7432000000000007 4.0 0.0 6.0 0.0 3.0 3.0 3.0 52.6 1.5455139584624158 483.4788280241413
4.131400000000002 3.0 3.0 5.0 3.0 0.0 0.0 3.0 87.30000000000001 1.771000184408371 990.8075235823432
-6.3509 0.0 0.0 0.0 0.0 0.0 0.0 0.0 85.5 -0.0 8.754887502163466
2.9320000000000013 2.0 0.0 7.0 0.0 0.0 0.0 0.0 26.3 3.5789305606878026 152.16926858274718
12.44509999999998 8.0 0.0 28.0 0.0 0.0 0.0 0.0 36.92 -7.27272693433886e-07 589.7531357226418
2.3742 2.0 0.0 1.0 0.0 3.0 3.0 3.0 26.3 1.734991160028816 261.04734401697993
0.9360999999999999 1.0 1.0 0.0 0.0 0.0 0.0 0.0 0.0 1.6329931618554523 2.7548875021634682
5.640600000000006 6.0 0.0 12.0 0.0 0.0 0.0 0.0 71.06 3.8562187750791503 299.4706749870192
2.9579000000000013 1.0 0.0 5.0 0.0 0.0 0.0 0.0 17.07 3.376357362685052 131.80820345864822
1.7148999999999999 2.0 1.0 1.0 0.0 2.0 2.0 2.0 29.46 2.250419871683354 202.01526027982132
2.9415000000000013 1.0 0.0 4.0 1.0 0.0 0.0 1.0 17.07 2.6363285021583334 258.95789509358224
2.1814 0.0 0.0 2.0 0.0 0.0 0.0 0.0 0.0 2.19060968716425 11.119415478763749
-0.9891999999999961 4.0 2.0 15.0 0.0 0.0 0.0 0.0 106.53 0.0 362.8900644466383
3.0183000000000018 2.0 0.0 7.0 1.0 0.0 0.0 1.0 18.46 2.107711727425716 245.97268253246722
2.987800000000002 2.0 0.0 5.0 0.0 0.0 0.0 0.0 18.46 4.2725323299339895 162.92909232631843
3.1578000000000017 1.0 0.0 2.0 0.0 0.0 1.0 1.0 9.23 2.561778864892398 179.44313396035153
12.595639999999985 21.0 3.0 28.0 10.0 0.0 0.0 10.0 343.2 2.096268605594414e-07 4439.27982799228
2.9016 2.0 0.0 1.0 1.0 0.0 0.0 1.0 43.14 3.232208870305491 300.6337992264624
2.5071000000000003 1.0 1.0 4.0 0.0 0.0 0.0 0.0 20.23 3.7911254581292564 193.53987717793927
1.3739 5.0 0.0 8.0 0.0 0.0 0.0 0.0 53.99000000000001 3.8760841665973818 229.09922555893542
4.304700000000003 4.0 3.0 4.0 2.0 1.0 1.0 3.0 90.28999999999999 2.982272613623373e-07 671.7421158543812
1.1159999999999999 2.0 0.0 1.0 1.0 0.0 1.0 2.0 37.38 2.3810065286799946 363.1710361474567
2.10762 2.0 0.0 1.0 1.0 0.0 1.0 2.0 32.67 2.3154982089596716 392.25348789848164
-0.8211000000000004 3.0 2.0 2.0 1.0 0.0 0.0 1.0 57.53 2.90982279990154 242.36752828045374
2.9433000000000016 1.0 0.0 3.0 1.0 0.0 0.0 1.0 17.07 2.870813133902019 285.2526032889556
2.1298000000000004 2.0 0.0 5.0 0.0 0.0 0.0 0.0 26.3 2.9617756061821483 89.25838096618138
2.2603 0.0 0.0 0.0 0.0 0.0 0.0 0.0 0.0 3.675948764555208 58.862383112184006
3.916200000000003 2.0 1.0 13.0 0.0 0.0 0.0 0.0 29.46 2.828262412638549 101.30296890880643
2.5406000000000004 2.0 2.0 10.0 0.0 0.0 0.0 0.0 63.32 2.884064614706359 137.24922110379617
3.3366 2.0 6.0 9.0 2.0 0.0 0.0 2.0 177.57999999999998 1.6055010522560949 931.4857205859425
2.5287000000000006 0.0 0.0 0.0 0.0 1.0 2.0 2.0 0.0 2.2890296293112073 174.47733175670794
4.159400000000003 1.0 0.0 4.0 2.0 0.0 0.0 2.0 23.550000000000004 2.275576049153378 489.93116659984844
2.2257000000000002 3.0 1.0 4.0 1.0 0.0 0.0 1.0 52.32 2.564465699481562 309.91077056340794
2.749200000000001 3.0 1.0 3.0 2.0 0.0 0.0 2.0 46.53 2.0128368037651727 505.88558878375915
6.635600000000007 0.0 0.0 12.0 0.0 0.0 0.0 0.0 0.0 4.391491248304028 116.09439334885207
-2.4277999999999986 2.0 0.0 0.0 0.0 0.0 0.0 0.0 46.12 -1.333333328888889e-08 7.609640474436813
-0.0025 0.0 0.0 0.0 0.0 0.0 0.0 0.0 0.0 0.0 0.0
5.573700000000003 4.0 3.0 5.0 4.0 0.0 0.0 4.0 78.42999999999999 1.9002706643591416 1224.8640543348304
3.6060000000000025 4.0 0.0 5.0 0.0 0.0 0.0 0.0 36.92 4.212191289533752 182.04474996131484
3.8378000000000023 1.0 0.0 2.0 2.0 0.0 0.0 2.0 0.0 2.1614757505786617 315.89864866417315
3.2470000000000008 8.0 3.0 9.0 3.0 0.0 1.0 4.0 145.02 1.5631390042113944 1400.0578954248858
3.6107999999999993 3.0 0.0 0.0 1.0 0.0 1.0 2.0 43.370000000000005 2.9225689093555403 464.3436252723838
2.2958 10.0 0.0 5.0 2.0 0.0 1.0 3.0 171.79 3.629994819924259e-06 1364.4369428453324
-0.0014000000000000123 1.0 1.0 0.0 0.0 0.0 0.0 0.0 20.23 1.6329931618554523 2.7548875021634682
1.7038 2.0 0.0 2.0 1.0 0.0 0.0 1.0 18.46 2.7972512629697874 167.91749419417292
3.578400000000003 1.0 0.0 4.0 1.0 1.0 1.0 2.0 9.23 1.6585370561432669 261.9270062938866
3.1751000000000023 4.0 0.0 10.0 0.0 0.0 0.0 0.0 80.25999999999999 -3.7230768345562145e-07 345.8924429504674
3.370000000000002 1.0 0.0 2.0 0.0 0.0 1.0 1.0 17.07 2.9279659077558633 270.9601502903715
0.7977999999999998 6.0 0.0 6.0 1.0 2.0 2.0 3.0 77.66 1.5163890246855238 453.9003429116071
3.102000000000001 1.0 0.0 7.0 0.0 0.0 0.0 0.0 17.07 2.9654796435526816 105.44040467374954
-2.1253999999999884 20.0 6.0 18.0 6.0 0.0 0.0 6.0 286.8 4.224989690917891e-06 2525.077196543943
2.3174600000000005 1.0 1.0 0.0 1.0 0.0 0.0 1.0 20.23 3.310532874722407 227.90033336357598
1.5686000000000002 0.0 0.0 0.0 0.0 0.0 0.0 0.0 0.0 3.0237157840738176 20.36452797660028
1.0112999999999999 4.0 2.0 5.0 1.0 0.0 0.0 1.0 66.76 2.7508718380871704 348.2766641820712
0.7190000000000001 2.0 0.0 0.0 0.0 0.0 0.0 0.0 12.36 3.1086122966741363 44.0
3.3792000000000018 1.0 0.0 2.0 2.0 0.0 0.0 2.0 23.550000000000004 2.1714657188958006 463.03151518320067
2.987400000000002 4.0 0.0 0.0 0.0 1.0 1.0 1.0 52.60000000000001 2.218727882452173 224.17854646049202
2.975300000000002 1.0 1.0 7.0 0.0 0.0 0.0 0.0 20.23 2.7964218719764773 69.27302875388388
-1.709899999999999 4.0 0.0 2.0 0.0 0.0 0.0 0.0 80.25999999999999 -1.0666666563333335e-07 99.14991061829625
1.6895999999999998 3.0 0.0 3.0 1.0 1.0 1.0 2.0 38.83 1.963751398227043 320.56434575430654
2.583600000000001 1.0 1.0 4.0 0.0 0.0 0.0 0.0 20.23 3.205455337414515 79.21928094887363
2.1398 2.0 0.0 3.0 1.0 0.0 0.0 1.0 26.3 2.384535862890579 241.27530899395387
1.8856 2.0 0.0 1.0 0.0 1.0 1.0 1.0 26.3 2.6146255050426754 206.3686940900688
1.3481 1.0 0.0 3.0 0.0 0.0 0.0 0.0 3.24 2.9923028831940863 25.651484454403228
5.942000000000005 3.0 3.0 23.0 0.0 0.0 0.0 0.0 50.08 3.0318018047062445 278.7998506741683
0.9792 1.0 0.0 0.0 0.0 0.0 0.0 0.0 0.0 1.6329931618554523 2.7548875021634682
-2.9583999999999993 2.0 1.0 0.0 0.0 0.0 0.0 0.0 12.03 0.0 46.81274391313339
3.229 1.0 1.0 0.0 1.0 0.0 0.0 1.0 26.02 3.2824629074535228 209.1649958700664
3.5617 1.0 0.0 0.0 1.0 0.0 0.0 1.0 12.89 3.0599016922179834 255.0043502283665
2.2436000000000003 2.0 2.0 1.0 2.0 0.0 0.0 2.0 57.53 2.7705108102676235 502.858845345137
5.223500000000005 0.0 0.0 2.0 0.0 0.0 1.0 1.0 0.0 0.0 182.07820003461552
3.502500000000002 1.0 0.0 4.0 1.0 0.0 0.0 1.0 17.07 2.870654853562165 301.8588020325841
-14.767800000000001 32.0 4.0 18.0 7.0 0.0 0.0 7.0 544.99 5.740826717453617e-06 4584.921612054789
2.6341 0.0 0.0 0.0 0.0 1.0 1.0 1.0 0.0 3.0997772733921076 195.97341629985493
9.694599999999998 1.0 0.0 20.0 0.0 0.0 0.0 0.0 9.23 5.663274909219512 245.95415876345749
2.1965000000000003 0.0 0.0 2.0 0.0 0.0 0.0 0.0 0.0 2.19060968716425 7.5097750043269365
2.433900000000001 2.0 1.0 2.0 1.0 0.0 0.0 1.0 29.46 3.045828964705749 289.8900954855593
2.11594 1.0 0.0 1.0 1.0 0.0 0.0 1.0 17.07 3.158901732156222 250.90522086573947
-0.5583 3.0 2.0 2.0 1.0 1.0 1.0 2.0 132.03 3.059999954636236e-07 391.6798625070107
-1.571699999999999 5.0 0.0 2.0 2.0 0.0 2.0 4.0 93.4 1.7066658961336926e-06 1370.3932417950364
1.3496000000000001 2.0 0.0 3.0 0.0 0.0 0.0 0.0 26.3 2.822354554248032 68.92878689342031
1.0114 6.0 4.0 3.0 2.0 0.0 0.0 2.0 160.78 2.9042918373144078 872.0769291820837
1.1214999999999997 5.0 1.0 3.0 1.0 0.0 0.0 1.0 89.66999999999999 3.4100123631135637 387.5631830986655
2.4912 2.0 1.0 4.0 1.0 0.0 0.0 1.0 32.34 2.856387015991843 332.1489335759843
-0.49960000000000004 1.0 0.0 0.0 0.0 0.0 0.0 0.0 17.07 2.0 2.0
3.361740000000001 1.0 2.0 2.0 2.0 0.0 0.0 2.0 50.41 2.2046655351264843 573.4563266437718
6.289300000000007 3.0 1.0 8.0 1.0 0.0 0.0 1.0 46.53 2.8975794352793756 582.4890607166549
4.4150000000000045 0.0 0.0 0.0 0.0 3.0 3.0 3.0 0.0 2.097171261080974 311.99999999999994
2.7917000000000014 3.0 1.0 4.0 2.0 0.0 0.0 2.0 46.53 1.878810272990811 520.2717401788738
3.0889000000000015 4.0 0.0 5.0 2.0 0.0 0.0 2.0 52.6 1.8123485966934216 592.7018774454453
-6.791600000000001 8.0 0.0 0.0 0.0 0.0 0.0 0.0 172.5 -2.6666666506250002e-08 129.69862761618444
3.544500000000003 2.0 0.0 3.0 0.0 1.0 1.0 1.0 26.3 2.6872718836096636 220.5758426329091
3.9278800000000027 1.0 0.0 1.0 1.0 1.0 1.0 2.0 23.79 2.3513329494561472 387.09691894256997
4.364100000000001 2.0 2.0 4.0 2.0 0.0 0.0 2.0 49.33 2.3558879442321037 593.8950014443018
3.2882000000000016 4.0 0.0 5.0 2.0 0.0 0.0 2.0 86.28 1.9738867162102545 563.1270925467024
4.106000000000003 1.0 1.0 2.0 1.0 0.0 0.0 1.0 20.23 2.9042644126592805 314.18709142485733
4.685300000000005 1.0 1.0 8.0 1.0 0.0 0.0 1.0 20.23 2.005636511455824 263.2683698322741
1.9545999999999997 5.0 2.0 5.0 2.0 0.0 0.0 2.0 124.56 2.2165875826358943 771.1818581972365
2.3964000000000008 0.0 1.0 17.0 0.0 0.0 0.0 0.0 4.44 0.0 182.5460575077678
2.007599999999999 0.0 0.0 12.0 0.0 0.0 0.0 0.0 0.0 0.0 121.66617507355792
-0.35609999999999997 2.0 0.0 0.0 0.0 0.0 0.0 0.0 60.0 -0.0 2.7548875021634682
7.672400000000009 8.0 0.0 4.0 4.0 4.0 8.0 12.0 87.04 9.75238086985336e-08 1727.2208241234673
2.6714000000000016 1.0 1.0 4.0 0.0 0.0 0.0 0.0 20.23 3.54438743137085 150.25571236699292
1.7038 2.0 0.0 2.0 1.0 0.0 0.0 1.0 18.46 2.964000093923802 185.1674941941729
-1.612999999999999 7.0 5.0 2.0 1.0 0.0 0.0 1.0 164.68999999999997 3.359999894463337e-07 391.554929296163
-6.497199999999997 6.0 0.0 2.0 1.0 0.0 0.0 1.0 114.39999999999998 0.0 502.8864219421056
4.594400000000005 7.0 0.0 21.0 0.0 0.0 0.0 0.0 72.45000000000002 4.044873528639152 281.11259441365513
2.2131 1.0 0.0 5.0 0.0 0.0 0.0 0.0 9.23 2.53006045688352 29.368065554250645
3.2670000000000003 2.0 0.0 1.0 1.0 0.0 0.0 1.0 43.14 3.267886414704282 377.6879236408014
1.8957000000000002 5.0 3.0 2.0 0.0 3.0 4.0 4.0 94.83 1.83769187946728 804.7488254884713
3.502500000000002 1.0 0.0 4.0 1.0 0.0 0.0 1.0 17.07 2.7685390517773505 284.60880203258404
2.2171000000000003 1.0 1.0 1.0 0.0 0.0 1.0 1.0 20.23 2.6865640960769337 160.25571236699292
3.0599000000000016 1.0 1.0 5.0 0.0 0.0 0.0 0.0 20.23 3.765107581306722 165.84292599913812
0.3533999999999997 9.0 0.0 9.0 1.0 3.0 3.0 4.0 116.49 1.484111837921581 747.1992350663913
2.7531000000000008 1.0 0.0 1.0 1.0 1.0 1.0 2.0 9.23 2.2576398223804985 280.4357677572863
2.765900000000001 2.0 0.0 6.0 0.0 0.0 0.0 0.0 26.3 3.706707862118944 121.00698692803581
1.9403999999999995 2.0 1.0 0.0 2.0 0.0 0.0 2.0 33.120000000000005 2.9131611636048604 378.7244463345713
-6.847700000000019 21.0 2.0 15.0 4.0 0.0 1.0 5.0 319.59999999999997 3.999994212768016e-06 2764.9409143013395
-0.35609999999999997 2.0 0.0 0.0 0.0 0.0 0.0 0.0 60.0 -0.0 2.7548875021634682
2.484000000000001 2.0 0.0 4.0 1.0 0.0 0.0 1.0 18.46 2.765009423656173 208.03511805929523
1.5824 0.0 0.0 0.0 0.0 0.0 0.0 0.0 0.0 2.549193338482967 15.219280948873624
-2.9463000000000004 5.0 5.0 4.0 0.0 0.0 0.0 0.0 101.15 3.685406534013343 76.10749561002055
1.7485 0.0 0.0 1.0 0.0 0.0 0.0 0.0 0.0 3.204805417886435 51.058650025961626
5.921700000000004 4.0 4.0 27.0 0.0 0.0 0.0 0.0 62.11 3.0388102540216964 333.19812306357943
2.831200000000002 1.0 1.0 6.0 0.0 0.0 0.0 0.0 20.23 3.099620830487698 78.9419624661572
-2.160159999999992 18.0 2.0 12.0 4.0 0.0 0.0 4.0 282.44 4.859990872442689e-06 2366.92136750917
1.8892 1.0 0.0 1.0 1.0 0.0 0.0 1.0 17.07 2.981454614041131 201.06743705866424
3.283900000000002 1.0 1.0 6.0 0.0 0.0 0.0 0.0 20.23 3.5610237221353196 126.9658022036436
2.1298000000000004 2.0 0.0 5.0 0.0 0.0 0.0 0.0 26.3 3.0523751890457076 89.25838096618138
1.083 2.0 2.0 2.0 1.0 0.0 0.0 1.0 74.6 3.267076195703771 296.58467465916425
2.2576 1.0 0.0 1.0 0.0 3.0 3.0 3.0 17.07 1.8893890924787464 211.0496521822662
3.9508000000000028 2.0 2.0 2.0 1.0 0.0 0.0 1.0 40.46 7.908332390743173e-07 227.25357133216272
2.00904 1.0 1.0 0.0 1.0 0.0 0.0 1.0 20.23 3.2478347337367026 195.55766205433733
-0.0025 0.0 0.0 0.0 0.0 0.0 0.0 0.0 0.0 0.0 0.0
2.13 1.0 1.0 2.0 1.0 0.0 0.0 1.0 20.23 2.746978188530898 181.1795714166762
2.9080000000000013 1.0 0.0 1.0 1.0 0.0 0.0 1.0 17.07 3.131063793808188 327.87685346687334
2.5756000000000006 1.0 1.0 0.0 1.0 0.0 0.0 1.0 26.02 3.171678030440915 222.29788705001033
2.7643000000000013 2.0 0.0 1.0 0.0 2.0 2.0 2.0 26.3 2.225540267260561 269.49529453537843
-0.21709999999999935 7.0 4.0 6.0 2.0 0.0 0.0 2.0 153.61 2.1705311642072718 802.5532181373549
-3.2054 4.0 0.0 0.0 0.0 0.0 0.0 0.0 86.25 0.0 53.68367439558379
3.4750000000000023 0.0 0.0 5.0 0.0 0.0 0.0 0.0 0.0 3.11409266486537 118.0
-0.47280000000000005 2.0 2.0 2.0 0.0 0.0 0.0 0.0 40.46 2.7343859935615478 34.81274391313339
1.1753999999999998 5.0 0.0 11.0 0.0 0.0 0.0 0.0 53.99 3.0844161230538156 214.94152779678768
-0.8693999999999988 6.0 2.0 3.0 0.0 1.0 2.0 2.0 109.93 2.2586237072249626 461.18439211606693
3.2117000000000013 1.0 1.0 8.0 0.0 0.0 0.0 0.0 37.3 2.86138733944056 110.40620687739315
1.6622999999999999 0.0 0.0 0.0 0.0 0.0 0.0 0.0 0.0 2.3237900077244498 4.754887502163469
1.8064 0.0 0.0 1.0 0.0 0.0 0.0 0.0 0.0 1.9747448713915894 2.0
1.0262 0.0 0.0 0.0 0.0 0.0 0.0 0.0 0.0 1.0 0.0
2.9579000000000013 1.0 0.0 3.0 0.0 1.0 3.0 3.0 17.07 2.050835295627111 249.85009144400766
1.0192999999999999 2.0 2.0 2.0 1.0 0.0 0.0 1.0 57.53 2.7362980721056545 250.54461008172765
1.7583 3.0 0.0 3.0 1.0 0.0 0.0 1.0 35.53 2.5375612644950314 276.7262618127396
-5.5033 0.0 1.0 0.0 0.0 0.0 0.0 0.0 36.5 -0.0 6.0
0.7029999999999998 5.0 2.0 1.0 2.0 0.0 0.0 2.0 90.71 2.521303589694852 419.9602312593866
3.320500000000002 2.0 0.0 2.0 0.0 1.0 1.0 1.0 26.3 2.359659049742371 229.41073293730346
3.8546000000000014 0.0 0.0 1.0 1.0 0.0 0.0 1.0 0.0 3.211310929132047 253.4345458787203
4.106120000000002 2.0 2.0 2.0 3.0 0.0 0.0 3.0 49.33 1.9794710192312177 824.3162038620292
1.1522 5.0 1.0 1.0 1.0 0.0 0.0 1.0 78.1 3.23123060519751 355.97775522887986
-1.4160000000000001 4.0 0.0 0.0 0.0 3.0 3.0 3.0 36.92 1.9897472253414756 63.494317557933364
8.452700000000007 1.0 0.0 21.0 0.0 0.0 0.0 0.0 20.310000000000002 3.511128153796721 342.3419783509676
3.320500000000002 2.0 0.0 2.0 0.0 2.0 2.0 2.0 26.3 2.1592743675639525 342.6445042962167
3.3001000000000023 2.0 0.0 8.0 0.0 0.0 0.0 0.0 26.3 2.8729187591669154 121.2586863990795
40.751839999999945 0.0 0.0 54.0 6.0 4.0 4.0 10.0 0.0 2.9995886216196826e-07 2772.2498084089534
16.475799999999964 0.0 0.0 12.0 7.0 0.0 0.0 7.0 0.0 1.8053760748192369e-07 1628.0208283899958
2.839800000000001 0.0 0.0 0.0 2.0 0.0 0.0 2.0 0.0 2.8880516016579914 271.01518240905483
2.8817000000000013 3.0 1.0 2.0 1.0 1.0 1.0 2.0 46.53 1.9953977722801715 367.1953853570545
3.308900000000002 0.0 0.0 1.0 0.0 0.0 1.0 1.0 0.0 2.495412226862891 162.8771237954945
3.242200000000002 2.0 0.0 7.0 0.0 0.0 0.0 0.0 26.3 3.3527241610357215 192.49841012019368
4.594400000000005 2.0 1.0 2.0 0.0 2.0 4.0 4.0 29.46 1.6121118600673956 517.8002857699712
2.8037000000000014 4.0 2.0 13.0 0.0 0.0 0.0 0.0 66.76 3.1839590366954367 206.32225504134138
2.6318 3.0 1.0 3.0 2.0 0.0 0.0 2.0 46.53 2.382869010605733 532.4185153473758
4.3742000000000045 1.0 0.0 1.0 0.0 2.0 3.0 3.0 17.07 2.149334590314391 442.52644523812154
1.8633 2.0 0.0 2.0 1.0 0.0 0.0 1.0 26.3 2.6930079504145 228.57786591623355
1.7038 1.0 1.0 3.0 1.0 0.0 0.0 1.0 37.3 2.453018743531937 228.5778659162335
2.878000000000001 1.0 0.0 4.0 0.0 0.0 0.0 0.0 17.07 3.6257596603687854 171.3117986128446
3.3260000000000023 1.0 0.0 5.0 0.0 1.0 1.0 1.0 17.07 2.022982494030426 139.93953880615516
3.594000000000003 1.0 0.0 4.0 0.0 0.0 0.0 0.0 17.07 4.397313867312246 205.16436636179586
2.6782000000000012 1.0 1.0 2.0 1.0 0.0 0.0 1.0 20.23 3.2178354020244417 286.92429328191577
1.6278 2.0 2.0 0.0 1.0 0.0 0.0 1.0 46.25 3.171678030440915 224.29788705001033
1.7834999999999999 2.0 1.0 3.0 1.0 0.0 0.0 1.0 46.53 2.780862288870475 263.60706625991145
-6.390000000000002 8.0 0.0 0.0 0.0 0.0 0.0 0.0 186.38 -7.999999970370371e-09 75.38992885097848
3.5944000000000003 1.0 1.0 0.0 1.0 0.0 0.0 1.0 26.02 3.292030545545625 311.994919021124
3.5328000000000026 2.0 1.0 4.0 2.0 0.0 1.0 3.0 15.27 1.9961712661354012 529.6358349258871
3.729300000000002 4.0 0.0 4.0 2.0 0.0 0.0 2.0 44.120000000000005 2.281223550397853 570.9210237184805
2.0902000000000007 2.0 2.0 8.0 0.0 0.0 0.0 0.0 40.46 2.901852426069751 83.9077646698008
2.791800000000001 1.0 0.0 2.0 0.0 1.0 1.0 1.0 17.07 2.4700357043729846 139.8082034586482
2.0690999999999997 4.0 0.0 4.0 1.0 0.0 0.0 1.0 52.6 2.9548027317406746 396.00527574751527
1.99502 0.0 0.0 0.0 1.0 0.0 0.0 1.0 0.0 3.0214653097240864 129.96566024533826
0.7039199999999999 8.0 1.0 4.0 2.0 0.0 1.0 3.0 138.79 2.999996751336934e-06 1190.8326565222305
3.655200000000003 2.0 1.0 0.0 0.0 3.0 4.0 4.0 37.3 1.704682463176863 545.7696078462164
3.341280000000002 1.0 0.0 3.0 1.0 0.0 0.0 1.0 23.79 2.7486300162092823 327.2483499978795
3.0244000000000018 0.0 0.0 5.0 0.0 0.0 0.0 0.0 0.0 2.53006045688352 31.509775004326936
2.540300000000001 2.0 0.0 2.0 0.0 2.0 3.0 3.0 26.3 1.7245030282357003 307.6578138422799
2.0853 1.0 0.0 2.0 1.0 0.0 0.0 1.0 9.23 2.61489994009295 157.4784207656209
2.873 8.0 0.0 6.0 2.0 0.0 0.0 2.0 96.60000000000001 2.5084448122570673 1197.2870832766007
2.694860000000001 9.0 0.0 3.0 3.0 0.0 0.0 3.0 171.59999999999997 4.7347825688336495e-07 1190.610941498677
1.7946 3.0 0.0 5.0 1.0 0.0 0.0 1.0 35.53 2.268439796540574 292.660770563408
-2.6198 0.0 1.0 0.0 0.0 0.0 0.0 0.0 36.5 0.0 2.0
-0.10479999999999862 4.0 4.0 5.0 0.0 1.0 1.0 1.0 98.66 3.1499998902333376e-07 177.4859352668405
0.19409999999999977 5.0 2.0 4.0 1.0 0.0 0.0 1.0 90.65 3.4831918015434837 484.52750703526135
-1.9048000000000005 2.0 5.0 0.0 0.0 0.0 0.0 0.0 146.87 0.0 114.65502203205361
-0.9762000000000002 1.0 2.0 0.0 0.0 0.0 0.0 0.0 69.11 2.8030394876740514 29.019550008653873
0.8561999999999999 1.0 2.0 0.0 2.0 0.0 0.0 2.0 48.65 3.007619546803024 362.89835341124046
-0.19005 0.0 0.0 0.0 0.0 0.0 0.0 0.0 99.5 -6.944444441872428e-09 73.43782579026443
1.8611 4.0 0.0 8.0 0.0 0.0 0.0 0.0 52.6 3.473591235414658 231.74437510817341
1.9222 1.0 1.0 0.0 1.0 0.0 0.0 1.0 26.02 3.077660437970554 168.38833891467198
2.908400000000001 2.0 0.0 1.0 0.0 2.0 2.0 2.0 26.3 1.857394993050245 212.36726887877518
8.203740000000005 1.0 1.0 14.0 1.0 0.0 0.0 1.0 20.23 2.045784385643052 463.40857385764144
1.7265 0.0 0.0 0.0 0.0 0.0 1.0 1.0 0.0 2.3238508690240813 38.0
2.8249000000000004 4.0 2.0 5.0 2.0 0.0 1.0 3.0 100.9 2.0632806671407455 859.6642015701933
-0.016699999999999826 2.0 2.0 0.0 0.0 0.0 0.0 0.0 74.6 0.0 90.7164928725825
2.1109999999999998 0.0 0.0 0.0 0.0 0.0 0.0 0.0 0.0 4.020391543176799 61.50977500432693
3.6582000000000026 1.0 0.0 6.0 0.0 0.0 0.0 0.0 17.07 3.6012994505983236 195.17001630580293
2.1681 2.0 0.0 2.0 1.0 0.0 0.0 1.0 26.3 2.6503977732748716 287.9667060215555
-0.3235000000000001 4.0 0.0 2.0 0.0 0.0 0.0 0.0 80.25999999999999 -1.7999999773125004e-07 230.59595362047995
2.4879000000000007 1.0 0.0 1.0 0.0 0.0 1.0 1.0 17.07 3.0952289656389746 231.2573321994735
4.0488000000000035 2.0 1.0 2.0 1.0 0.0 0.0 1.0 23.47 3.4787084336700778 412.30547357609953
3.5720000000000027 1.0 0.0 3.0 0.0 1.0 1.0 1.0 17.07 2.501356702851932 175.56349808388825
2.439500000000001 1.0 1.0 1.0 0.0 1.0 1.0 1.0 20.23 2.437159260034696 120.04118472439221
-2.6205999999999996 4.0 0.0 0.0 0.0 0.0 0.0 0.0 80.25999999999999 0.0 90.7164928725825
3.0124000000000013 2.0 2.0 2.0 2.0 0.0 0.0 2.0 38.05 2.155110851234288 392.42672290326925
2.695500000000001 1.0 0.0 3.0 1.0 0.0 0.0 1.0 20.310000000000002 2.7565293985710935 294.44985586192786
1.0764 2.0 0.0 3.0 0.0 0.0 0.0 0.0 18.46 3.763089869319169 78.49785513558373
0.18050000000000016 2.0 1.0 1.0 1.0 0.0 0.0 1.0 55.980000000000004 2.981454614041131 207.5576620543373
2.2149999999999994 6.0 6.0 2.0 2.0 0.0 0.0 2.0 139.12 3.317460287044029e-07 603.1717764855623
-8.055000000000014 12.0 1.0 5.0 3.0 0.0 1.0 4.0 213.05999999999997 2.406665406896974e-06 1821.9484329702354
2.0090399999999997 1.0 1.0 0.0 1.0 0.0 0.0 1.0 20.23 3.165670309917317 165.32984016148868
1.5704 6.0 0.0 10.0 0.0 0.0 0.0 0.0 78.9 4.872529374632145 364.06624200276315
2.6477000000000013 1.0 0.0 4.0 0.0 0.0 0.0 0.0 17.07 3.4443870603345483 91.29589375350571
2.4323000000000006 2.0 0.0 4.0 1.0 0.0 0.0 1.0 18.46 2.975326756105488 292.141794956603
1.3743 4.0 3.0 1.0 2.0 0.0 0.0 2.0 100.62 2.851898648979944 663.8185193123855
1.7562000000000002 9.0 0.0 4.0 3.0 0.0 0.0 3.0 162.17999999999998 2.8033303353005454e-06 1272.3406604754432
3.357000000000002 4.0 0.0 7.0 0.0 0.0 1.0 1.0 52.6 2.715815598281801 357.157075007448
2.5287000000000006 0.0 0.0 1.0 0.0 0.0 1.0 1.0 0.0 2.3714157955008357 100.60593781761293
-1.1566000000000003 15.0 8.0 7.0 2.0 2.0 3.0 5.0 234.28999999999996 1.3039965777101095 1319.3038683813043
5.310500000000006 3.0 2.0 20.0 0.0 0.0 0.0 0.0 43.7 3.232520543937487 262.7528342511749
4.557300000000004 6.0 0.0 12.0 1.0 0.0 0.0 1.0 78.90000000000002 3.0087265310995903 623.0978890494772
3.0372000000000012 7.0 1.0 5.0 3.0 1.0 1.0 4.0 66.53 1.4331462555849939 998.9319320169533
0.9837999999999998 5.0 0.0 8.0 0.0 0.0 0.0 0.0 53.99000000000001 3.808771305633729 194.4147221602608
3.5095000000000023 1.0 1.0 9.0 0.0 0.0 0.0 0.0 20.23 2.72724281291869 61.404364101390854
-3.1396 2.0 0.0 0.0 0.0 0.0 0.0 0.0 46.12 0.0 6.0
2.9304000000000014 2.0 0.0 2.0 0.0 2.0 2.0 2.0 26.3 2.1860629445674684 305.6578138422799
3.3976000000000015 3.0 0.0 1.0 3.0 0.0 1.0 4.0 47.03 1.8649637073068857 863.3687317678382
4.086100000000004 4.0 0.0 7.0 0.0 0.0 0.0 0.0 44.760000000000005 3.7322327644653677 207.95522693971725
3.6098000000000026 2.0 0.0 4.0 0.0 2.0 2.0 2.0 18.46 2.125017941958907 173.79880014551497
3.320500000000002 2.0 0.0 2.0 0.0 1.0 1.0 1.0 26.3 2.5571474595925494 265.7095182335194
2.2542 2.0 1.0 2.0 1.0 0.0 0.0 1.0 43.09 2.168571397154082e-07 196.253369807243
5.311900000000005 4.0 0.0 20.0 0.0 0.0 0.0 0.0 80.25999999999999 -4.5066664846666747e-07 302.84234884139187
4.005100000000004 6.0 6.0 26.0 0.0 0.0 0.0 0.0 125.42999999999999 0.0 349.5739446703817
2.9053000000000018 3.0 1.0 5.0 1.0 0.0 0.0 1.0 46.53 2.4144167341440093 369.19538535705436
2.6477000000000013 1.0 0.0 1.0 0.0 1.0 1.0 1.0 17.07 2.5076939164331398 148.9517669080599
1.0796 5.0 1.0 3.0 1.0 0.0 0.0 1.0 106.74000000000001 3.35771253075613 467.0670566154368
2.611860000000001 0.0 0.0 0.0 1.0 0.0 0.0 1.0 0.0 3.165670309917317 160.80051514850786
3.2406000000000024 2.0 0.0 6.0 0.0 0.0 0.0 0.0 26.3 3.808919296563424 226.47622838888884
2.5566200000000006 2.0 0.0 1.0 1.0 0.0 0.0 1.0 43.14 3.1515496683060507 298.492089776386
3.9581000000000017 0.0 0.0 17.0 0.0 0.0 0.0 0.0 0.0 0.0 210.377334085253
2.5184000000000006 1.0 0.0 6.0 0.0 0.0 0.0 0.0 3.24 3.2950821163049606 47.48394345536403
0.16199999999999998 1.0 1.0 0.0 0.0 0.0 0.0 0.0 35.0 0.0 0.0
2.771200000000001 4.0 2.0 7.0 0.0 2.0 2.0 2.0 98.82 1.498076736516945 504.3237759890967
2.6218000000000012 2.0 0.0 5.0 0.0 0.0 0.0 0.0 26.3 3.3197808606558676 127.80026905978025
2.9753000000000016 1.0 1.0 7.0 0.0 0.0 0.0 0.0 20.23 3.203898482222308 71.27302875388389
2.6362000000000005 2.0 2.0 3.0 2.0 0.0 0.0 2.0 52.04 1.9660146345787246 397.66648704843345
0.8681999999999999 3.0 0.0 1.0 1.0 0.0 0.0 1.0 39.19 2.8526279288191434 220.30753299614886
-2.5033999999999996 4.0 4.0 3.0 0.0 0.0 0.0 0.0 115.06 0.0 138.66127285260657
2.6823000000000006 1.0 1.0 1.0 1.0 0.0 0.0 1.0 37.3 3.0087408289185604 303.8573181770073
-2.9985 0.0 0.0 0.0 0.0 0.0 0.0 0.0 0.0 0.0 2.0
-4.761 4.0 0.0 0.0 0.0 0.0 0.0 0.0 92.24 0.0 23.019550008653873
1.6687000000000003 3.0 2.0 1.0 2.0 0.0 0.0 2.0 80.39 2.8146550093014846 619.6001475530923
1.8137999999999999 0.0 0.0 0.0 0.0 0.0 0.0 0.0 0.0 3.541196965079901 51.5907190016011
2.0090399999999997 1.0 1.0 0.0 1.0 0.0 0.0 1.0 20.23 3.2478347337367026 195.55766205433733
3.1984000000000004 2.0 1.0 0.0 2.0 0.0 0.0 2.0 33.120000000000005 2.9668729339241464 472.3665095200525
3.4761000000000024 3.0 0.0 6.0 0.0 0.0 0.0 0.0 35.53 3.9350599417117014 181.79647817569145
2.5036000000000005 1.0 0.0 1.0 0.0 3.0 3.0 3.0 17.07 2.163484667672594 207.0496521822662
2.3901000000000003 1.0 1.0 3.0 1.0 0.0 0.0 1.0 20.23 2.4419972385383093 220.50947032352076
1.5200999999999998 4.0 0.0 2.0 1.0 0.0 0.0 1.0 69.44 2.809454194164694 330.5021927396972
2.6354000000000006 2.0 0.0 1.0 2.0 0.0 0.0 2.0 30.21 2.6972540609797386 393.0861294011406
-2.1687999999999996 3.0 2.0 1.0 1.0 0.0 0.0 1.0 91.00999999999999 1.4399996774000746e-06 319.64640347552717
3.378800000000002 2.0 1.0 4.0 0.0 1.0 1.0 1.0 29.46 2.474073272843526 195.40224730690767
2.9368000000000007 2.0 1.0 2.0 0.0 1.0 1.0 1.0 29.46 2.5011809843720236 133.80026905978025
2.3171999999999997 4.0 2.0 3.0 1.0 0.0 0.0 1.0 78.34 2.843280331678351 381.96619044899546
2.5645000000000007 2.0 1.0 2.0 1.0 1.0 1.0 2.0 37.3 2.197389223945927 336.81340252969113
-5.117099999999997 2.0 2.0 2.0 1.0 0.0 0.0 1.0 38.05 -1.0124999593593768e-07 175.40332763407105
4.028600000000002 7.0 2.0 7.0 5.0 0.0 0.0 5.0 118.81 1.5251377806690443 1424.913779430258
1.8318000000000003 3.0 0.0 0.0 1.0 0.0 0.0 1.0 38.67 3.165670309917317 175.06517765499825
5.377000000000006 4.0 2.0 3.0 2.0 0.0 0.0 2.0 58.92 2.877180826125157 738.8577898520662
-1.5231999999999979 7.0 1.0 3.0 1.0 2.0 2.0 3.0 122.46000000000001 2.097498683882936 684.5109353405426
1.2792 1.0 0.0 2.0 1.0 0.0 0.0 1.0 20.310000000000002 2.8420150159808886 207.75739299455702
-0.23779999999999984 5.0 3.0 2.0 1.0 0.0 0.0 1.0 134.76 3.5736560953504455 588.0481762992183
2.439500000000001 1.0 1.0 1.0 0.0 1.0 1.0 1.0 20.23 2.437159260034696 120.04118472439221
1.3015999999999999 4.0 1.0 3.0 1.0 0.0 0.0 1.0 89.66999999999999 3.2744144453933877 387.31807060082883
3.863400000000003 2.0 0.0 0.0 0.0 3.0 4.0 4.0 34.14 1.7204141031770945 584.3737738095996
2.8184000000000013 2.0 0.0 3.0 1.0 0.0 0.0 1.0 26.3 2.3167486080633783 309.0578797466404
2.518300000000001 2.0 0.0 2.0 0.0 1.0 1.0 1.0 26.3 2.288661508909127 147.9175691117035
3.8822000000000036 1.0 0.0 3.0 0.0 0.0 1.0 1.0 17.07 2.7452307482915366 258.40912820819807
1.0044000000000004 0.0 0.0 4.0 3.0 0.0 0.0 3.0 0.0 1.7633322772506531e-06 584.0085832964396
4.348840000000004 3.0 1.0 8.0 3.0 0.0 0.0 3.0 69.22999999999999 3.5731477943970845e-07 1009.2728455685751
1.559 1.0 1.0 4.0 0.0 0.0 0.0 0.0 20.23 2.447472887876344 23.360990398949916
2.439500000000001 1.0 1.0 1.0 0.0 1.0 1.0 1.0 20.23 2.437159260034696 120.04118472439221
3.592780000000002 1.0 0.0 4.0 0.0 0.0 0.0 0.0 23.79 3.716287221385498 215.64883668805294
3.052500000000002 2.0 0.0 5.0 0.0 1.0 1.0 1.0 26.3 2.160330979024147 176.9290923263184
1.4313 1.0 0.0 0.0 0.0 0.0 0.0 0.0 9.23 3.168489872670569 33.69332843436965
-2.9148999999999985 6.0 1.0 2.0 1.0 0.0 0.0 1.0 126.36000000000001 1.9599994255335073e-06 486.29566300576977
3.6098000000000026 1.0 1.0 0.0 0.0 4.0 4.0 4.0 20.23 2.1292894147623307 321.3966410658722
33.96896000000007 0.0 0.0 15.0 16.0 1.0 1.0 17.0 0.0 1.8500023126372754e-07 4995.820440212791
2.9764000000000017 1.0 1.0 4.0 2.0 0.0 0.0 2.0 12.03 1.8095807579695855 341.09815896246135
1.26632 2.0 1.0 0.0 2.0 0.0 0.0 2.0 41.57 2.950090305322589 350.378705924098
0.12929999999999997 6.0 3.0 2.0 1.0 0.0 0.0 1.0 143.76000000000002 3.5947539886334807 522.6688113613134
-11.58420000000004 28.0 8.0 24.0 6.0 0.0 0.0 6.0 441.65999999999997 4.9408250054770915e-06 3181.666312394562
1.2597999999999998 4.0 0.0 2.0 1.0 0.0 0.0 1.0 52.60000000000001 3.153839931025287 321.8945603891669
1.9077900000000012 3.0 0.0 6.0 3.0 0.0 0.0 3.0 9.72 2.9999965560041325e-06 760.4230567914224
2.6624000000000008 2.0 0.0 4.0 0.0 1.0 1.0 1.0 26.3 2.097727745725677 142.77400566229178
1.0710000000000002 3.0 0.0 3.0 0.0 0.0 0.0 0.0 43.370000000000005 3.9371870161791196 184.967556752381
-0.5804 7.0 0.0 8.0 0.0 0.0 0.0 0.0 113.97000000000003 2.9961049979124525 153.87547739228722
0.22759999999999958 2.0 2.0 2.0 2.0 0.0 0.0 2.0 40.46 2.442186510719565 384.3898117677986
2.910000000000001 2.0 0.0 7.0 0.0 0.0 0.0 0.0 26.3 3.0837207939517115 110.40620687739316
1.3168 4.0 0.0 4.0 1.0 0.0 2.0 3.0 74.76 1.7383246128906031 769.9254448410971
-3.5163 4.0 0.0 0.0 0.0 0.0 0.0 0.0 80.25999999999999 0.0 75.69058447171099
3.1997000000000018 2.0 0.0 5.0 1.0 0.0 0.0 1.0 26.3 2.2820220355887875 314.5676547509674
0.8420000000000001 5.0 1.0 2.0 1.0 0.0 0.0 1.0 78.62 3.0826276535835366 400.40890374142333
4.112000000000003 1.0 1.0 10.0 0.0 0.0 0.0 0.0 26.02 3.1539823050073923 101.40868524464067
3.0566000000000013 2.0 2.0 11.0 0.0 0.0 0.0 0.0 74.6 2.9847083013580864 179.19544121138722
3.7703000000000033 1.0 0.0 0.0 0.0 4.0 4.0 4.0 12.53 1.934409286311033 369.63124116971875
4.877200000000005 2.0 1.0 10.0 0.0 0.0 0.0 0.0 20.23 3.0401683284797585 160.79497987365733
3.991900000000002 1.0 1.0 10.0 0.0 0.0 0.0 0.0 37.3 2.884064614706359 132.28341890015258
4.2668000000000035 6.0 2.0 8.0 4.0 0.0 0.0 4.0 92.51 1.6211679783418802 1105.3755176033308
-0.3564 0.0 0.0 0.0 0.0 0.0 0.0 0.0 85.5 -0.0 4.854752972273344
2.675800000000001 3.0 1.0 7.0 0.0 0.0 0.0 0.0 26.3 3.5228324986330612 136.88643538696058
3.374200000000002 0.0 0.0 2.0 1.0 0.0 0.0 1.0 0.0 2.9284445313943723 208.73973650167846
3.9841000000000033 1.0 0.0 4.0 0.0 0.0 1.0 1.0 17.07 2.740845336614066 250.06431514214864
2.9987000000000013 0.0 0.0 0.0 0.0 2.0 2.0 2.0 0.0 2.3367677527130697 176.47733175670794
4.128200000000004 1.0 0.0 3.0 0.0 1.0 2.0 2.0 17.07 1.8344181263922255 289.8100768023834
3.3001000000000023 2.0 0.0 8.0 0.0 0.0 0.0 0.0 26.3 2.951096443012517 121.2586863990795
-7.341000000000001 9.0 0.0 0.0 0.0 0.0 0.0 0.0 189.57 -2.699999991e-08 115.6067314326046
4.910800000000005 1.0 0.0 12.0 0.0 0.0 0.0 0.0 23.550000000000004 4.539321073402677 193.02989363110697
4.263900000000004 1.0 0.0 1.0 0.0 3.0 3.0 3.0 9.23 2.0431028875845927 334.4168801789137
4.306100000000004 1.0 0.0 1.0 0.0 1.0 1.0 1.0 9.23 2.166172108107462 110.40397044122784
4.184000000000004 1.0 0.0 2.0 0.0 2.0 2.0 2.0 9.23 2.2262834953579964 291.8100768023833
3.6212000000000026 4.0 0.0 4.0 0.0 0.0 0.0 0.0 6.48 4.041784405967148 200.8589190857419
3.8394400000000024 3.0 1.0 1.0 3.0 0.0 1.0 4.0 63.4 2.005101312004899 1014.9834501141484
3.6670200000000026 1.0 0.0 1.0 1.0 0.0 0.0 1.0 23.79 3.2692304702845068 379.3224814317526
13.981799999999971 6.0 0.0 12.0 6.0 2.0 2.0 8.0 55.38000000000001 0.9708241460082828 2210.512973389878
1.7234 2.0 1.0 0.0 2.0 0.0 1.0 3.0 46.17 2.5596903090526832 552.8436506031799
3.0086000000000013 1.0 0.0 6.0 0.0 0.0 0.0 0.0 17.07 3.0863484262353005 81.25838096618139
5.032800000000004 4.0 0.0 16.0 0.0 0.0 0.0 0.0 80.25999999999999 -3.503157850291247e-07 315.7723607190498
1.8821999999999999 2.0 0.0 0.0 0.0 2.0 2.0 2.0 26.3 1.9825679984116522 164.94566830288574
1.78162 2.0 0.0 1.0 1.0 0.0 0.0 1.0 26.3 2.8953480359887567 248.77017257091032
3.159200000000002 2.0 0.0 2.0 1.0 1.0 1.0 2.0 18.46 1.9992235714261766 331.84839499722
0.851 2.0 2.0 0.0 1.0 0.0 0.0 1.0 52.04 3.134861511345448 162.63833891467198
0.11869999999999997 3.0 1.0 0.0 1.0 0.0 1.0 2.0 63.24 2.8283976971285636 449.4742221869951
-2.5146799999999985 4.0 1.0 1.0 1.0 0.0 0.0 1.0 83.22 1.4399996808000729e-06 402.19872367178954
3.3624800000000024 1.0 0.0 5.0 0.0 0.0 0.0 0.0 23.79 3.183499102135699 121.3246918518097
-2.9989 4.0 0.0 0.0 0.0 0.0 0.0 0.0 80.25999999999999 0.0 90.7164928725825
2.7722000000000016 4.0 0.0 2.0 1.0 2.0 2.0 3.0 74.76 1.8053231337768807 671.026295724208
4.048300000000003 1.0 0.0 6.0 0.0 0.0 0.0 0.0 17.07 3.670448527133007 229.62011791630908
2.2959000000000005 2.0 0.0 6.0 0.0 0.0 0.0 0.0 26.3 3.1510083529427266 118.731140660285
-2.8371999999999993 6.0 1.0 2.0 1.0 0.0 0.0 1.0 135.36 1.9599994213335105e-06 421.4735477435591
3.027400000000002 1.0 0.0 4.0 1.0 0.0 0.0 1.0 17.07 2.6111712506381335 281.48114931490306
3.8911000000000033 2.0 0.0 5.0 0.0 0.0 0.0 0.0 26.3 5.132522351816899 210.0021809033928
1.6698 4.0 0.0 5.0 0.0 0.0 0.0 0.0 52.60000000000001 3.613952245988637 174.29867917997393
0.0505199999999999 8.0 1.0 4.0 2.0 0.0 1.0 3.0 138.79 2.8033304522669224e-06 1138.5148745463796
1.7437000000000007 4.0 2.0 3.0 3.0 0.0 0.0 3.0 70.97 2.2533314616238387e-06 915.0956774452019
0.03400000000000014 1.0 1.0 0.0 0.0 0.0 0.0 0.0 43.09 3.7911184170869663 85.42592196522058
3.1819000000000015 1.0 0.0 2.0 0.0 1.0 1.0 1.0 17.07 2.4883693892245673 159.84292599913812
1.30672 4.0 0.0 2.0 1.0 0.0 0.0 1.0 77.28 3.4165333761642867 478.1146884592122
2.1332000000000004 2.0 0.0 4.0 0.0 0.0 0.0 0.0 26.3 3.2689731533358644 174.01293830999776
3.119400000000002 1.0 1.0 8.0 0.0 0.0 0.0 0.0 20.23 2.6909155266923976 53.89311688209828
3.3260000000000014 1.0 0.0 3.0 3.0 0.0 0.0 3.0 17.07 2.272149038700854 617.7209195571577
2.3571999999999997 2.0 0.0 2.0 1.0 0.0 0.0 1.0 18.46 2.9929629518415926 247.8474159248874
2.2108999999999996 2.0 1.0 3.0 2.0 0.0 0.0 2.0 29.46 2.3152099416715273 423.34617259576413
2.8655000000000017 1.0 0.0 4.0 1.0 0.0 0.0 1.0 9.23 2.2758012873675093 181.32408233692004
2.7170000000000005 5.0 0.0 8.0 2.0 0.0 0.0 2.0 61.830000000000005 1.529201718235942 554.3237759453147
5.962300000000004 2.0 2.0 19.0 0.0 0.0 0.0 0.0 38.05 3.0230693397579023 225.88145914557288
3.6468000000000007 0.0 0.0 0.0 1.0 0.0 0.0 1.0 0.0 3.1716780304409156 219.54299954784685
1.82342 3.0 1.0 3.0 1.0 0.0 0.0 1.0 42.35000000000001 2.7753164010557625 338.6196085630034
0.26260000000000006 1.0 0.0 0.0 0.0 0.0 0.0 0.0 9.23 1.6329931618554523 2.7548875021634682
1.8101999999999998 4.0 1.0 5.0 1.0 0.0 0.0 1.0 64.99000000000001 3.2179156762590817 411.51728308500077
-1.274 4.0 0.0 0.0 0.0 0.0 0.0 0.0 80.25999999999999 -3.999999981250001e-08 30.671034463057104
2.556400000000001 0.0 0.0 3.0 0.0 0.0 0.0 0.0 0.0 2.3390923149762908 17.509775004326936
2.5654000000000003 0.0 0.0 0.0 1.0 0.0 1.0 2.0 0.0 2.414292094177304 200.23484899951498
3.2334000000000023 4.0 0.0 11.0 0.0 0.0 0.0 0.0 52.60000000000001 3.3233194240262938 201.83388115177073
4.392160000000003 3.0 0.0 5.0 2.0 0.0 0.0 2.0 43.370000000000005 2.6010201085760345 712.2475302284902
2.998120000000001 1.0 1.0 0.0 1.0 0.0 0.0 1.0 20.23 3.189211511901671 281.54585362509573
1.168 6.0 0.0 3.0 1.0 0.0 0.0 1.0 95.74000000000001 3.3153231565482364 481.68450876062195
-2.490099999999999 4.0 0.0 0.0 0.0 0.0 0.0 0.0 80.25999999999999 -7.199999951999999e-08 70.56842503028855
2.0052 4.0 0.0 9.0 0.0 0.0 0.0 0.0 52.6 3.1530770852631704 219.40331533468293
3.215300000000002 1.0 0.0 8.0 0.0 0.0 0.0 0.0 20.310000000000002 3.0958455805317366 143.25715550266415
3.6842000000000015 3.0 1.0 2.0 2.0 0.0 0.0 2.0 50.739999999999995 2.1529892819390977 446.0532648827137
2.8924800000000017 1.0 0.0 1.0 0.0 0.0 1.0 1.0 23.79 2.71540649332552 217.51750134054595
2.998120000000001 1.0 1.0 0.0 1.0 0.0 0.0 1.0 20.23 3.231425013090014 281.54585362509573
-1.1126999999999976 0.0 0.0 1.0 1.0 0.0 0.0 1.0 0.0 9.99999827000031e-07 200.55275983338595
5.818600000000007 3.0 0.0 2.0 0.0 3.0 4.0 4.0 35.53 1.8458873953382263e-07 504.6104861877185
1.5659999999999998 6.0 0.0 9.0 1.0 0.0 0.0 1.0 66.36 2.829276282059777 346.7764449018369
1.2612 1.0 1.0 3.0 0.0 0.0 0.0 0.0 37.3 2.8219389370591843 59.10049400592805
2.2460000000000004 1.0 1.0 3.0 1.0 0.0 0.0 1.0 20.23 2.52667600839138 215.70553870532206
1.919 4.0 0.0 7.0 0.0 0.0 0.0 0.0 52.60000000000001 4.278065309404908 182.76460234915862
3.613700000000003 3.0 1.0 12.0 0.0 0.0 1.0 1.0 35.83 1.9026512205593906 240.9034322441643
3.3588000000000013 0.0 0.0 0.0 1.0 0.0 0.0 1.0 0.0 2.993754788259927 236.8577532761268
2.764800000000001 2.0 2.0 1.0 2.0 0.0 0.0 2.0 40.46 2.396509039726096 371.5796467381504
3.3980000000000024 2.0 0.0 4.0 0.0 1.0 1.0 1.0 18.46 2.1700073192128397 166.49841012019368
3.850900000000003 3.0 0.0 0.0 0.0 1.0 1.0 1.0 35.53 2.113694135690367 183.91539480971147
7.903900000000008 0.0 0.0 16.0 0.0 0.0 0.0 0.0 0.0 3.1014700581726964 161.42124551085624
-0.40399999999999986 2.0 2.0 0.0 0.0 0.0 0.0 0.0 110.9 3.668626461933803 122.97373660251154
3.987200000000003 1.0 1.0 0.0 1.0 0.0 0.0 1.0 20.23 3.2993579461545743 350.58194170955596
3.361600000000002 1.0 0.0 3.0 1.0 0.0 0.0 1.0 17.07 2.768132115506002 316.1870914248574
2.529700000000001 3.0 2.0 3.0 2.0 0.0 0.0 2.0 64.35 2.1681398584185176 552.9753791161851
-0.03751 0.0 0.0 0.0 0.0 0.0 0.0 0.0 19.9 3.0 6.754887502163469
2.4138 0.0 0.0 1.0 0.0 0.0 0.0 0.0 0.0 3.168489872670569 33.69332843436965
-0.31528 6.0 0.0 7.0 0.0 0.0 0.0 0.0 101.63999999999999 4.065699413638532 281.4664441333382
2.573500000000001 3.0 0.0 2.0 1.0 0.0 0.0 1.0 35.53 2.523434610495391 298.05872454975145
1.2714 0.0 0.0 0.0 0.0 0.0 0.0 0.0 0.0 2.3237900077244498 8.75488750216347
2.973700000000002 1.0 1.0 5.0 0.0 0.0 0.0 0.0 20.23 3.376278757117517 95.04589952780505
2.23409 2.0 2.0 1.0 2.0 0.0 0.0 2.0 40.81 2.742606371299562 457.2709542723538
1.9011 0.0 0.0 0.0 0.0 0.0 0.0 0.0 0.0 3.0237157840738176 22.364527976600282
12.44509999999998 8.0 0.0 28.0 0.0 0.0 0.0 0.0 36.92 -7.272726872190105e-07 581.7531357226419
2.3950000000000005 4.0 0.0 6.0 2.0 2.0 2.0 4.0 43.519999999999996 1.5369391089183113 616.9030237837436
2.852100000000001 2.0 0.0 6.0 0.0 0.0 0.0 0.0 26.3 3.6012994505983236 198.13581850944652
-6.540799999999996 4.0 0.0 0.0 0.0 0.0 0.0 0.0 206.26 -2.222222212037037e-09 100.90004630262521
3.760100000000003 1.0 0.0 2.0 0.0 0.0 1.0 1.0 17.07 2.9635039500418134 307.3003900253213
2.08 2.0 0.0 4.0 0.0 1.0 1.0 1.0 18.46 2.179610751888058 109.09616281328597
1.5148000000000006 6.0 4.0 4.0 2.0 0.0 0.0 2.0 160.78 2.586773510100684 943.725349530695
4.323520000000002 2.0 2.0 0.0 4.0 0.0 0.0 4.0 59.78 1.5999999783240743e-07 969.0023064453073
1.057 2.0 2.0 4.0 1.0 0.0 0.0 1.0 74.6 2.759325797670845 360.3345205930412
3.1355000000000013 1.0 0.0 4.0 2.0 0.0 0.0 2.0 17.07 1.9521941477943936 407.1762620527603
2.04296 4.0 0.0 2.0 0.0 0.0 0.0 0.0 72.3 4.502454436161649 233.7628977173992
1.7617 2.0 0.0 4.0 0.0 0.0 0.0 0.0 26.3 3.3441326792281494 118.42599881712917
2.949700000000001 2.0 0.0 0.0 2.0 0.0 0.0 2.0 12.89 2.876510166944625 322.1335934262614
1.37912 5.0 3.0 2.0 1.0 1.0 1.0 2.0 88.48 3.989999644296944e-07 434.8074841091304
3.5416000000000007 1.0 0.0 0.0 2.0 0.0 0.0 2.0 12.89 2.8630257936849905 425.7980911891212
0.5155000000000001 3.0 2.0 1.0 1.0 0.0 0.0 1.0 80.39 3.3721948109608206 357.84507449357193
0.24507999999999996 6.0 0.0 4.0 0.0 0.0 0.0 0.0 114.39999999999998 -6.394736806944469e-08 263.02237498065745
1.5724999999999998 3.0 1.0 2.0 1.0 0.0 0.0 1.0 63.24 2.951896247179317 438.159125541551
3.1544000000000016 2.0 0.0 2.0 0.0 1.0 1.0 1.0 26.3 2.6507061427510767 208.36726887877518
1.2597999999999998 4.0 0.0 2.0 1.0 0.0 0.0 1.0 52.60000000000001 2.8864821283777804 304.64456038916694
3.7161000000000026 1.0 0.0 6.0 0.0 1.0 1.0 1.0 17.07 1.9577733884568045 151.2034663791036
2.972500000000001 2.0 0.0 4.0 2.0 0.0 0.0 2.0 26.3 1.8256631842294238 462.79519750366035
1.4126 3.0 0.0 0.0 0.0 0.0 0.0 0.0 6.48 3.8624101150224392 147.2103308093761
2.7513000000000014 1.0 1.0 5.0 0.0 0.0 0.0 0.0 20.23 3.3063817487883043 112.04118472439221
2.9579000000000013 1.0 0.0 4.0 0.0 0.0 0.0 0.0 17.07 3.7811047771060875 152.2557123669929
1.1323400000000001 3.0 2.0 1.0 1.0 0.0 0.0 1.0 80.39 3.5578708456539703 436.9475157016673
1.7481 1.0 0.0 0.0 1.0 0.0 0.0 1.0 0.0 3.1250000000000004 60.12481811269772
3.423700000000002 2.0 2.0 2.0 2.0 0.0 0.0 2.0 40.46 2.412580781491558 447.94995845416787
1.5554999999999999 1.0 0.0 0.0 0.0 0.0 0.0 0.0 17.07 3.4459912135188393 54.303762523798156
1.0248 1.0 1.0 2.0 0.0 0.0 0.0 0.0 20.23 2.7541847860376616 23.11941547876375
1.0248 1.0 1.0 2.0 0.0 0.0 0.0 0.0 20.23 2.6272148478988635 25.11941547876375
-9.50760000000002 18.0 2.0 9.0 4.0 0.0 1.0 5.0 324.08 3.7812470248318632e-06 2745.9553253364134
2.2963000000000005 2.0 0.0 0.0 2.0 0.0 0.0 2.0 12.89 2.954659790285104 282.89393676634353
1.293 3.0 1.0 2.0 1.0 0.0 0.0 1.0 80.44 3.121805775248301 304.683190204761
-0.2401 2.0 0.0 0.0 0.0 0.0 0.0 0.0 34.14 3.2659863237109046 23.774437510817343
0.4813 3.0 1.0 0.0 2.0 0.0 0.0 2.0 63.07 3.0939322696636298 523.3042779533675
2.602900000000001 2.0 1.0 3.0 2.0 0.0 0.0 2.0 37.3 2.2393989303204465 462.6087192277259
2.3392000000000013 1.0 1.0 6.0 0.0 0.0 0.0 0.0 20.23 2.595082706793886 37.832293921787276
-0.6184000000000001 2.0 0.0 0.0 0.0 0.0 0.0 0.0 34.14 3.2659863237109046 23.774437510817343
1.6615 5.0 1.0 3.0 1.0 0.0 0.0 1.0 74.44 2.9314149827025315 428.23471678603164
3.2406000000000024 2.0 0.0 5.0 0.0 0.0 0.0 0.0 26.3 4.187563022426478 236.70628424348942
3.987200000000003 1.0 1.0 0.0 1.0 0.0 0.0 1.0 20.23 3.368901573147506 318.331941709556
-1.1566000000000003 15.0 8.0 7.0 2.0 2.0 3.0 5.0 234.28999999999996 1.412716325220649 1319.3038683813043
-7.341000000000001 9.0 0.0 0.0 0.0 0.0 0.0 0.0 189.57 -2.699999991e-08 115.6067314326046
2.765900000000001 2.0 0.0 6.0 0.0 0.0 0.0 0.0 26.3 3.4534663383425372 121.00698692803581
3.8966800000000035 1.0 0.0 7.0 0.0 0.0 0.0 0.0 23.79 2.9639246608116006 123.45602719931667
2.24488 7.0 1.0 4.0 1.0 0.0 1.0 2.0 128.7 2.489053844020201 884.3981770720477
2.9987000000000013 0.0 0.0 4.0 0.0 0.0 0.0 0.0 0.0 2.814002148389726 53.05865002596163
2.615900000000001 1.0 1.0 2.0 1.0 0.0 1.0 2.0 29.1 2.391449750223496 389.95354262422865
3.2666000000000013 6.0 0.0 17.0 0.0 0.0 0.0 0.0 71.06 3.314723362506585 275.8841107235303
3.8384000000000027 0.0 0.0 2.0 2.0 0.0 0.0 2.0 0.0 2.2962461305928525 335.79776893714006
3.585820000000002 0.0 0.0 2.0 2.0 0.0 0.0 2.0 0.0 2.2369588843757167 401.3933040031167
-7.341000000000001 9.0 0.0 0.0 0.0 0.0 0.0 0.0 189.57 -2.699999991e-08 115.6067314326046
4.0191000000000034 4.0 0.0 2.0 0.0 3.0 4.0 4.0 60.440000000000005 1.6618878892044129 692.2558168863451
4.5702000000000025 4.0 4.0 6.0 3.0 0.0 0.0 3.0 98.66 2.0645203449238503 861.534822599755
3.443200000000002 2.0 0.0 4.0 2.0 0.0 0.0 2.0 26.3 1.8435520044760814 515.3079284873783
2.498900000000001 3.0 1.0 2.0 3.0 0.0 0.0 3.0 58.64 2.1457679892910444 675.347524670074
-0.3564 0.0 0.0 0.0 0.0 0.0 0.0 0.0 85.5 -0.0 4.854752972273344
3.876700000000003 2.0 0.0 6.0 0.0 0.0 0.0 0.0 26.3 4.367265668690333 272.4599288085927
4.766160000000004 2.0 0.0 4.0 3.0 0.0 0.0 3.0 34.14 2.274162133336069 893.3272097194056
5.531800000000006 4.0 0.0 14.0 0.0 0.0 0.0 0.0 52.6 4.339494107981307 342.09233896986063
-0.9797999999999999 0.0 0.0 0.0 0.0 0.0 0.0 0.0 142.5 -0.0 12.39035952556319
2.7879000000000014 2.0 0.0 3.0 0.0 1.0 1.0 1.0 26.3 2.6588530245812474 259.49529453537843
1.9459999999999997 4.0 2.0 4.0 2.0 0.0 0.0 2.0 115.33000000000001 2.0983046308669966 693.1639887493035
4.410500000000004 1.0 0.0 1.0 1.0 0.0 1.0 2.0 17.07 2.710745229436513 501.07675664304514
3.162020000000001 6.0 2.0 4.0 3.0 0.0 1.0 4.0 115.55999999999999 1.9270899693986667 1312.0997159241608
2.6682200000000025 8.0 0.0 4.0 3.0 0.0 0.0 3.0 145.10999999999999 2.2499988551255974e-06 1267.2565699844195
5.187040000000003 4.0 4.0 6.0 3.0 0.0 0.0 3.0 98.66 2.039065666766881 940.4024446506246
4.468300000000003 4.0 2.0 4.0 3.0 0.0 0.0 3.0 67.79 1.9863303805503023 955.5521119106772
3.3221000000000016 2.0 0.0 7.0 0.0 0.0 0.0 0.0 26.3 3.7146588415887125 184.76075065686052
3.441600000000002 0.0 0.0 5.0 0.0 0.0 0.0 0.0 0.0 3.0922461946023914 48.52932501298081
1.6199999999999999 3.0 3.0 3.0 2.0 0.0 0.0 2.0 98.21 2.10094264836283 603.5931327965329
4.535700000000005 1.0 1.0 10.0 0.0 0.0 0.0 0.0 20.23 0.0 71.30474818299281
3.5656000000000025 4.0 0.0 13.0 0.0 0.0 0.0 0.0 52.6 3.0947974740207425 266.85199763425834
4.205100000000003 2.0 1.0 0.0 0.0 4.0 4.0 4.0 37.3 1.671256444682695 486.09891615235574
4.813200000000005 3.0 2.0 0.0 0.0 3.0 3.0 3.0 50.36 1.7764980843311697 484.27163701889305
4.767400000000005 1.0 1.0 4.0 1.0 0.0 0.0 1.0 20.23 3.2956344601056498 388.51169405742496
9.033500000000005 9.0 0.0 27.0 0.0 0.0 0.0 0.0 78.90000000000002 5.023957941737601 608.4214831345325
1.7538 5.0 0.0 6.0 0.0 0.0 0.0 0.0 61.830000000000005 2.9961049979124525 154.40754636792667
-10.5414 12.0 0.0 0.0 0.0 0.0 0.0 0.0 240.77999999999997 -5.3571428295918366e-08 281.0851869626513
2.9712000000000005 2.0 1.0 3.0 2.0 0.0 0.0 2.0 29.46 2.1735976283693983 423.56090337132014
3.0172000000000008 1.0 1.0 0.0 0.0 1.0 1.0 1.0 29.1 2.1473851382465647 140.40071895207583
1.8728 2.0 0.0 2.0 1.0 0.0 0.0 1.0 26.3 2.637870167687777 275.14987048988627
2.6032200000000003 4.0 2.0 2.0 1.0 0.0 0.0 1.0 52.04 3.3617208875512854 295.6310072666452
2.736900000000001 2.0 0.0 3.0 1.0 0.0 0.0 1.0 18.46 3.050120428414819 302.9586304882723
2.2488200000000007 2.0 1.0 0.0 2.0 0.0 0.0 2.0 33.120000000000005 2.8771445584268402 423.10813525322834
2.6831000000000005 4.0 0.0 8.0 0.0 2.0 2.0 2.0 80.25999999999999 4.4307691130414236e-07 349.8924429504674
2.2844000000000007 6.0 0.0 14.0 0.0 0.0 0.0 0.0 71.06 3.532312207893033 341.2798817875751
1.3496 2.0 0.0 5.0 0.0 0.0 0.0 0.0 26.3 2.616293090417985 52.49022499567306
1.2597999999999998 4.0 0.0 2.0 1.0 0.0 0.0 1.0 52.60000000000001 3.006336626481918 325.6445603891669
2.3296 0.0 0.0 1.0 1.0 0.0 0.0 1.0 0.0 2.9910469146846212 162.65300142116237
2.686000000000001 2.0 0.0 6.0 0.0 0.0 0.0 0.0 26.3 3.1997873837276596 149.9175691117035
3.6952 1.0 0.0 0.0 1.0 0.0 0.0 1.0 12.89 3.2824629074535228 209.82001790212001
3.5455000000000014 3.0 1.0 1.0 3.0 0.0 0.0 3.0 38.91 2.1815432861871678 642.982566625244
3.417900000000002 1.0 1.0 7.0 1.0 0.0 0.0 1.0 20.23 2.331616495458083 242.77542995949494
3.3260000000000023 1.0 0.0 8.0 0.0 0.0 0.0 0.0 17.07 2.7376715685719475 78.9419624661572
3.242200000000002 2.0 0.0 5.0 0.0 0.0 0.0 0.0 26.3 3.670448527133007 232.70628424348942
3.5141000000000027 1.0 0.0 7.0 0.0 0.0 0.0 0.0 17.07 3.570770385643759 179.56349808388828
0.7216999999999999 2.0 0.0 0.0 0.0 0.0 0.0 0.0 26.3 3.823378455220923 95.19188266301451
1.6034 3.0 1.0 3.0 1.0 0.0 0.0 1.0 46.53 2.9880700814121135 281.102178757748
2.2081999999999997 1.0 0.0 3.0 1.0 0.0 0.0 1.0 17.07 2.453018743531937 225.88790998034068
2.2748 4.0 1.0 5.0 1.0 0.0 0.0 1.0 64.63 2.9903385951462527 473.39036914788875
2.2629 2.0 0.0 3.0 1.0 0.0 0.0 1.0 26.3 2.3677193200379056 288.21840549259923
8.090400000000008 4.0 0.0 6.0 2.0 0.0 1.0 3.0 52.60000000000001 2.1562514457235435 1155.6536889336185
4.321820000000003 7.0 4.0 12.0 1.0 0.0 0.0 1.0 137.43 1.598928155187427e-06 754.0821649968749
2.9737000000000022 1.0 1.0 5.0 0.0 0.0 0.0 0.0 20.23 3.275716275334584 91.53612452347811
-4.6648000000000005 5.0 0.0 0.0 1.0 0.0 0.0 1.0 75.17 1.2099998083250311e-06 408.0820243615061
0.22109999999999996 4.0 3.0 1.0 1.0 0.0 0.0 1.0 100.62 3.327295999016508 398.0091542968489
1.7815999999999999 5.0 3.0 2.0 0.0 3.0 4.0 4.0 94.83 1.7350832012021693 683.8889217536757
5.045900000000004 3.0 3.0 16.0 0.0 0.0 0.0 0.0 83.55 0.0 265.60957573422434
3.387400000000002 1.0 1.0 4.0 0.0 0.0 1.0 1.0 20.23 2.4143102652708763 215.2754526075878
3.9955000000000034 1.0 0.0 10.0 0.0 0.0 0.0 0.0 20.310000000000002 3.06855151382054 166.11827660204978
2.5836000000000006 1.0 1.0 0.0 0.0 1.0 1.0 1.0 20.23 2.3936150485089414 115.3246918518097
5.249100000000005 1.0 0.0 13.0 0.0 0.0 0.0 0.0 3.24 2.892588645622117 131.48686830125578
1.6352 0.0 0.0 1.0 0.0 0.0 0.0 0.0 0.0 1.9747448713915894 5.245112497836532
7.265500000000007 8.0 0.0 12.0 0.0 0.0 0.0 0.0 36.92 -4.506666535511115e-07 464.25278127282013
2.2482000000000006 2.0 0.0 1.0 1.0 0.0 0.0 1.0 43.14 3.069899265759275 261.67965837655686
3.0424000000000015 1.0 0.0 1.0 2.0 0.0 0.0 2.0 17.07 2.6860346638769905 457.3860595287063
1.063400000000003 20.0 5.0 12.0 6.0 0.0 0.0 6.0 376.15999999999997 4.095990229517898e-06 3103.8412989430653
1.8525 0.0 0.0 1.0 0.0 0.0 0.0 0.0 0.0 2.5395388613593903 18.854752972273346
2.1184 1.0 1.0 2.0 1.0 0.0 0.0 1.0 12.03 2.61489994009295 157.4784207656209
3.095200000000002 1.0 0.0 6.0 0.0 0.0 0.0 0.0 9.23 2.909205095488745 66.9419624661572
-0.6086299999999971 10.0 4.0 9.0 2.0 0.0 2.0 4.0 188.66 4.622489256296882e-06 1770.0957113200316
3.301820000000001 0.0 0.0 0.0 1.0 0.0 0.0 1.0 0.0 3.1716780304409156 218.15617759993404
2.0868 5.0 2.0 5.0 2.0 0.0 0.0 2.0 90.65 2.483415009646832 730.1392691161423
3.609600000000002 4.0 1.0 4.0 3.0 0.0 0.0 3.0 67.50999999999999 2.2586253240211427 909.550972694472
1.3052699999999988 3.0 3.0 2.0 2.0 0.0 1.0 3.0 75.89 1.5624994300002157e-06 800.0149337345614
4.112300000000004 4.0 0.0 9.0 0.0 0.0 0.0 0.0 44.760000000000005 4.291086823121421 200.62102776403037
1.78162 2.0 0.0 1.0 1.0 0.0 0.0 1.0 26.3 3.0326621558006566 266.0201725709103
1.5824 0.0 0.0 0.0 0.0 0.0 0.0 0.0 0.0 2.8030394876740514 23.019550008653873
0.6672 4.0 0.0 4.0 0.0 0.0 0.0 0.0 52.6 3.7486580781089165 185.4968817653618
0.9743999999999999 2.0 2.0 0.0 1.0 0.0 0.0 1.0 46.25 3.077660437970554 168.38833891467198
2.0704199999999995 8.0 1.0 8.0 3.0 1.0 1.0 4.0 112.89999999999998 1.8159231890244245 1339.4796294691944
6.091800000000006 2.0 1.0 19.0 0.0 0.0 0.0 0.0 32.34 3.2052350881533394 326.1695076823571
3.301820000000001 0.0 0.0 0.0 1.0 0.0 0.0 1.0 0.0 3.2478347337367035 197.9061775999341
3.8602000000000034 1.0 0.0 0.0 0.0 1.0 1.0 1.0 17.07 2.144560008407528 126.05990292969187
2.117 1.0 1.0 3.0 0.0 0.0 0.0 0.0 20.23 3.7365447763291164 177.53968307185082
1.60142 3.0 1.0 2.0 1.0 0.0 0.0 1.0 80.44 3.267052212361692 372.4068180287228
0.5241 4.0 2.0 2.0 1.0 0.0 0.0 1.0 89.62 3.2581908733813196 412.5007607986796
2.3288 3.0 2.0 2.0 2.0 0.0 0.0 2.0 57.53 2.3860005891578475 517.9558452490421
2.7246000000000015 8.0 1.0 7.0 3.0 0.0 0.0 3.0 101.43 7.352562070404895e-07 998.1590516320349
4.574600000000005 6.0 0.0 6.0 0.0 2.0 2.0 2.0 71.06 2.799999918285717e-07 445.4186496433476
2.1615 1.0 1.0 5.0 0.0 0.0 0.0 0.0 26.02 3.0922461946023914 48.52932501298081
2.23062 1.0 1.0 0.0 1.0 0.0 0.0 1.0 26.02 3.171678030440915 220.15617759993404
1.9879999999999998 7.0 5.0 1.0 3.0 0.0 0.0 3.0 131.36 2.407728670949308 956.2426827834671
4.157700000000002 3.0 3.0 3.0 3.0 0.0 0.0 3.0 60.69 2.214535429019411 676.8716935016806
3.301820000000001 0.0 0.0 0.0 1.0 0.0 0.0 1.0 0.0 3.171678030440915 218.15617759993404
1.59172 7.0 0.0 5.0 1.0 2.0 2.0 3.0 80.29 1.6868812594540719 682.882406600586
2.0036199999999997 1.0 0.0 1.0 1.0 0.0 0.0 1.0 9.23 3.0065240073265844 193.51405299160075
2.6205000000000007 1.0 1.0 2.0 1.0 0.0 0.0 1.0 37.3 2.9348021246299894 309.92621196610224
4.0477000000000025 3.0 2.0 3.0 2.0 1.0 1.0 3.0 52.99 2.9854899403895514e-07 539.2342629459157
-0.8562000000000001 2.0 0.0 1.0 0.0 0.0 0.0 0.0 40.129999999999995 0.0 44.057856410969926
2.2116799999999994 1.0 0.0 0.0 1.0 0.0 0.0 1.0 23.79 3.05603839622726 232.08821798626082
2.2481999999999998 2.0 0.0 1.0 1.0 0.0 0.0 1.0 43.14 3.003400684579818 244.42965837655686
2.6225000000000014 1.0 0.0 2.0 1.0 0.0 0.0 1.0 17.07 2.90982279990154 233.55461928814682
2.0052 4.0 0.0 7.0 0.0 0.0 0.0 0.0 52.6 3.413855766899512 261.39388572785725
2.9327000000000014 1.0 0.0 2.0 1.0 0.0 0.0 1.0 17.07 2.957064034225712 268.0201725709103
1.4641999999999997 2.0 0.0 3.0 1.0 1.0 1.0 2.0 21.759999999999998 1.8511911397161591 216.26415929370793
1.8863 2.0 2.0 8.0 0.0 0.0 0.0 0.0 74.6 2.9961049979124525 146.99763683370963
3.850900000000003 3.0 0.0 0.0 0.0 1.0 1.0 1.0 35.53 2.113694135690367 183.91539480971147
3.0378000000000016 1.0 0.0 6.0 0.0 0.0 0.0 0.0 17.07 3.1618337283000217 97.04589952780505
3.4955000000000016 1.0 2.0 2.0 2.0 0.0 0.0 2.0 24.06 1.9521941477943936 410.3735146257326
3.841400000000003 2.0 0.0 0.0 0.0 2.0 4.0 4.0 34.14 1.6680257631301296 515.5112639294834
1.7913000000000001 0.0 0.0 1.0 0.0 0.0 0.0 0.0 0.0 1.9747448713915894 5.245112497836532
2.3486000000000002 1.0 0.0 1.0 1.0 0.0 0.0 1.0 9.23 2.881555877646136 180.61256853719752
2.6367000000000016 4.0 2.0 2.0 0.0 3.0 4.0 4.0 74.6 1.7725182385534795 742.5948094363654
1.7537000000000005 6.0 1.0 5.0 3.0 0.0 0.0 3.0 93.95 2.429997336078026e-06 991.7046088096463
3.1641000000000012 1.0 1.0 2.0 2.0 0.0 0.0 2.0 32.34 2.4314397275890385 442.5901008873748
2.9358000000000013 1.0 1.0 1.0 2.0 0.0 0.0 2.0 26.02 2.5360704460016144 392.8790477621569
5.721400000000005 8.0 0.0 20.0 0.0 0.0 0.0 0.0 89.52000000000001 5.155587643894753 449.69593995862067
0.9620000000000002 2.0 2.0 2.0 0.0 1.0 1.0 1.0 74.6 2.3927770801931003 169.23454122869498
2.2650999999999994 1.0 2.0 3.0 2.0 0.0 0.0 2.0 36.019999999999996 2.572849270743661 430.8143917393495
4.0766000000000036 2.0 0.0 8.0 0.0 0.0 0.0 0.0 18.46 4.192440364597279 228.8898405799297
2.917600000000001 1.0 0.0 2.0 2.0 0.0 0.0 2.0 17.07 2.348637604509715 376.003255415297
3.2985000000000024 2.0 0.0 4.0 0.0 1.0 1.0 1.0 26.3 2.2485511215158516 171.16054269564708
3.925200000000003 3.0 1.0 4.0 1.0 1.0 2.0 3.0 46.53 1.8836686658511983 631.7739987779305
3.2001000000000017 0.0 0.0 2.0 1.0 0.0 0.0 1.0 0.0 2.746978188530898 176.48961548078339
-0.3457000000000001 8.0 3.0 4.0 3.0 0.0 1.0 4.0 158.48999999999998 3.0624959939637974e-06 1436.0388499504463
3.0745000000000013 2.0 0.0 2.0 0.0 0.0 1.0 1.0 26.3 2.5988300021762742 251.0473440169799
4.3963000000000045 1.0 1.0 7.0 0.0 0.0 0.0 0.0 20.23 3.8771138067004154 265.1595387832714
2.785400000000001 4.0 0.0 9.0 0.0 0.0 0.0 0.0 52.6 3.3162010440941296 285.7556811171552
2.2876000000000003 1.0 1.0 0.0 1.0 0.0 0.0 1.0 26.02 2.993754788259927 236.8577532761268
0.06710000000000149 0.0 0.0 5.0 1.0 0.0 0.0 1.0 0.0 1.959999277600274e-06 246.23361737284745
-6.384999999999998 4.0 0.0 9.0 0.0 0.0 0.0 0.0 80.25999999999999 -8.449997543000735e-07 165.65784284662087
1.9389999999999998 4.0 0.0 10.0 0.0 0.0 0.0 0.0 44.760000000000005 3.096935057347562 201.19544121138716
4.5085000000000015 2.0 2.0 2.0 2.0 0.0 0.0 2.0 40.46 2.8616851652637383 609.5986688980878
3.0424000000000015 1.0 0.0 1.0 2.0 0.0 0.0 2.0 17.07 2.8309756583676706 452.1360595287063
2.3922000000000008 1.0 1.0 1.0 1.0 0.0 0.0 1.0 26.02 2.893762783606677 198.47318047941275
1.2773999999999999 2.0 1.0 1.0 1.0 0.0 0.0 1.0 35.25 2.881555877646136 180.61256853719752
1.1689 1.0 1.0 3.0 0.0 0.0 0.0 0.0 20.23 2.3390923149762908 15.900134529890124
1.1856 4.0 1.0 2.0 1.0 0.0 0.0 1.0 78.38999999999999 3.0981803500525973 311.5198400095355
1.2917 2.0 0.0 3.0 0.0 0.0 0.0 0.0 26.3 3.5084051218843633 135.85157716108912
4.3126 0.0 0.0 3.0 0.0 0.0 0.0 0.0 0.0 5.300082077607573 188.3616189347681
3.4795000000000025 2.0 2.0 1.0 1.0 0.0 0.0 1.0 40.46 3.5327462243952046 370.9056007735593
3.291800000000002 1.0 0.0 6.0 1.0 0.0 0.0 1.0 9.23 2.047929619325098 228.2506956971763
2.3579 2.0 1.0 1.0 2.0 0.0 0.0 2.0 37.3 2.9117844920054865 460.5969742301865
-0.3789000000000002 7.0 3.0 1.0 1.0 0.0 0.0 1.0 133.26999999999998 3.3573214474517448 273.6289117242989
1.9777 0.0 0.0 1.0 0.0 0.0 0.0 0.0 0.0 2.622415807990217 31.87430298092722
5.549700000000002 4.0 3.0 5.0 3.0 0.0 0.0 3.0 92.35000000000001 1.6244376001208218 1137.8789445127009
1.5472 3.0 1.0 3.0 1.0 0.0 0.0 1.0 38.69 2.8886510104905314 257.95060242335626
2.5349000000000004 3.0 0.0 5.0 0.0 1.0 1.0 1.0 35.53 2.3181849864239865 191.3062531800184
3.2664 4.0 2.0 2.0 2.0 0.0 0.0 2.0 76.75999999999999 2.2421519865382917 505.682139382656
2.6983000000000006 2.0 1.0 1.0 1.0 0.0 0.0 1.0 29.46 3.1917026765307637 297.44885548394535
0.07059999999999977 3.0 1.0 1.0 0.0 2.0 2.0 2.0 24.5 1.7997325191361424 112.49022499567306
2.690800000000001 3.0 0.0 8.0 0.0 0.0 0.0 0.0 27.69 4.368125379625989 122.30925044911548
0.8184999999999998 5.0 2.0 2.0 1.0 0.0 0.0 1.0 100.66999999999999 3.4088659239693615 373.39080559771924
2.5273000000000003 2.0 0.0 3.0 1.0 0.0 0.0 1.0 26.3 2.9015787024133726 301.3575848525983
1.48542 3.0 1.0 1.0 1.0 0.0 0.0 1.0 69.16 3.232208870305491 296.4920897763861
1.0181 2.0 0.0 0.0 0.0 0.0 0.0 0.0 0.0 3.2659863237109046 23.774437510817343
1.4732 2.0 0.0 1.0 1.0 0.0 0.0 1.0 26.3 2.8526279288191434 215.9590174505521
2.9658000000000015 2.0 0.0 8.0 0.0 0.0 0.0 0.0 18.46 3.062399016717871 79.9077646698008
-1.6415999999999973 4.0 4.0 0.0 0.0 1.0 1.0 1.0 48.12 2.0000000000000004 54.03910001730775
3.4921000000000024 1.0 0.0 9.0 0.0 0.0 0.0 0.0 17.07 2.8073211053704865 93.57174002125652
10.971199999999994 11.0 0.0 21.0 0.0 3.0 3.0 3.0 114.92000000000002 4.5051277898947286e-07 1288.8030526746238
3.073200000000001 1.0 1.0 4.0 1.0 0.0 0.0 1.0 37.3 2.7590371332701524 324.89411900215663
-7.752000000000001 4.0 0.0 0.0 0.0 0.0 0.0 0.0 92.24 0.0 23.019550008653873
1.8455999999999997 6.0 2.0 5.0 1.0 0.0 0.0 1.0 62.730000000000004 2.89174703245098 315.37105540415854
1.8978 2.0 0.0 2.0 1.0 0.0 0.0 1.0 26.3 3.0058892189147386 266.0201725709103
1.5629 1.0 1.0 0.0 2.0 0.0 0.0 2.0 28.68 2.954659790285104 280.89393676634353
-2.2485000000000004 3.0 3.0 0.0 1.0 0.0 0.0 1.0 98.57999999999998 3.7180092596903305 276.8037297913861
1.9585 2.0 1.0 3.0 2.0 0.0 0.0 2.0 37.79 2.510480458264342 486.07280974079566
1.7349999999999997 1.0 0.0 0.0 1.0 0.0 0.0 1.0 12.89 3.0214653097240864 138.00750422530467
2.699 1.0 1.0 0.0 1.0 0.0 0.0 1.0 20.23 3.1716780304409156 222.29788705001033
-4.0321999999999925 19.0 3.0 10.0 6.0 0.0 0.0 6.0 388.43 3.2033300209653697e-06 3023.763604454553
7.626400000000009 4.0 0.0 21.0 0.0 0.0 0.0 0.0 52.60000000000001 3.555746631440125 369.8377762182996
-0.8810999999999976 4.0 2.0 7.0 1.0 0.0 0.0 1.0 67.59 0.0 471.6463260670472
-0.3808 0.0 0.0 0.0 0.0 0.0 0.0 0.0 0.0 0.0 0.0
4.5941000000000045 3.0 0.0 0.0 0.0 4.0 5.0 5.0 43.370000000000005 1.4903403263319668 678.7598170669822
2.7407000000000012 6.0 0.0 10.0 0.0 0.0 0.0 0.0 78.9 5.106512542083464 469.6340396756941
2.824020000000001 1.0 1.0 1.0 1.0 0.0 0.0 1.0 20.23 3.092719758380193 251.0497317859833
3.093600000000002 1.0 0.0 2.0 0.0 1.0 1.0 1.0 9.23 2.501180984372024 130.9658022036436
-1.5143999999999975 5.0 0.0 3.0 2.0 0.0 3.0 5.0 93.4 1.619999107538011e-06 1544.9653200748714
2.9987000000000013 0.0 0.0 0.0 0.0 1.0 2.0 2.0 0.0 2.1301442252099365 186.21499122004107
4.806500000000004 1.0 0.0 0.0 0.0 0.0 1.0 1.0 17.07 2.2025318710991564 205.4804910444948
-0.1213 1.0 0.0 0.0 0.0 0.0 0.0 0.0 17.07 2.0 2.0
4.095740000000003 1.0 0.0 2.0 2.0 0.0 0.0 2.0 9.23 2.3021843604815553 416.90080908048924
3.9632000000000023 0.0 0.0 1.0 2.0 0.0 0.0 2.0 0.0 2.756733762067337 407.81275369561155
3.9674200000000033 4.0 0.0 7.0 2.0 1.0 1.0 3.0 32.78 1.8485560215683836 777.2573768650559
2.8557000000000006 4.0 1.0 4.0 2.0 0.0 0.0 2.0 81.47 2.2656881588816344 640.8770925467024
-1.118 0.0 0.0 0.0 0.0 0.0 0.0 0.0 85.5 -0.0 4.854752972273344
-3.630300000000001 9.0 6.0 0.0 2.0 0.0 0.0 2.0 215.30999999999995 1.7999999759722222e-07 569.2044590572069
-5.656700000000001 8.0 0.0 0.0 0.0 0.0 0.0 0.0 172.5 -2.6666666506250002e-08 129.69862761618444
3.9152000000000022 2.0 0.0 2.0 2.0 0.0 0.0 2.0 43.14 2.5516750911466346 522.796899078386
4.518300000000004 1.0 0.0 1.0 0.0 0.0 2.0 2.0 17.07 2.4030862204000023 374.98641735779813
0.9501999999999999 2.0 0.0 5.0 0.0 0.0 0.0 0.0 40.129999999999995 0.0 104.26518047667868
5.021300000000001 2.0 1.0 2.0 2.0 0.0 0.0 2.0 35.25 2.3122378354877973 507.9421592432012
4.7938000000000045 4.0 0.0 15.0 0.0 0.0 0.0 0.0 52.60000000000001 3.320703845047446 248.26072121928476
9.014400000000004 6.0 0.0 24.0 0.0 0.0 0.0 0.0 52.60000000000001 4.94459908067551 487.08666773270613
2.5200200000000006 7.0 1.0 4.0 3.0 0.0 0.0 3.0 142.28 2.9999968670033553e-06 1260.9313009748632
4.490800000000004 2.0 0.0 2.0 0.0 0.0 2.0 2.0 26.3 2.192632625102972 392.0662454758848
6.044300000000006 1.0 1.0 14.0 0.0 0.0 0.0 0.0 37.3 3.428311044912142 225.45811190640117
4.003300000000003 1.0 1.0 8.0 0.0 0.0 0.0 0.0 20.23 3.5169818251957197 209.96506609616083
0.0 0.0 0.0 0.0 0.0 0.0 0.0 0.0 0.0 0.0 0.0
3.1932 1.0 0.0 2.0 0.0 0.0 0.0 0.0 9.23 4.628902366845496 210.67414136612277
2.9987000000000013 0.0 0.0 1.0 0.0 0.0 0.0 0.0 0.0 3.5512529243669313 82.70165766734145
6.428900000000006 1.0 1.0 3.0 2.0 0.0 0.0 2.0 12.03 2.4028845381946683e-07 483.2698019796367
-12.390400000000001 9.0 0.0 0.0 0.0 0.0 0.0 0.0 189.57 -1.8409090853305787e-08 122.90712145792594
4.0404000000000035 4.0 0.0 4.0 0.0 0.0 0.0 0.0 36.92 4.5971346167827045 324.6538984391453
3.847800000000002 1.0 1.0 9.0 0.0 0.0 0.0 0.0 37.3 3.569818821499124 143.25715550266412
3.642000000000002 3.0 1.0 7.0 1.0 0.0 0.0 1.0 52.32 2.417004050753797 359.2612802868859
7.55640000000001 6.0 2.0 32.0 0.0 0.0 0.0 0.0 120.72 -7.27272683252069e-07 511.8587094651711
9.614799999999999 4.0 0.0 32.0 0.0 0.0 0.0 0.0 80.25999999999999 -6.876190058793677e-07 453.97231457750024
4.319500000000004 6.0 0.0 10.0 0.0 0.0 0.0 0.0 63.22000000000001 4.546749602306872 321.97320488009785
2.7548000000000012 2.0 0.0 0.0 1.0 0.0 1.0 2.0 34.14 2.7318273616973707 431.7652718746631
11.14319999999999 2.0 0.0 0.0 0.0 7.0 8.0 8.0 26.3 1.1206317135347558e-07 1089.917488736728
0.17830000000000035 3.0 1.0 3.0 3.0 0.0 0.0 3.0 61.39 1.91999855226779e-06 848.5443514685765
-0.1213 1.0 0.0 0.0 0.0 0.0 0.0 0.0 17.07 2.0 2.0
4.1667000000000005 0.0 0.0 0.0 1.0 0.0 0.0 1.0 0.0 3.1411091905317954 250.86264077829026
3.6902000000000026 2.0 0.0 9.0 0.0 0.0 0.0 0.0 26.3 2.884064614706359 132.28341890015258
2.4029000000000007 4.0 0.0 8.0 0.0 0.0 0.0 0.0 63.68 5.6605655299897 614.3658740118415
3.4839800000000025 1.0 0.0 4.0 1.0 0.0 0.0 1.0 23.79 2.6330200426331443 270.92599275295936
2.9189 0.0 0.0 0.0 0.0 0.0 0.0 0.0 0.0 4.020391543176799 67.50977500432694
4.145600000000004 1.0 1.0 10.0 0.0 0.0 0.0 0.0 20.23 2.8519171767291915 99.40868524464068
4.196400000000003 3.0 2.0 4.0 3.0 0.0 0.0 3.0 58.56 1.9332943867817551 858.1125818400063
-1.0375 1.0 0.0 0.0 0.0 0.0 0.0 0.0 17.07 0.0 4.754887502163468
4.010400000000003 4.0 0.0 11.0 0.0 0.0 0.0 0.0 52.60000000000001 3.2866148880817034 243.6504375329731
3.129300000000002 3.0 1.0 6.0 1.0 0.0 0.0 1.0 46.53 2.3297758132802646 333.7045208125127
5.211000000000006 2.0 2.0 16.0 0.0 0.0 0.0 0.0 40.46 3.071711360094435 170.80115738264186
2.5166 2.0 0.0 0.0 0.0 0.0 1.0 1.0 34.14 3.3164522117132207 277.45724820935004
1.9489999999999985 3.0 1.0 16.0 0.0 0.0 0.0 0.0 69.59 0.0 258.5303609533574
2.5642000000000005 2.0 0.0 5.0 1.0 0.0 0.0 1.0 20.310000000000002 2.7737802191828713 283.84393503173874
1.9857 2.0 0.0 4.0 0.0 0.0 0.0 0.0 26.3 3.11596431027222 97.43071362054202
3.9420000000000033 1.0 1.0 3.0 0.0 1.0 1.0 1.0 20.23 2.895124806362788 284.3003017980564
3.6628000000000016 13.0 2.0 16.0 2.0 0.0 0.0 2.0 261.28 -9.449999347550838e-07 1334.7409527386972
2.1136 1.0 1.0 5.0 0.0 0.0 0.0 0.0 20.23 2.96362233860398 68.96788691072804
2.6263 0.0 0.0 0.0 0.0 0.0 0.0 0.0 0.0 4.399515870465618 125.72862410467503
4.302300000000004 2.0 1.0 2.0 1.0 2.0 3.0 4.0 29.46 1.6847772619118833 566.8257136539846
3.1148000000000016 2.0 2.0 2.0 0.0 2.0 2.0 2.0 40.46 1.9275899862556667 209.30637471046478
0.7696000000000052 11.0 0.0 27.0 0.0 1.0 1.0 1.0 104.83000000000003 2.515397303134452 374.8781537925358
-5.0850999999999935 9.0 1.0 4.0 2.0 0.0 1.0 3.0 155.85999999999999 2.10249881994235e-06 1206.3294287940312
1.8379 0.0 0.0 0.0 0.0 0.0 0.0 0.0 0.0 3.0237157840738176 23.11941547876375
1.0796 5.0 1.0 3.0 1.0 0.0 0.0 1.0 106.74000000000001 3.347986893150782 434.81705661543685
0.8829 0.0 0.0 0.0 0.0 0.0 0.0 0.0 0.0 1.6329931618554523 2.7548875021634682
1.7121 4.0 2.0 5.0 0.0 0.0 2.0 2.0 58.2 1.789712519488381 604.2796478107529
16.279399999999963 6.0 0.0 34.0 4.0 0.0 0.0 4.0 114.39999999999998 4.3999997584377265e-07 1963.2610944514918
3.0122000000000018 4.0 1.0 4.0 2.0 0.0 0.0 2.0 63.60000000000001 2.321761172431244 670.8183822455389
1.9544 0.0 0.0 0.0 0.0 0.0 0.0 0.0 0.0 3.0237157840738176 19.11941547876375
7.630800000000004 6.0 2.0 2.0 7.0 0.0 2.0 9.0 125.64 1.1404422273664054 2418.159641287978
3.0119000000000016 2.0 0.0 4.0 0.0 0.0 0.0 0.0 26.3 3.5176957405481564 155.96343903735323
2.4446000000000003 2.0 0.0 2.0 1.0 0.0 0.0 1.0 34.14 3.0061498337295465 283.3346746591642
1.2847 3.0 0.0 3.0 0.0 1.0 1.0 1.0 35.53 2.157940844010577 180.21266925021752
3.697300000000002 2.0 0.0 0.0 0.0 3.0 4.0 4.0 34.14 1.6461886291959567 503.5476118290307
2.3059000000000003 2.0 0.0 3.0 1.0 0.0 0.0 1.0 26.3 2.4425613204524486 301.12613448326965
1.1794 3.0 0.0 2.0 0.0 0.0 0.0 0.0 35.53 3.0551722039096187 62.07403392114697
3.4342000000000024 1.0 0.0 2.0 0.0 0.0 1.0 1.0 17.07 3.137247677628073 327.1447257779954
2.9016 2.0 0.0 1.0 1.0 0.0 0.0 1.0 43.14 3.1960696621259195 300.6337992264623
2.4879000000000007 1.0 0.0 1.0 0.0 0.0 1.0 1.0 17.07 2.698294200312726 223.02727634487286
2.5246000000000013 1.0 2.0 7.0 0.0 0.0 0.0 0.0 57.53 3.0623984211130764 141.23839910900193
3.058200000000001 3.0 1.0 0.0 0.0 3.0 4.0 4.0 54.37 1.726554158978616 577.2293702335213
1.9393999999999998 3.0 1.0 2.0 1.0 0.0 0.0 1.0 44.480000000000004 3.164874105084725 258.88150377072884
-0.3808 0.0 0.0 0.0 0.0 0.0 0.0 0.0 0.0 0.0 0.0
2.375800000000001 2.0 0.0 5.0 0.0 0.0 0.0 0.0 26.3 3.1727643828864744 108.13036060964235
1.1865999999999997 3.0 2.0 5.0 0.0 1.0 1.0 1.0 66.39999999999999 2.029093273189151 244.7826815104895
3.8492000000000033 1.0 0.0 6.0 1.0 0.0 0.0 1.0 17.07 2.5762090172546523 311.3704021779951
2.0102 0.0 0.0 2.0 0.0 0.0 0.0 0.0 0.0 2.19060968716425 14.364527976600282
0.6672999999999998 2.0 2.0 0.0 0.0 0.0 0.0 0.0 40.46 3.541196965079901 56.44547197387445
-4.768079999999992 10.0 1.0 5.0 2.0 0.0 1.0 3.0 165.08999999999997 2.559998350601092e-06 1336.9886313690665
0.7886 3.0 3.0 2.0 1.0 0.0 0.0 1.0 94.83000000000001 3.2634076130998966 336.54717755428595
-1.3091999999999886 20.0 4.0 14.0 6.0 2.0 2.0 8.0 264.8 3.4007054750541453e-06 2616.4738051662584
2.45 4.0 0.0 7.0 0.0 0.0 0.0 0.0 52.60000000000001 3.457671280304928 197.05865002596164
3.962100000000003 1.0 0.0 4.0 0.0 1.0 1.0 1.0 17.07 2.545870557311077 217.27545260758777
3.652000000000003 1.0 1.0 0.0 0.0 1.0 1.0 1.0 20.23 2.1079581635972864 99.69210414479322
4.107600000000001 1.0 1.0 6.0 0.0 0.0 0.0 0.0 20.23 6.112592581333274 395.3344952915719
5.242000000000004 6.0 2.0 11.0 0.0 2.0 2.0 2.0 76.66 1.5706657102257011 593.893594219697
3.320500000000002 2.0 0.0 6.0 0.0 0.0 0.0 0.0 26.3 3.752160171335592 194.49841012019365
3.191200000000002 4.0 0.0 6.0 0.0 1.0 1.0 1.0 52.60000000000001 2.563737388196326 290.43856189774726
2.9304000000000014 2.0 0.0 2.0 0.0 1.0 1.0 1.0 26.3 2.535133450602644 230.47622838888876
3.449600000000002 1.0 0.0 2.0 1.0 1.0 1.0 2.0 17.07 2.074474019699133 296.27141852541797
4.682900000000003 4.0 0.0 12.0 0.0 0.0 0.0 0.0 44.760000000000005 4.947205147936471 242.81734999619414
3.6468000000000007 0.0 0.0 0.0 1.0 0.0 0.0 1.0 0.0 3.2478347337367026 199.2929995478469
3.977000000000002 18.0 2.0 14.0 4.0 0.0 0.0 4.0 342.4599999999999 3.866666500781616e-07 2282.0976093878785
1.5012399999999997 4.0 2.0 1.0 1.0 0.0 0.0 1.0 66.76 3.437213165629622 382.19865512206513
-5.992 0.0 0.0 0.0 0.0 0.0 0.0 0.0 0.0 0.0 2.0
-1.9421999999999982 2.0 2.0 1.0 2.0 0.0 0.0 2.0 52.04 -7.224999286000071e-07 503.4756859718063
2.5037000000000003 1.0 1.0 1.0 0.0 0.0 1.0 1.0 20.23 2.637067423359619 169.71159065163116
3.328000000000002 0.0 0.0 1.0 0.0 3.0 3.0 3.0 0.0 3.399999941362501e-07 275.6691526333215
1.6119999999999999 4.0 0.0 3.0 1.0 0.0 0.0 1.0 61.6 3.175529228703851 323.9201072839529
1.9086 2.0 1.0 4.0 0.0 0.0 0.0 0.0 38.33 3.2547207620095513 183.2322192588714
-0.9938000000000002 4.0 2.0 1.0 1.0 0.0 0.0 1.0 104.67999999999998 3.12237209752183 271.3401569753606
0.74682 2.0 3.0 0.0 2.0 0.0 0.0 2.0 74.67 2.915474885978318 438.4988967851898
2.531600000000001 2.0 0.0 1.0 0.0 0.0 0.0 0.0 18.46 3.563001750182873 80.80566875783265
2.2629 2.0 0.0 3.0 1.0 0.0 0.0 1.0 26.3 2.538214333042918 288.21840549259923
0.12772000000000017 7.0 2.0 3.0 3.0 0.0 1.0 4.0 123.6 2.559997189869837e-06 1317.0670432644094
1.5896 2.0 1.0 0.0 2.0 0.0 0.0 2.0 32.86 3.070614737543394 400.8983534112405
2.702000000000001 4.0 0.0 4.0 1.0 1.0 1.0 2.0 29.540000000000003 2.154650094726593 435.9637256936239
3.818000000000003 1.0 0.0 0.0 0.0 3.0 3.0 3.0 17.07 2.1375574290078867 352.44645225201987
3.8662000000000027 3.0 0.0 8.0 0.0 0.0 0.0 0.0 35.53 4.014652518464185 199.35438738204337
4.280200000000004 2.0 0.0 2.0 0.0 1.0 1.0 1.0 18.46 2.4083973495952407 150.11827660204978
3.5141799999999996 8.0 2.0 3.0 2.0 0.0 0.0 2.0 57.36 2.009003670325101 469.6690510777121
2.935900000000002 1.0 0.0 6.0 0.0 0.0 0.0 0.0 17.07 2.8385891218139165 86.72905595320057
1.8114200000000005 4.0 0.0 2.0 1.0 0.0 0.0 1.0 86.28 3.267052212361692 374.7553335743196
6.203500000000007 8.0 0.0 12.0 0.0 0.0 0.0 0.0 36.92 -4.114285596428574e-07 380.1362101494027
1.0946999999999996 5.0 3.0 5.0 1.0 0.0 0.0 1.0 95.63 2.812006596448641 353.9656228228465
3.2813000000000017 3.0 0.0 6.0 0.0 0.0 1.0 1.0 43.370000000000005 2.7355920049619513 330.6304154673283
-0.21019999999999633 6.0 2.0 4.0 2.0 0.0 1.0 3.0 110.62 2.8033303006617095e-06 1009.1140699157551
2.30344 0.0 0.0 0.0 1.0 0.0 0.0 1.0 0.0 3.134861511345448 156.14811391899892
2.30344 0.0 0.0 0.0 1.0 0.0 0.0 1.0 0.0 3.0324555320336755 138.89811391899892
0.5133999999999999 2.0 1.0 0.0 0.0 0.0 2.0 2.0 46.17 2.399261940825008 239.26562344023606
2.4283 2.0 0.0 4.0 1.0 0.0 0.0 1.0 26.3 2.2575072289904474 277.63302033025855
3.6582000000000026 1.0 0.0 2.0 0.0 0.0 1.0 1.0 17.07 2.96127747123545 292.35742381695854
3.6887000000000025 1.0 0.0 9.0 0.0 0.0 0.0 0.0 3.24 2.8354061560854147 89.12526634448808
3.7473000000000027 6.0 0.0 9.0 0.0 0.0 0.0 0.0 44.760000000000005 4.247063580992732 280.76779993835055
3.3480000000000025 1.0 0.0 3.0 0.0 3.0 3.0 3.0 17.07 1.6974354216778158 291.71382576183237
3.6652000000000027 1.0 1.0 5.0 0.0 0.0 0.0 0.0 0.0 3.0437584089734577 71.28767654158642
2.9320000000000013 2.0 0.0 7.0 0.0 0.0 0.0 0.0 26.3 3.3431482385923896 157.47321404168017
5.7691000000000034 4.0 0.0 7.0 1.0 0.0 0.0 1.0 35.53 2.8510032626884056 444.2965436360365
16.657699999999966 6.0 0.0 34.0 4.0 0.0 0.0 4.0 114.39999999999998 4.3999997584377265e-07 1963.2610944514918
3.5720000000000027 1.0 0.0 8.0 0.0 0.0 0.0 0.0 17.07 2.9479484250707477 99.17723487531202
-0.5032000000000003 6.0 0.0 2.0 0.0 1.0 1.0 1.0 86.74000000000001 2.7838229196213113 311.2184172518226
4.452800000000004 4.0 2.0 3.0 2.0 2.0 2.0 4.0 65.52 2.1779219846567632e-07 611.9153622026989
-2.8801 3.0 0.0 0.0 0.0 0.0 0.0 0.0 63.19 0.0 29.87430298092722
-0.9993000000000001 5.0 1.0 1.0 0.0 0.0 1.0 1.0 80.0 2.5332708578711545 191.77619205955475
-2.2688999999999995 8.0 4.0 2.0 2.0 1.0 1.0 3.0 133.49 2.0600493624191287 652.6525847705161
2.3174600000000005 1.0 1.0 0.0 1.0 0.0 0.0 1.0 20.23 3.3421538077705124 224.15033336357598
2.30344 0.0 0.0 0.0 1.0 0.0 0.0 1.0 0.0 3.077660437970554 159.89811391899892
1.5477 2.0 2.0 8.0 0.0 0.0 0.0 0.0 66.4 3.2247663403096944 180.20592425326385
2.7643000000000013 2.0 0.0 1.0 0.0 2.0 2.0 2.0 26.3 2.251543469814042 264.740407033215
-0.6184000000000001 2.0 0.0 0.0 0.0 0.0 0.0 0.0 34.14 3.2659863237109046 23.774437510817343
2.9463000000000017 3.0 2.0 5.0 1.0 1.0 1.0 2.0 75.63000000000001 1.8442813404765874 468.4251372952477
4.006200000000003 1.0 1.0 3.0 0.0 0.0 1.0 1.0 20.23 2.980955499379733 329.3441142708954
1.7431 2.0 0.0 3.0 0.0 0.0 0.0 0.0 26.3 3.3233795465551847 162.13688408103357
-0.8957000000000002 4.0 0.0 0.0 0.0 0.0 0.0 0.0 80.25999999999999 -3.999999981250001e-08 30.671034463057104
2.21164 2.0 0.0 1.0 1.0 0.0 0.0 1.0 43.14 3.273580821537543 294.14357423078934
2.6114000000000006 3.0 1.0 2.0 2.0 0.0 0.0 2.0 46.53 2.186811345762867 491.54071015476427
3.3221000000000025 2.0 0.0 6.0 0.0 0.0 0.0 0.0 26.3 3.4112651108248375 190.49841012019365
3.6406 0.0 0.0 3.0 0.0 0.0 0.0 0.0 0.0 5.4745447748931415 247.8184090293204
3.0150000000000015 2.0 0.0 5.0 2.0 0.0 0.0 2.0 26.3 1.7257772363989228 476.9648515208871
2.712600000000001 9.0 0.0 18.0 0.0 0.0 0.0 0.0 114.43 5.504374787969021 615.4465360912125
-1.640699999999996 12.0 0.0 12.0 1.0 0.0 0.0 1.0 144.9 3.238800859505443 854.3785361965668
0.7633999999999999 4.0 4.0 8.0 0.0 0.0 0.0 0.0 97.99000000000001 0.0 145.3103483230645
2.681680000000001 1.0 0.0 1.0 1.0 0.0 0.0 1.0 23.79 2.938904553897646 263.91940577975225
2.3722000000000003 4.0 0.0 6.0 1.0 0.0 0.0 1.0 52.60000000000001 2.907709957142368 419.61672525206325
2.7449000000000012 1.0 2.0 2.0 2.0 0.0 0.0 2.0 50.41 2.0909283750699563 463.0510842985347
1.7147 1.0 1.0 0.0 0.0 0.0 0.0 0.0 0.0 3.0237157840738176 19.11941547876375
2.1935000000000002 1.0 1.0 0.0 0.0 1.0 1.0 1.0 20.23 2.509938883631114 105.89667380414838
1.7526 1.0 0.0 1.0 1.0 0.0 0.0 1.0 3.24 2.848234050597751 167.1823264341432
2.2654000000000005 4.0 0.0 3.0 1.0 0.0 0.0 1.0 61.6 3.3196563058007738 366.60406633371366
-5.992 0.0 0.0 0.0 0.0 0.0 0.0 0.0 0.0 0.0 2.0
3.8660000000000068 4.0 0.0 25.0 2.0 0.0 0.0 2.0 34.58 -4.202495679629652e-06 874.0964497531619
1.8987 1.0 0.0 2.0 1.0 0.0 0.0 1.0 17.07 2.7587670006154434 223.74339906009686
1.6660000000000001 3.0 1.0 6.0 0.0 0.0 0.0 0.0 57.61 6.016497113809933 472.2231763445618
2.8069000000000006 2.0 1.0 0.0 0.0 2.0 2.0 2.0 32.59 2.419585593361867 215.99307854851648
1.3505999999999998 2.0 2.0 1.0 1.0 0.0 0.0 1.0 49.33 2.7362980721056545 253.2994975838911
-2.9600999999999997 4.0 0.0 2.0 0.0 0.0 0.0 0.0 80.25999999999999 0.0 123.50306161549236
3.5141000000000027 1.0 0.0 2.0 0.0 0.0 1.0 1.0 17.07 2.9673183494972553 281.6106883094834
1.48542 3.0 1.0 1.0 1.0 0.0 0.0 1.0 69.16 3.1515496683060507 296.4920897763861
2.7293000000000016 1.0 1.0 7.0 0.0 0.0 0.0 0.0 20.23 2.6476048489438337 44.68995593589281
2.699200000000001 4.0 0.0 6.0 0.0 1.0 1.0 1.0 52.60000000000001 2.552620702925421 246.96755675238103
3.10062 5.0 2.0 2.0 3.0 0.0 0.0 3.0 93.28 2.2791319755010497 928.7575660365774
3.377500000000002 4.0 0.0 0.0 0.0 1.0 1.0 1.0 52.60000000000001 2.216244891666003 236.8711889381276
4.491300000000002 2.0 1.0 2.0 2.0 0.0 0.0 2.0 29.46 2.233817117740491 494.87198897978124
3.4750000000000023 0.0 0.0 3.0 0.0 0.0 0.0 0.0 0.0 3.735272764128649 154.8771237954945
3.722100000000003 3.0 0.0 4.0 0.0 0.0 0.0 0.0 35.53 3.8824280862669087 220.31265564208465
-1.8710000000000013 11.0 5.0 2.0 2.0 0.0 0.0 2.0 193.45 2.305198639989204 461.6530739446814
3.0969000000000015 6.0 0.0 12.0 0.0 0.0 0.0 0.0 52.60000000000001 3.2930194743351797 222.79771590833016
3.1780000000000017 2.0 0.0 2.0 0.0 1.0 3.0 3.0 26.3 2.3353559949103664 331.62704296885147
2.5866000000000007 0.0 0.0 0.0 0.0 1.0 1.0 1.0 0.0 2.1229179499593664 42.0
2.4113000000000007 2.0 1.0 2.0 1.0 0.0 0.0 1.0 29.46 2.9284445313943723 216.26415929370793
1.6645999999999999 4.0 0.0 3.0 0.0 4.0 4.0 4.0 51.36 1.2253013720397457 355.70315432217836
0.3992 3.0 0.0 0.0 0.0 0.0 0.0 0.0 35.53 2.9881608821342693 44.0
2.4384000000000006 2.0 0.0 2.0 0.0 1.0 1.0 1.0 26.3 2.2910093347547615 178.27760081648816
2.1822999999999997 2.0 0.0 4.0 1.0 0.0 0.0 1.0 26.3 2.2413765431693933 254.05260581186823
2.5299000000000005 2.0 0.0 4.0 1.0 0.0 0.0 1.0 26.3 2.310042822879905 254.05260581186823
0.47390000000000004 4.0 3.0 2.0 1.0 0.0 0.0 1.0 109.49000000000001 3.231502193499952 495.36317528103757
-1.3204999999999996 4.0 2.0 1.0 0.0 0.0 0.0 0.0 89.62 3.850621638983669 109.50977500432694
2.1257 3.0 0.0 4.0 0.0 0.0 0.0 0.0 35.53 3.1387848595791468 129.2988603028468
1.9725 0.0 0.0 0.0 0.0 1.0 2.0 2.0 0.0 2.2712003045102303 90.60593781761291
2.21164 2.0 0.0 1.0 1.0 0.0 0.0 1.0 43.14 3.1960696621259204 294.1435742307894
2.4730000000000008 4.0 1.0 3.0 2.0 0.0 0.0 2.0 50.19 2.224690446790446 433.5348231638525
3.1156000000000024 1.0 0.0 3.0 1.0 0.0 0.0 1.0 17.07 2.7334971039769465 290.0067560189276
1.2011999999999998 5.0 1.0 3.0 1.0 0.0 0.0 1.0 123.58000000000001 3.387380075453351 375.7865269397283
4.0820000000000025 4.0 2.0 11.0 0.0 2.0 2.0 2.0 64.68 1.7433074821037915 543.3164175619862
-1.3067000000000002 2.0 3.0 0.0 0.0 0.0 0.0 0.0 64.07 2.847378923087672 42.1577218810798
2.5757000000000003 2.0 0.0 5.0 0.0 1.0 1.0 1.0 18.46 2.2234055010375444 108.40620687739315
3.3118000000000016 2.0 0.0 5.0 0.0 0.0 0.0 0.0 18.46 3.8209130913559317 111.80026905978025
4.048300000000003 1.0 0.0 3.0 0.0 0.0 1.0 1.0 17.07 2.8977630167536708 305.3003900253213
3.4356000000000027 4.0 0.0 7.0 0.0 0.0 0.0 0.0 52.6 4.79440813789917 329.3685737754052
3.1544000000000016 2.0 0.0 3.0 0.0 1.0 1.0 1.0 26.3 2.2517550201186687 178.7607506568605
3.2250000000000014 3.0 0.0 10.0 0.0 0.0 0.0 0.0 27.69 3.5369683994703074 129.53006112046364
3.223200000000002 6.0 0.0 3.0 0.0 1.0 1.0 1.0 55.38000000000001 2.8830659131943897 212.49926261033693
2.3022 6.0 1.0 2.0 2.0 3.0 3.0 5.0 66.38000000000001 1.3812327795260029 753.4114276744858
1.3424 4.0 0.0 3.0 1.0 0.0 1.0 2.0 58.97 2.203521434699209 467.8989022073321
2.3218000000000005 1.0 0.0 6.0 0.0 0.0 0.0 0.0 17.07 2.7360228770128336 66.63682062300136
2.903100000000001 1.0 1.0 3.0 2.0 0.0 0.0 2.0 37.3 2.4372651795739144 423.1087192277259
1.7702 2.0 0.0 1.0 0.0 0.0 0.0 0.0 26.3 3.126006652390634 70.09004635215048
-3.2402999999999986 3.0 1.0 1.0 1.0 0.0 0.0 1.0 60.36 9.999998370000272e-07 259.6175282804537
2.2203999999999997 2.0 0.0 2.0 1.0 0.0 0.0 1.0 26.3 2.725078186491341 287.9667060215555
1.0911 4.0 0.0 3.0 0.0 1.0 1.0 1.0 44.760000000000005 2.3870375489290803 192.05372307956134
2.993400000000001 0.0 0.0 0.0 1.0 0.0 0.0 1.0 0.0 3.077660437970554 166.38833891467198
1.52982 1.0 1.0 2.0 1.0 0.0 0.0 1.0 20.23 2.811180917188401 205.6381691811921
1.7511999999999999 2.0 2.0 0.0 1.0 0.0 0.0 1.0 40.46 3.1716780304409156 222.29788705001033
1.9695 1.0 1.0 0.0 0.0 3.0 3.0 3.0 20.23 2.2332046723663592 204.91831683475925
2.1935000000000002 1.0 1.0 1.0 0.0 1.0 1.0 1.0 20.23 2.2599025962240935 90.90138860756122
2.901600000000001 2.0 0.0 1.0 1.0 0.0 0.0 1.0 43.14 3.1515496683060507 300.6337992264623
-3.315399999999995 10.0 0.0 5.0 2.0 0.0 1.0 3.0 171.79 2.7224979542078405e-06 1351.6519487841617
-5.093099999999998 8.0 2.0 5.0 0.0 0.0 0.0 0.0 175.62 -7.199998836750194e-07 237.86496481873445
-4.499599999999996 9.0 1.0 4.0 2.0 0.0 0.0 2.0 165.14 2.87999876945054e-06 976.4101375658846
1.7627 9.0 0.0 20.0 0.0 0.0 0.0 0.0 106.59 4.045434528323379 498.5700790346187
0.41099999999999987 4.0 2.0 4.0 1.0 0.0 0.0 1.0 83.47 2.9054696664014155 464.0973261036955
0.24939999999999998 0.0 0.0 0.0 0.0 0.0 0.0 0.0 0.0 3.0 4.754887502163469
2.2793 1.0 0.0 2.0 1.0 0.0 0.0 1.0 17.07 2.8526279288191434 213.42969243757128
2.7966000000000015 1.0 0.0 1.0 1.0 0.0 0.0 1.0 17.07 2.99883701071891 264.0507411272592
1.6687 3.0 2.0 1.0 2.0 0.0 0.0 2.0 80.39 2.7288816645246325 619.6001475530923
3.7401000000000026 2.0 1.0 4.0 0.0 0.0 1.0 1.0 37.3 7.109999246749671e-07 344.763790635993
2.4111000000000002 3.0 0.0 7.0 0.0 0.0 0.0 0.0 52.37 3.4534663383425372 127.47138037474598
3.237700000000002 1.0 0.0 2.0 0.0 1.0 1.0 1.0 9.23 2.4565297356570683 139.93953880615516
2.9320000000000013 2.0 0.0 7.0 0.0 0.0 0.0 0.0 26.3 3.079859080243926 150.16926858274718
3.2635000000000023 3.0 0.0 2.0 1.0 1.0 2.0 3.0 37.38 1.7886750299312109 459.3222881697243
9.021720000000002 8.0 4.0 10.0 4.0 2.0 3.0 7.0 150.53999999999996 1.322622002555951 2309.8496635541733
3.372620000000002 2.0 1.0 1.0 1.0 0.0 0.0 1.0 44.019999999999996 3.4658065508371094 447.2738627109573
0.6457 1.0 0.0 0.0 0.0 0.0 0.0 0.0 0.0 2.0 2.0
5.753300000000006 4.0 1.0 6.0 1.0 0.0 0.0 1.0 55.760000000000005 3.4613332696716355 563.7684071248065
-1.0791999999999997 0.0 0.0 0.0 0.0 0.0 0.0 0.0 256.5 -0.0 15.576391322853388
3.1751000000000023 4.0 0.0 6.0 0.0 0.0 0.0 0.0 80.25999999999999 -3.723076836639056e-07 372.392540428956
3.282580000000002 1.0 0.0 4.0 0.0 0.0 0.0 0.0 23.79 3.4007515372983277 158.20181564730422
1.5200999999999998 4.0 0.0 2.0 1.0 0.0 0.0 1.0 69.44 3.0435273546341013 347.75219273969725
3.318500000000001 4.0 2.0 6.0 2.0 0.0 0.0 2.0 73.58 2.307772870520781 641.8523518621994
2.9588900000000002 2.0 1.0 0.0 2.0 0.0 0.0 2.0 15.79 3.007619546803024 362.89835341124046
0.9279 2.0 1.0 1.0 1.0 1.0 1.0 2.0 32.34 2.163151357913761 283.8398264257791
2.7338200000000006 0.0 0.0 1.0 1.0 0.0 0.0 1.0 0.0 3.0065240073265844 193.51405299160075
2.7197000000000005 0.0 0.0 1.0 1.0 0.0 0.0 1.0 0.0 2.981454614041131 196.53811204568342
2.1293 2.0 1.0 3.0 1.0 0.0 0.0 1.0 29.46 2.9595595472247798 279.16711032401867
5.958400000000009 1.0 3.0 15.0 0.0 0.0 0.0 0.0 77.75999999999999 -6.392104220788277e-07 235.13865282819253
-5.2416 2.0 1.0 0.0 0.0 0.0 0.0 0.0 60.36 0.0 29.87430298092722
-12.993099999999997 3.0 0.0 0.0 0.0 0.0 0.0 0.0 220.69 -2.142857132653061e-09 35.07329781366414
1.9648 0.0 0.0 0.0 1.0 0.0 0.0 1.0 0.0 3.077660437970554 166.38833891467198
-2.4495000000000005 3.0 0.0 0.0 0.0 0.0 0.0 0.0 63.19 0.0 29.87430298092722
2.541900000000001 2.0 0.0 5.0 0.0 0.0 0.0 0.0 26.3 3.3140735413076987 147.9175691117035
6.757320000000006 10.0 6.0 11.0 4.0 0.0 1.0 5.0 218.98 6.774998137741544e-07 2125.5380419663975
3.738100000000003 1.0 0.0 0.0 0.0 0.0 2.0 2.0 17.07 2.596666247526767 344.35020121146897
2.7547000000000015 4.0 2.0 8.0 2.0 0.0 0.0 2.0 58.92 2.1292981493188137 534.2716070979034
1.3927999999999998 1.0 1.0 2.0 0.0 0.0 0.0 0.0 12.03 2.9532231745612925 33.44467835888275
-1.1652000000000018 14.0 8.0 6.0 2.0 2.0 3.0 5.0 225.05999999999997 1.410692039082298 1237.2639755717807
-3.8946000000000005 4.0 0.0 0.0 0.0 0.0 0.0 0.0 80.25999999999999 0.0 75.69058447171099
-2.8278000000000003 3.0 0.0 0.0 0.0 0.0 0.0 0.0 63.19 0.0 29.87430298092722
3.3122000000000025 4.0 0.0 6.0 1.0 0.0 0.0 1.0 52.60000000000001 2.815925753105677 420.29960603265533
3.119900000000002 8.0 2.0 15.0 0.0 0.0 0.0 0.0 129.26 3.9621061451815285 702.5749607742148
3.847800000000002 1.0 1.0 5.0 0.0 1.0 1.0 1.0 37.3 2.672386231289719 200.58149257691622
2.2291999999999996 4.0 0.0 8.0 0.0 0.0 0.0 0.0 52.60000000000001 3.6282159297250254 209.17325948008235
1.2249999999999999 4.0 0.0 5.0 0.0 0.0 0.0 0.0 52.6 3.5718875165673554 237.29556359515865
-4.137899999999999 0.0 1.0 0.0 0.0 0.0 0.0 0.0 27.64 0.0 4.754887502163468
7.043060000000007 0.0 0.0 0.0 3.0 0.0 2.0 5.0 0.0 1.1680555470767106e-07 863.3117033513096
2.749200000000001 3.0 1.0 3.0 2.0 0.0 0.0 2.0 46.53 1.9594054671723935 488.6355887837592
2.2233799999999997 1.0 0.0 1.0 1.0 0.0 0.0 1.0 23.79 2.789949981500122 253.80679720013123
-0.13809999999999972 6.0 2.0 5.0 1.0 0.0 0.0 1.0 123.75999999999999 2.765085557651497 592.1963481728367
3.5141000000000027 1.0 0.0 2.0 0.0 0.0 1.0 1.0 17.07 2.8622896032432172 281.6106883094834
0.17930000000000001 2.0 0.0 2.0 0.0 0.0 0.0 0.0 26.3 2.4017152226171965 26.07403392114697
0.2136999999999999 4.0 3.0 2.0 1.0 0.0 0.0 1.0 117.69 3.339787385782996 478.8535635303721
0.8934 2.0 2.0 2.0 1.0 0.0 0.0 1.0 46.25 2.693803452362809 192.91749419417292
-0.6578299999999975 9.0 3.0 7.0 1.0 1.0 3.0 4.0 159.56 3.609993390704239e-06 1421.8052428929639
2.660100000000001 3.0 0.0 7.0 1.0 0.0 0.0 1.0 35.53 2.116728158652159 295.30583312377763
1.1856 4.0 1.0 2.0 1.0 0.0 0.0 1.0 78.38999999999999 3.1343002499495434 311.5198400095355
0.6457 1.0 0.0 0.0 0.0 0.0 0.0 0.0 0.0 2.0 2.0
-1.6810999999999965 6.0 4.0 12.0 0.0 0.0 0.0 0.0 155.68 4.336673146764226 329.684467129886
1.8094999999999997 1.0 1.0 0.0 1.0 0.0 0.0 1.0 20.23 3.310532874722407 236.16499587006638
1.6513 1.0 1.0 4.0 0.0 0.0 0.0 0.0 37.3 2.822354554248032 68.92878689342031
2.5276000000000005 7.0 1.0 14.0 0.0 0.0 0.0 0.0 99.13000000000001 4.7973447223311965 382.22876128571573
2.541900000000001 2.0 0.0 2.0 0.0 0.0 1.0 1.0 26.3 2.396855637161826 218.13016856543948
2.6596800000000007 3.0 0.0 7.0 0.0 0.0 0.0 0.0 50.09 3.6146686382533137 195.9544373195103
-3.2176 7.0 0.0 0.0 0.0 0.0 0.0 0.0 131.46999999999997 -2.0333333251261906e-08 126.73047810401042
0.3181000000000002 5.0 3.0 4.0 1.0 2.0 2.0 3.0 112.72999999999999 1.711293315571299 693.8227554205865
2.4418000000000006 2.0 2.0 2.0 2.0 0.0 0.0 2.0 52.04 2.1467113756182017 385.5980616534615
3.692700000000002 2.0 1.0 2.0 1.0 0.0 1.0 2.0 21.259999999999998 2.4152699754678197 432.36152386019273
2.935900000000001 1.0 0.0 7.0 0.0 0.0 0.0 0.0 17.07 2.703789901245323 69.12851783364005
0.7383000000000001 2.0 1.0 1.0 1.0 0.0 0.0 1.0 39.16 2.762608341443769 122.63609436412281
0.5410000000000001 1.0 1.0 0.0 0.0 0.0 0.0 0.0 20.23 3.168489872670569 38.54808140664299
0.6729999999999998 5.0 0.0 0.0 0.0 1.0 1.0 1.0 46.150000000000006 2.545062749921742 140.2129994085646
0.6025999999999998 4.0 0.0 7.0 0.0 0.0 0.0 0.0 44.760000000000005 2.86138733944056 113.62548782626678
3.3011000000000017 3.0 0.0 7.0 0.0 0.0 0.0 0.0 27.69 4.897563150614515 253.41417184399393
-0.24880000000000008 2.0 2.0 3.0 0.0 0.0 0.0 0.0 40.46 2.3390923149762908 17.509775004326936
2.1552 3.0 0.0 0.0 0.0 1.0 1.0 1.0 27.69 2.808020996764068 145.19311924156366
-1.6681000000000001 3.0 3.0 2.0 0.0 0.0 0.0 0.0 60.69 2.7541847860376616 25.219280948873624
-1.1131999999999982 0.0 0.0 4.0 0.0 0.0 0.0 0.0 0.0 0.0 52.14806784229394
-1.1131999999999982 0.0 0.0 4.0 0.0 0.0 0.0 0.0 0.0 0.0 52.14806784229394
-5.095999999999998 3.0 2.0 0.0 0.0 0.0 0.0 0.0 63.519999999999996 0.0 26.264662506490403
3.9626000000000037 6.0 0.0 9.0 0.0 0.0 0.0 0.0 64.77 4.919056398986903 325.999020635471
0.01739999999999997 2.0 2.0 0.0 0.0 0.0 0.0 0.0 40.46 1.0 0.0
-4.779529999999994 11.0 4.0 5.0 2.0 0.0 1.0 3.0 244.66 3.422497605870474e-06 1628.5826077070562
1.39882 2.0 2.0 1.0 1.0 0.0 0.0 1.0 57.53 3.1960696621259195 291.38868672862577
0.9985999999999999 4.0 2.0 2.0 1.0 0.0 0.0 1.0 100.66999999999999 3.267052212361692 373.14569309988275
2.21164 2.0 0.0 1.0 1.0 0.0 0.0 1.0 43.14 3.1515496683060507 294.1435742307893
3.078800000000001 0.0 0.0 1.0 1.0 0.0 0.0 1.0 0.0 3.0065240073265844 195.86256853719752
1.75268 1.0 0.0 1.0 1.0 0.0 0.0 1.0 23.79 2.756899621214729 207.75928651033234
3.922280000000003 2.0 2.0 2.0 2.0 0.0 0.0 2.0 40.46 2.3641287974343315 525.6445708975931
4.932000000000005 3.0 0.0 13.0 1.0 0.0 0.0 1.0 43.370000000000005 4.839993903808018e-06 474.2998820159188
4.289700000000004 1.0 1.0 11.0 0.0 0.0 0.0 0.0 20.23 2.7847655305545773 79.23635259028
-5.633399999999998 7.0 1.0 5.0 0.0 0.0 0.0 0.0 140.62 0.0 232.56457479341313
3.764400000000003 3.0 0.0 2.0 0.0 1.0 1.0 1.0 35.53 2.5691832309746636 229.82243064641156
2.2045000000000012 3.0 1.0 7.0 3.0 1.0 1.0 4.0 43.78 2.2816646170227356e-06 1047.7766188754827
3.216800000000002 3.0 0.0 8.0 0.0 0.0 0.0 0.0 43.370000000000005 3.446938378091589 167.3062531800184
3.7161000000000026 1.0 0.0 8.0 0.0 0.0 0.0 0.0 17.07 2.86138733944056 107.5717400212565
3.6684000000000028 2.0 0.0 3.0 1.0 0.0 0.0 1.0 18.46 2.6788339682610025 296.0620335464123
2.675800000000001 3.0 1.0 7.0 0.0 0.0 0.0 0.0 26.3 3.0380099445134228 134.88643538696058
2.918800000000002 0.0 0.0 5.0 0.0 0.0 0.0 0.0 0.0 2.7079488122831483 52.43856189774725
3.1544000000000016 2.0 0.0 1.0 0.0 1.0 1.0 1.0 26.3 2.6375785901502637 202.85749387444827
5.144700000000002 2.0 1.0 2.0 2.0 0.0 0.0 2.0 29.46 2.3122378354877973 505.9421592432012
6.3158000000000065 2.0 1.0 20.0 0.0 0.0 0.0 0.0 32.34 3.1132141182822313 291.93240539975625
1.7648000000000004 7.0 2.0 5.0 3.0 0.0 1.0 4.0 120.54999999999998 2.88999525665386e-06 1333.1036069941936
-0.7343999999999999 2.0 0.0 0.0 0.0 0.0 0.0 0.0 60.0 -0.0 2.7548875021634682
9.051700000000002 1.0 0.0 1.0 0.0 4.0 6.0 6.0 9.23 1.319999987113257e-07 707.9388227395466
3.8996000000000035 1.0 1.0 10.0 0.0 0.0 0.0 0.0 20.23 2.7581498184332935 71.19366193720087
0.01188 2.0 0.0 0.0 0.0 0.0 0.0 0.0 23.79 0.0 29.509775004326936
4.1945000000000014 7.0 3.0 6.0 3.0 0.0 0.0 3.0 105.75 1.8769606130888221 793.4828195543632
5.0087000000000055 6.0 0.0 12.0 2.0 0.0 0.0 2.0 71.06 1.876568332885611 891.1761012149126
4.408000000000004 1.0 0.0 0.0 0.0 3.0 3.0 3.0 9.23 1.9773447987737445 317.4868683012557
4.408000000000004 1.0 0.0 0.0 0.0 3.0 3.0 3.0 9.23 1.9773447987737445 317.4868683012557
5.049400000000005 2.0 0.0 10.0 1.0 0.0 0.0 1.0 18.46 2.837712550013319 364.2644290425717
-7.341000000000001 9.0 0.0 0.0 0.0 0.0 0.0 0.0 189.57 -2.699999991e-08 115.6067314326046
3.805640000000002 4.0 2.0 7.0 2.0 0.0 0.0 2.0 92.34 2.167824804173692 870.0480937199308
3.7561000000000018 3.0 3.0 3.0 3.0 0.0 0.0 3.0 78.43 1.8163754134937584 917.5481477224685
4.759520000000003 2.0 2.0 2.0 3.0 0.0 0.0 3.0 49.33 1.9799228725999738 874.0901967801403
-0.5303999999999999 3.0 0.0 0.0 0.0 0.0 0.0 0.0 90.0 -0.0 3.2451124978365313
3.6915000000000022 4.0 1.0 2.0 2.0 0.0 0.0 2.0 24.92 2.1562689700611974 423.80101539281736
-0.3808 0.0 0.0 0.0 0.0 0.0 0.0 0.0 0.0 0.0 0.0
4.102300000000004 2.0 0.0 8.0 0.0 0.0 0.0 0.0 26.3 3.466508956517113 214.77523112580906
3.806300000000002 3.0 2.0 3.0 3.0 0.0 0.0 3.0 58.56 1.8882040440388015 825.3599220892858
3.5581600000000018 4.0 0.0 4.0 2.0 0.0 0.0 2.0 66.03999999999999 2.1582945131771196 589.3616072984779
7.627200000000006 0.0 0.0 14.0 0.0 0.0 0.0 0.0 0.0 3.362354107958663 165.58774655092262
-0.3564 0.0 0.0 0.0 0.0 0.0 0.0 0.0 85.5 -0.0 4.854752972273344
4.106200000000003 1.0 0.0 10.0 0.0 0.0 0.0 0.0 17.07 2.7919988397452453 99.29759899884874
3.8034000000000017 2.0 2.0 1.0 2.0 0.0 1.0 3.0 24.06 2.2753717913874882 504.6766806253728
4.538800000000004 6.0 0.0 19.0 0.0 0.0 0.0 0.0 71.06 3.5670471683942484 349.22326730711194
11.835499999999987 10.0 5.0 13.0 5.0 0.0 2.0 7.0 186.49999999999997 2.2017592036490595e-07 3007.615867390725
4.627800000000002 7.0 1.0 1.0 5.0 0.0 2.0 7.0 120.33 1.3854767929175256 1806.7098851437422
4.196400000000002 3.0 2.0 4.0 3.0 0.0 0.0 3.0 58.56 1.8355914386387557 840.8625818400062
4.468300000000003 4.0 2.0 4.0 3.0 0.0 0.0 3.0 67.79 1.9742074356788424 955.5521119106772
6.754900000000005 6.0 3.0 4.0 9.0 0.0 0.0 9.0 142.26999999999998 1.3463121358514456 3199.457301800503
3.6788000000000025 4.0 0.0 6.0 2.0 0.0 0.0 2.0 35.53 1.9651932716462865 578.530785639665
6.043300000000003 3.0 1.0 0.0 8.0 0.0 0.0 8.0 67.0 1.6719050411948804 2385.6769924073888
3.5980000000000025 7.0 0.0 2.0 0.0 2.0 2.0 2.0 46.150000000000006 1.9803728758792238 383.2009657108006
3.3888000000000025 0.0 0.0 1.0 0.0 0.0 1.0 1.0 0.0 2.418109175616248 130.97373660251156
3.0423 9.0 6.0 21.0 1.0 0.0 0.0 1.0 186.65999999999997 2.5054320900765363 625.6602216685291
3.712200000000003 2.0 0.0 9.0 0.0 0.0 0.0 0.0 26.3 3.0490128685991014 173.3747663937881
3.962100000000003 1.0 0.0 9.0 0.0 0.0 0.0 0.0 17.07 2.948167887963237 109.69210414479323
5.064800000000004 3.0 0.0 6.0 3.0 0.0 0.0 3.0 9.72 2.0443525259677444 754.1475457503358
-10.5414 12.0 0.0 0.0 0.0 0.0 0.0 0.0 240.77999999999997 -5.3571428295918366e-08 281.0851869626513
-0.0025 0.0 0.0 0.0 0.0 0.0 0.0 0.0 0.0 0.0 0.0
6.764400000000005 4.0 0.0 4.0 4.0 0.0 1.0 5.0 34.14 1.621491385053882 1167.9742921107668
-1.3068 0.0 0.0 0.0 0.0 0.0 0.0 0.0 313.5 -0.0 15.923345491918562
4.964840000000005 2.0 2.0 2.0 2.0 1.0 1.0 3.0 40.46 2.1480165624160334 628.6017541173309
0.0505199999999999 8.0 1.0 4.0 2.0 0.0 1.0 3.0 138.79 2.8033304522669224e-06 1138.5148745463796
5.061800000000005 4.0 0.0 14.0 0.0 0.0 0.0 0.0 52.60000000000001 4.0394042357103475 328.6503493057081
3.726600000000003 4.0 0.0 6.0 2.0 0.0 0.0 2.0 52.6 1.8236267403360251 590.0845347710139
-2.9234000000000004 4.0 2.0 0.0 0.0 0.0 0.0 0.0 120.72 -7.199999951999999e-08 69.05865002596163
4.670300000000005 2.0 0.0 4.0 0.0 1.0 1.0 1.0 18.46 2.170986572017207 147.00080941905125
6.4737000000000045 2.0 2.0 2.0 2.0 0.0 0.0 2.0 40.46 2.614907029381243 605.3051847914574
4.092400000000004 4.0 0.0 8.0 1.0 0.0 0.0 1.0 52.60000000000001 2.6763110482800374 446.61545263662805
2.317500000000001 4.0 0.0 4.0 0.0 0.0 0.0 0.0 6.48 -2.1777777428641983e-07 184.48257857242325
8.9764 8.0 0.0 12.0 5.0 0.0 0.0 5.0 89.52000000000001 1.406034041768831 1391.5070122980462
3.3211000000000013 0.0 1.0 0.0 3.0 0.0 0.0 3.0 15.79 2.642438259907001 512.8841359099093
4.665600000000004 4.0 0.0 4.0 1.0 2.0 2.0 3.0 52.60000000000001 1.6657948843748238 517.7565100703199
4.409200000000004 4.0 0.0 2.0 0.0 3.0 4.0 4.0 60.440000000000005 1.7018010291608856 736.6603800570747
4.837100000000006 3.0 2.0 19.0 0.0 0.0 0.0 0.0 60.77000000000001 3.3930235634029 325.3490495594844
2.705800000000001 8.0 0.0 10.0 1.0 0.0 0.0 1.0 105.20000000000003 3.216129253403321 709.0442171079859
3.4857000000000022 2.0 0.0 5.0 2.0 0.0 0.0 2.0 26.3 1.7467859348215091 529.7032274575292
5.356400000000005 2.0 2.0 18.0 0.0 0.0 0.0 0.0 49.33 3.036229911974311 243.7961725803002
4.451100000000001 2.0 2.0 2.0 3.0 0.0 0.0 3.0 49.33 1.9342579478836073 812.637985586735
9.095500000000005 7.0 1.0 9.0 1.0 2.0 2.0 3.0 79.31 2.1998993907087105 1232.7553186607138
4.043500000000002 2.0 1.0 4.0 2.0 0.0 0.0 2.0 46.17 2.4683046593056117 705.8230148514472
4.180600000000004 2.0 0.0 1.0 0.0 3.0 3.0 3.0 26.3 1.9867717135728293 413.4851275254276
5.303300000000005 2.0 2.0 16.0 0.0 0.0 0.0 0.0 57.53 3.119176987458335 228.50332838484442
4.344000000000002 6.0 0.0 0.0 8.0 0.0 0.0 8.0 68.74000000000001 1.7350878258692146 2033.0333062293016
0.0505199999999999 8.0 1.0 4.0 2.0 0.0 1.0 3.0 138.79 2.8033304522669224e-06 1138.5148745463796
3.732260000000003 4.0 0.0 4.0 2.0 0.0 0.0 2.0 66.03999999999999 2.2788128734533615 628.0553464876677
4.430880000000004 1.0 0.0 9.0 0.0 0.0 0.0 0.0 23.79 2.8036102232171927 123.57639132285338
3.826200000000002 2.0 0.0 2.0 2.0 0.0 0.0 2.0 34.14 2.4961289671937283 565.0601341830188
6.159800000000006 2.0 2.0 10.0 1.0 0.0 0.0 1.0 24.06 2.386947201191402 355.6732005069588
4.535700000000005 1.0 1.0 2.0 0.0 1.0 1.0 1.0 20.23 2.297380987578415 143.51394111779547
3.4662000000000024 2.0 0.0 9.0 0.0 0.0 0.0 0.0 26.3 2.984750350744548 152.40071895207583
22.234900000000014 15.0 0.0 6.0 6.0 0.0 6.0 12.0 280.2 1.9058823221769039e-07 5273.580569004271
-1.118 0.0 0.0 0.0 0.0 0.0 0.0 0.0 85.5 -0.0 4.854752972273344
3.817400000000003 2.0 1.0 0.0 1.0 2.0 3.0 4.0 37.3 1.7284412573952104 576.7809963203815
4.295620000000003 1.0 1.0 0.0 1.0 0.0 0.0 1.0 20.23 3.507848337934589 353.8715828475769
27.00160000000004 8.0 0.0 44.0 0.0 0.0 0.0 0.0 105.20000000000002 -8.955579742443009e-07 4231.446250719309
5.932700000000007 1.0 1.0 6.0 1.0 0.0 0.0 1.0 20.23 3.374419947424018 377.1464645198251
4.583400000000003 1.0 1.0 2.0 3.0 0.0 0.0 3.0 12.03 1.961246717577175 629.1061251510306
-0.1213 1.0 0.0 0.0 0.0 0.0 0.0 0.0 17.07 2.0 2.0
-0.3614 0.0 0.0 0.0 0.0 0.0 0.0 0.0 85.5 -0.0 4.854752972273344
4.3742000000000045 1.0 0.0 8.0 0.0 0.0 0.0 0.0 17.07 3.446713603601744 189.51538124536236
5.666800000000005 2.0 2.0 7.0 2.0 0.0 0.0 2.0 24.06 1.8681683313643485 517.0224340821791
5.196600000000005 1.0 0.0 0.0 0.0 0.0 1.0 1.0 17.07 2.187739377081556 217.5650683358713
4.098080000000003 3.0 1.0 1.0 0.0 2.0 4.0 4.0 53.25 1.6278831867178503 628.0431565749498
4.524600000000004 2.0 0.0 0.0 0.0 4.0 4.0 4.0 18.46 1.72837577139478 431.1341594627748
3.468700000000003 0.0 0.0 1.0 0.0 1.0 1.0 1.0 0.0 2.2599025962240935 86.2114326716684
5.548440000000005 12.0 2.0 6.0 4.0 0.0 2.0 6.0 197.32 2.243076845362726e-07 2261.317942691076
4.779000000000004 4.0 0.0 8.0 2.0 0.0 0.0 2.0 48.42 1.908833851857749 659.7567984804331
5.534500000000007 3.0 2.0 21.0 0.0 0.0 0.0 0.0 43.7 3.1327607939821114 230.0671091689631
4.780600000000004 2.0 0.0 0.0 0.0 0.0 1.0 1.0 26.3 2.168809346986403 211.25145951469784
3.6145000000000014 4.0 2.0 3.0 2.0 0.0 0.0 2.0 81.42 2.236680792383185 747.562573088626
5.045200000000005 5.0 0.0 16.0 0.0 0.0 0.0 0.0 44.760000000000005 3.9259474554365448 272.7473823146275
4.726200000000004 1.0 1.0 2.0 3.0 0.0 0.0 3.0 20.23 2.1529889837491285 614.8173163228438
4.112500000000003 1.0 0.0 1.0 1.0 1.0 1.0 2.0 17.07 2.2641797357477587 440.3080752261015
10.877799999999992 8.0 4.0 11.0 4.0 0.0 0.0 4.0 133.52 1.59590031435355 1852.79240546497
4.477000000000004 0.0 0.0 2.0 2.0 0.0 0.0 2.0 0.0 2.3212483183989283 409.55111534016135
4.691400000000003 2.0 2.0 6.0 2.0 0.0 0.0 2.0 52.04 2.425750084259508 576.7263045116879
4.228500000000004 6.0 0.0 12.0 2.0 0.0 0.0 2.0 71.06 1.897749061133072 807.7331652105435
7.733800000000007 1.0 1.0 6.0 4.0 0.0 0.0 4.0 12.03 1.4287919863650238 932.165538323895
68.54113999999966 0.0 0.0 141.0 6.0 0.0 0.0 6.0 0.0 9.592920685926263e-07 3977.4450416239624
24.580600000000036 0.0 0.0 43.0 3.0 0.0 0.0 3.0 0.0 5.085029704976383e-07 1372.1698401021797
4.059800000000004 2.0 0.0 7.0 1.0 0.0 0.0 1.0 26.3 2.362420164809228 318.9535215198018
3.763800000000004 3.0 1.0 2.0 1.0 1.0 1.0 2.0 46.53 2.0508210540811196 464.8167793881726
19.800799999999988 0.0 0.0 32.0 3.0 0.0 0.0 3.0 0.0 4.097646947820834e-07 1051.8482014232666
3.940500000000002 5.0 1.0 4.0 2.0 0.0 0.0 2.0 98.53999999999999 2.3613597422481107 838.6092784121422
4.268400000000004 2.0 0.0 7.0 0.0 0.0 0.0 0.0 26.3 3.6796365070516837 283.2969451036391
5.234600000000002 2.0 0.0 8.0 0.0 0.0 0.0 0.0 26.3 5.8047502879384645 576.3343060906911
2.1361999999999997 4.0 0.0 4.0 2.0 0.0 2.0 4.0 74.76 1.465397906726139 897.6520651109073
4.679800000000005 1.0 1.0 12.0 0.0 0.0 0.0 0.0 20.23 2.8079257388805243 89.51182269698971
8.701700000000004 4.0 0.0 9.0 3.0 0.0 0.0 3.0 44.760000000000005 1.8665041806686111 899.8212602767087
5.002200000000004 0.0 0.0 7.0 0.0 0.0 0.0 0.0 0.0 3.009208079324262 100.96632017383187
4.225700000000003 4.0 1.0 3.0 2.0 1.0 1.0 3.0 24.92 1.6372019750951292 455.88004875061137
-0.0025 0.0 0.0 0.0 0.0 0.0 0.0 0.0 0.0 0.0 0.0
26.759600000000063 4.0 4.0 51.0 4.0 0.0 0.0 4.0 80.92 5.866666548398991e-07 2280.0125966889395
3.2249000000000017 3.0 2.0 5.0 2.0 0.0 0.0 2.0 67.42999999999999 2.074000729231524 698.1709828705707
4.614500000000004 2.0 0.0 0.0 0.0 1.0 1.0 1.0 26.3 2.1124110421554065 171.36084112383594
4.756240000000004 4.0 0.0 2.0 4.0 0.0 0.0 4.0 52.06 1.6826991962173294 926.4580098392107
4.635800000000003 9.0 0.0 6.0 3.0 0.0 0.0 3.0 167.19 4.28571424877551e-07 760.7996874029737
4.948200000000004 3.0 0.0 5.0 2.0 0.0 0.0 2.0 27.96 2.086339079358203 513.4501262125178
-8.988 0.0 0.0 0.0 0.0 0.0 0.0 0.0 0.0 -0.0 3.2451124978365313
3.0244000000000018 2.0 0.0 1.0 2.0 0.0 1.0 3.0 34.14 2.2684291257338125 668.5472200566021
5.067700000000004 0.0 0.0 4.0 2.0 0.0 0.0 2.0 0.0 2.1651245395776497 506.2492784614167
8.580400000000006 7.0 1.0 12.0 7.0 0.0 0.0 7.0 81.65 1.2761229406196275 2030.0047999643484
-6.3509 0.0 0.0 0.0 0.0 0.0 0.0 0.0 85.5 -0.0 8.754887502163466
8.936000000000005 6.0 0.0 18.0 2.0 0.0 0.0 2.0 71.06 4.199999808428581e-07 954.0631804451049
2.1093999999999995 9.0 3.0 7.0 3.0 0.0 0.0 3.0 172.14 1.8983317460140268 1338.267208249254
3.916000000000003 1.0 0.0 9.0 0.0 1.0 1.0 1.0 12.53 1.6344124392929746 107.69210414479322
4.696200000000004 1.0 0.0 11.0 0.0 1.0 1.0 1.0 12.53 1.6182570532012817 129.30039002532132
2.9917000000000016 1.0 0.0 0.0 0.0 4.0 4.0 4.0 9.23 1.6878333465948456 253.9611776897996
2.863600000000001 1.0 0.0 4.0 0.0 0.0 0.0 0.0 9.23 4.233343581482011 143.4749933158665
5.119380000000006 2.0 2.0 3.0 2.0 0.0 0.0 2.0 40.46 2.7251183452454715 641.8388115595045
2.1093999999999995 9.0 3.0 7.0 3.0 0.0 0.0 3.0 172.14 1.8696961800407865 1304.0172082492545
2.5854 6.0 3.0 2.0 3.0 0.0 0.0 3.0 100.13000000000001 2.2413915655906482 925.802728559792
-2.161800000000005 21.0 15.0 39.0 1.0 0.0 0.0 1.0 378.44999999999993 -9.656603249332524e-07 993.215929250872
4.844500000000002 2.0 0.0 8.0 0.0 0.0 0.0 0.0 26.3 5.846860266638834 534.6985935957281
9.3187 3.0 0.0 20.0 1.0 0.0 0.0 1.0 27.69 2.1678707463877176 454.42686911131733
-0.7740999999999998 3.0 2.0 0.0 0.0 0.0 0.0 0.0 91.66999999999999 0.0 102.04184397996642
2.7704200000000014 2.0 0.0 0.0 2.0 0.0 1.0 3.0 34.14 2.3304909398632216 653.7214377553814
5.1738000000000035 2.0 2.0 4.0 3.0 0.0 0.0 3.0 24.06 1.6862843995225325 585.5180499526653
2.4130000000000003 4.0 0.0 2.0 2.0 0.0 0.0 2.0 52.60000000000001 2.4805888305757398 560.9701430031515
14.394099999999991 15.0 0.0 6.0 6.0 0.0 6.0 12.0 280.2 1.706666640982224e-07 4591.556833101793
1.8731999999999998 4.0 2.0 0.0 2.0 0.0 1.0 3.0 74.6 2.4094150669454457 640.9353339687133
5.086600000000004 0.0 0.0 2.0 2.0 0.0 0.0 2.0 0.0 2.789289725212396 492.3645117435043
6.129400000000007 1.0 0.0 14.0 0.0 0.0 0.0 0.0 17.07 3.124621332555885 161.9357738214561
1.8957999999999997 6.0 1.0 4.0 3.0 1.0 1.0 4.0 66.39 1.4101444851379632 906.1074680681232
5.290800000000002 1.0 2.0 2.0 2.0 0.0 0.0 2.0 41.13 2.0064249016293974 599.3373665151105
5.022300000000005 4.0 0.0 4.0 0.0 1.0 1.0 1.0 36.92 2.87240301325283 317.67972077346747
4.7252000000000045 0.0 0.0 0.0 0.0 1.0 2.0 2.0 0.0 2.119623126378003 293.1601712439863
4.942000000000005 0.0 0.0 3.0 2.0 0.0 0.0 2.0 0.0 2.466536212709305 442.57622409136684
4.418800000000003 1.0 0.0 3.0 3.0 0.0 0.0 3.0 9.23 1.78737619501489 643.8355604705517
3.512400000000002 3.0 0.0 0.0 3.0 0.0 1.0 4.0 39.07 2.349565222946309 1001.5781209653659
3.7059000000000015 4.0 2.0 3.0 3.0 0.0 0.0 3.0 92.47 1.9276302759247497 921.3653597122112
-0.3564 0.0 0.0 0.0 0.0 0.0 0.0 0.0 85.5 -0.0 4.854752972273344
5.694400000000001 7.0 0.0 4.0 2.0 0.0 0.0 2.0 121.81 2.273897320748215 861.6939412100224
5.334000000000004 0.0 0.0 2.0 1.0 0.0 2.0 3.0 0.0 1.736105834392174 435.61104413490807
5.087600000000009 2.0 4.0 15.0 0.0 0.0 0.0 0.0 97.99000000000001 0.0 293.51958274693
2.5048000000000004 2.0 1.0 0.0 1.0 0.0 0.0 1.0 37.3 6.709090223541395e-07 243.7879433053778
-0.0025 0.0 0.0 0.0 0.0 0.0 0.0 0.0 0.0 0.0 0.0
3.7155400000000025 3.0 1.0 2.0 2.0 0.0 1.0 3.0 41.46 1.9560984078313077 772.5378359710456
4.8605000000000045 2.0 0.0 12.0 0.0 0.0 0.0 0.0 26.3 2.9612681471383215 166.30475487798427
6.999600000000007 4.0 2.0 7.0 5.0 0.0 0.0 5.0 38.74 1.7122361195348514 1439.7368734516015
6.990600000000005 4.0 2.0 7.0 4.0 0.0 0.0 4.0 58.2 1.4669001835366384 1117.7017211152781
6.336100000000007 1.0 0.0 16.0 0.0 0.0 0.0 0.0 20.310000000000002 3.613822572992725 231.86174320100946
1.5286999999999997 5.0 0.0 3.0 1.0 0.0 0.0 1.0 78.66999999999999 3.123368127282912 401.4892192028794
-0.4985 2.0 1.0 0.0 0.0 0.0 0.0 0.0 54.37 0.0 93.96160537041904
3.232240000000002 4.0 0.0 2.0 2.0 0.0 0.0 2.0 52.6 1.9437578090816652 554.4300614555088
7.400840000000007 2.0 2.0 4.0 2.0 2.0 2.0 4.0 40.46 1.6671198869995685 783.8268980429561
6.433000000000007 4.0 0.0 14.0 1.0 0.0 0.0 1.0 52.60000000000001 2.6905904564648386 530.7228097510647
3.9334000000000033 0.0 0.0 2.0 1.0 0.0 0.0 1.0 0.0 3.086388778868778 218.97015243201014
3.9334000000000033 0.0 0.0 2.0 1.0 0.0 0.0 1.0 0.0 2.95842190964212 222.72015243201014
10.343199999999996 3.0 3.0 32.0 0.0 0.0 0.0 0.0 69.56 3.575734366002712 536.1362882991057
5.552300000000005 1.0 1.0 14.0 0.0 0.0 0.0 0.0 37.3 2.9229656090325555 177.93577382145608
2.4994000000000005 2.0 0.0 1.0 0.0 2.0 3.0 3.0 26.3 1.8013048134867886 305.4435901441389
2.8736000000000015 4.0 0.0 0.0 0.0 1.0 1.0 1.0 36.92 2.977060745318193 205.21187563522582
5.183900000000006 4.0 0.0 16.0 0.0 0.0 0.0 0.0 52.6 3.299477983838683 261.09419995128235
3.738100000000003 1.0 0.0 4.0 0.0 1.0 1.0 1.0 17.07 2.432012945763168 215.2754526075878
3.8144000000000027 1.0 0.0 1.0 3.0 0.0 0.0 3.0 4.93 2.6169090708759697 566.1070932544912
5.963500000000006 5.0 0.0 11.0 2.0 0.0 0.0 2.0 46.42 1.8319596539513565 671.7170623577776
-11.305900000000001 16.0 0.0 0.0 0.0 0.0 0.0 0.0 345.0 -2.844444436839506e-08 291.9826350521752
8.165200000000006 8.0 0.0 10.0 6.0 0.0 0.0 6.0 77.34 1.1189855482796225 1634.4898400122488
4.448400000000004 3.0 0.0 5.0 2.0 0.0 0.0 2.0 43.370000000000005 2.0687244031316134 689.1617995042972
2.8074000000000012 2.0 0.0 4.0 0.0 0.0 0.0 0.0 18.46 3.830355464089918 120.56736464594485
-1.0897000000000006 15.0 8.0 7.0 3.0 2.0 2.0 5.0 238.2 1.3618119207500035 1507.492076090512
-2.6318999999999972 9.0 0.0 6.0 1.0 3.0 3.0 4.0 103.59 1.8082493753899793 604.5390164761754
0.4649999999999996 8.0 2.0 4.0 4.0 0.0 0.0 4.0 134.48 2.2475277234697733 1370.536182552026
7.892900000000008 1.0 1.0 20.0 0.0 0.0 0.0 0.0 37.3 2.9653789386426435 250.35446975062405
3.476200000000002 2.0 0.0 5.0 2.0 0.0 0.0 2.0 26.3 1.7154979320476862 476.9648515208871
2.1951000000000005 1.0 1.0 5.0 0.0 0.0 0.0 0.0 20.23 2.8766225950797444 52.52932501298081
0.7348799999999998 4.0 0.0 4.0 0.0 0.0 0.0 0.0 68.28 -1.7999999750625003e-07 195.80694332859096
3.0162000000000013 4.0 2.0 0.0 7.0 0.0 0.0 7.0 99.85999999999999 1.9470579005489246 1796.5553620600522
4.219620000000003 4.0 2.0 2.0 3.0 0.0 1.0 4.0 66.4 1.8805845311359677 1019.8111975374047
-1.4592999999999998 4.0 0.0 0.0 0.0 0.0 0.0 0.0 108.75999999999999 -7.999999835000003e-08 91.24856184822198
4.1334000000000035 3.0 0.0 4.0 1.0 1.0 2.0 3.0 43.370000000000005 1.898753623524068 653.4644011582036
7.267800000000007 0.0 0.0 15.0 0.0 0.0 0.0 0.0 0.0 2.862306209193584 112.0
3.354300000000002 2.0 0.0 1.0 0.0 2.0 2.0 2.0 18.46 2.1208837104490783 226.69045208702977
12.221999999999984 12.0 3.0 27.0 4.0 0.0 0.0 4.0 153.65999999999997 1.485749355584545 1657.3090105606504
5.640700000000005 2.0 0.0 14.0 0.0 0.0 0.0 0.0 26.3 2.969254449003075 189.7010862108803
1.7266999999999992 8.0 2.0 9.0 2.0 0.0 1.0 3.0 119.36000000000001 1.9147604397585496 957.5274785065669
3.4133000000000013 2.0 2.0 0.0 2.0 0.0 1.0 3.0 24.06 2.362182776100162 486.29703304949766
1.8576999999999986 2.0 0.0 15.0 0.0 0.0 0.0 0.0 40.129999999999995 0.0 217.26386583101493
6.378580000000007 4.0 0.0 8.0 2.0 1.0 1.0 3.0 60.05 1.5659081484278023 957.0216308894231
7.954800000000009 2.0 2.0 1.0 2.0 0.0 0.0 2.0 40.46 3.0271210353001483 857.5506636140519
3.1073000000000013 4.0 1.0 3.0 2.0 0.0 1.0 3.0 50.69 1.9595082253169287 747.9602572258564
6.420900000000007 2.0 0.0 16.0 0.0 0.0 0.0 0.0 26.3 2.9775135900228027 213.61189310154845
7.993400000000009 4.0 0.0 18.0 1.0 0.0 0.0 1.0 52.60000000000001 2.264773913876615 581.0744728730804
-0.5486 5.0 0.0 2.0 0.0 0.0 0.0 0.0 77.51 3.773284860851449 134.51917573667436
1.6202 9.0 0.0 19.0 0.0 0.0 0.0 0.0 106.59 4.515298451648146 482.60209166559576
3.6730000000000027 3.0 2.0 3.0 3.0 0.0 0.0 3.0 53.35 2.1061486300089007 660.9668514556635
-15.615999999999996 25.0 0.0 0.0 0.0 0.0 0.0 0.0 723.7499999999998 -5.847953208556695e-09 392.29940054297447
0.21989999999999993 1.0 2.0 0.0 0.0 0.0 0.0 0.0 57.53 0.0 29.87430298092722
0.38859999999999945 3.0 1.0 12.0 0.0 0.0 0.0 0.0 69.59 0.0 208.25409123734886
-9.3688 0.0 0.0 0.0 0.0 0.0 0.0 0.0 0.0 -0.0 3.2451124978365313
4.282800000000003 2.0 1.0 4.0 3.0 0.0 0.0 3.0 54.37 1.940424929631592 849.5699680792155
-2.195199999999998 8.0 0.0 4.0 0.0 1.0 1.0 1.0 185.52 3.018981601296637 352.1928094887363
25.11710000000004 5.0 0.0 5.0 0.0 0.0 5.0 5.0 85.35 5.62499995530382e-07 2616.386544979094
2.8231600000000014 4.0 0.0 4.0 0.0 0.0 0.0 0.0 72.3 4.761626319375112 266.2243091952653
-2.4715999999999974 7.0 6.0 10.0 0.0 0.0 0.0 0.0 164.54999999999998 0.0 248.89153247518018
3.8229700000000024 10.0 4.0 7.0 3.0 0.0 1.0 4.0 199.13000000000002 1.5877243597854431 1578.3370693621737
1.9249 0.0 0.0 1.0 0.0 0.0 0.0 0.0 0.0 3.204805417886435 54.668290500398435
0.06050000000000022 4.0 0.0 4.0 0.0 0.0 0.0 0.0 68.28 4.810208616850594 309.94365638711577
1.4756999999999998 0.0 0.0 0.0 0.0 0.0 0.0 0.0 0.0 3.0237157840738176 19.11941547876375
3.7181000000000024 1.0 1.0 2.0 2.0 0.0 0.0 2.0 20.23 2.4257059111812183 454.5534417002411
3.1937000000000015 5.0 0.0 4.0 1.0 0.0 0.0 1.0 68.91999999999999 3.0255154167184997 365.4932011682862
-0.940099999999997 5.0 0.0 2.0 2.0 0.0 2.0 4.0 93.4 1.7066658961336926e-06 1370.3932417950364
-0.40759999999999996 3.0 0.0 1.0 0.0 0.0 0.0 0.0 43.370000000000005 3.850621638983669 110.75488750216347
19.949699999999996 6.0 0.0 46.0 3.0 3.0 3.0 6.0 65.28 2.523461452674633e-07 2034.6427731758347
3.840600000000002 3.0 1.0 2.0 2.0 0.0 0.0 2.0 46.17 4.665882135610047e-07 413.189853716995
5.326500000000006 6.0 0.0 16.0 0.0 0.0 0.0 0.0 55.38000000000001 4.608611415806905 452.96076546897365
9.1668 5.0 0.0 18.0 1.0 0.0 0.0 1.0 61.83 2.078120330809087 670.2549708593634
9.5451 4.0 0.0 30.0 0.0 0.0 0.0 0.0 80.25999999999999 -6.876190074993222e-07 523.9279511148906
2.0512 2.0 2.0 2.0 0.0 2.0 2.0 2.0 49.33 1.124999528625204e-06 216.63346110774012
0.06089999999999973 1.0 1.0 0.0 0.0 1.0 2.0 2.0 29.1 2.3488387634327257 161.9114705065293
3.734300000000003 0.0 0.0 1.0 1.0 1.0 1.0 2.0 0.0 2.082510086938828 219.05344312420405
-11.993000000000015 24.0 2.0 16.0 3.0 0.0 0.0 3.0 417.02 0.0 2635.622676281715
-1.066399999999999 2.0 0.0 3.0 2.0 0.0 0.0 2.0 39.88 9.79999704600094e-07 396.9213703569693
2.9987000000000013 0.0 0.0 0.0 0.0 1.0 3.0 3.0 0.0 2.296626579720339 186.21499122004107
3.567700000000002 4.0 0.0 8.0 2.0 2.0 2.0 4.0 43.519999999999996 1.412414127527279 636.1808377852377
6.029300000000006 1.0 0.0 15.0 0.0 0.0 0.0 0.0 3.24 2.9140733561090637 153.76927278138976
3.2039000000000017 1.0 0.0 2.0 0.0 1.0 3.0 3.0 17.07 2.2642118992424747 274.9601502903714
4.468900000000004 1.0 0.0 11.0 0.0 0.0 0.0 0.0 3.24 2.8668131304135893 109.90632784293423
-7.51360000000001 20.0 2.0 11.0 6.0 0.0 0.0 6.0 327.68999999999994 3.100830645523257e-06 3103.617499007708
4.785700000000003 1.0 0.0 2.0 2.0 0.0 0.0 2.0 9.23 2.181769270376125 451.43422798064194
14.703699999999975 13.0 0.0 49.0 0.0 0.0 0.0 0.0 167.03 7.3729909187968925 1408.6745555966816
6.383200000000008 39.0 21.0 36.0 9.0 0.0 0.0 9.0 696.5100000000002 2.4754972168668856e-06 5014.193364429032
3.6402699999999992 4.0 4.0 17.0 0.0 0.0 0.0 0.0 117.3 0.0 422.25497943941474
3.904200000000003 1.0 0.0 3.0 0.0 0.0 1.0 1.0 17.07 2.810012610250731 294.4605612693076
3.904200000000003 1.0 0.0 2.0 0.0 0.0 1.0 1.0 17.07 3.0004016609086728 318.2304019029792
3.0103000000000018 2.0 0.0 2.0 0.0 1.0 1.0 1.0 26.3 2.5834409878142726 198.49841012019365
1.5217999999999998 4.0 2.0 6.0 1.0 0.0 0.0 1.0 92.34 2.55723407622722 485.6098145826132
1.1607000000000007 2.0 0.0 13.0 0.0 0.0 0.0 0.0 26.3 0.0 239.43483206150742
3.0436000000000014 2.0 0.0 3.0 2.0 0.0 0.0 2.0 26.3 1.9460332806831828 448.67626205276036
2.519400000000001 2.0 0.0 2.0 2.0 0.0 0.0 2.0 34.14 2.5505014056299604 484.8495069839023
0.031199999999999894 2.0 0.0 1.0 0.0 1.0 1.0 1.0 29.540000000000003 2.380539912791972 138.54153309698196
0.013600000000000112 2.0 1.0 2.0 0.0 0.0 0.0 0.0 29.46 2.6272148478988635 26.72905595320056
-3.9900999999999964 5.0 0.0 2.0 2.0 0.0 2.0 4.0 93.4 1.3066661902779571e-06 1166.5504482979027
-0.5698000000000001 0.0 1.0 0.0 0.0 0.0 0.0 0.0 96.5 -0.0 6.0
0.0008000000000000229 2.0 2.0 1.0 0.0 0.0 0.0 0.0 37.3 2.8473789230876716 42.91260938324327
4.320600000000003 2.0 2.0 6.0 2.0 0.0 0.0 2.0 53.089999999999996 2.1583332723425945e-07 494.9978899014638
13.151999999999976 4.0 0.0 36.0 0.0 0.0 0.0 0.0 52.60000000000001 3.324676093321987 562.4974356082457
-1.9227999999999996 9.0 0.0 0.0 0.0 0.0 0.0 0.0 230.09999999999997 -2.699999991e-08 112.9167754967118
-2.8328999999999995 1.0 0.0 0.0 0.0 0.0 0.0 0.0 0.0 0.0 4.754887502163468
3.0871000000000013 3.0 0.0 5.0 2.0 0.0 0.0 2.0 38.66 2.3036355621588926 534.953703700662
10.485039999999993 6.0 0.0 4.0 2.0 2.0 2.0 4.0 55.38000000000001 1.4625231015435105 1118.5496137122502
-3.2054 4.0 0.0 0.0 0.0 0.0 0.0 0.0 86.25 0.0 53.68367439558379
3.935100000000004 10.0 2.0 16.0 0.0 2.0 2.0 2.0 129.26000000000002 1.8718763324286911 770.9354980886898
2.2399000000000004 3.0 1.0 16.0 0.0 0.0 0.0 0.0 69.22999999999999 3.4274107066171573 343.503601637374
-0.4431000000000002 3.0 1.0 5.0 0.0 0.0 0.0 0.0 32.7 2.7466909068574954 57.01955000865388
0.7592000000000001 4.0 2.0 1.0 1.0 0.0 0.0 1.0 95.18 3.1960696621259204 297.878911724299
8.441800000000008 4.0 0.0 26.0 0.0 0.0 0.0 0.0 80.25999999999999 -4.814906722222467e-07 391.01114759952657
3.514800000000003 0.0 0.0 4.0 0.0 0.0 0.0 0.0 0.0 3.824684203207495 47.45811190640113
10.546299999999997 4.0 1.0 30.0 0.0 1.0 1.0 1.0 83.91 2.075899483592455 696.4957648842803
-8.988 0.0 0.0 0.0 0.0 0.0 0.0 0.0 0.0 -0.0 3.2451124978365313
3.4448000000000016 0.0 0.0 3.0 3.0 0.0 0.0 3.0 0.0 2.1210106325672244 523.7138976114098
3.5549000000000026 0.0 0.0 4.0 0.0 0.0 0.0 0.0 0.0 3.362923864895267 116.0
6.887800000000008 8.0 8.0 26.0 0.0 0.0 0.0 0.0 230.11999999999995 -1.5800142127083072e-07 649.435196693246
5.238800000000006 5.0 0.0 16.0 0.0 0.0 0.0 0.0 52.60000000000001 3.79020524391641 314.5878547242788
4.360800000000004 2.0 0.0 3.0 2.0 0.0 1.0 3.0 34.14 1.972150813939487 793.1045852748604
7.111300000000008 4.0 0.0 17.0 1.0 0.0 0.0 1.0 52.60000000000001 2.3166728863167485 567.6967115582063
3.5622000000000007 2.0 0.0 20.0 0.0 0.0 0.0 0.0 40.129999999999995 0.0 256.4117744776844
0.4413999999999998 2.0 0.0 12.0 0.0 0.0 0.0 0.0 40.129999999999995 0.0 160.30119944437257
1.7777999999999985 2.0 0.0 15.0 0.0 0.0 0.0 0.0 40.129999999999995 0.0 239.37282534112853
0.9725999999999997 3.0 1.0 16.0 0.0 0.0 0.0 0.0 60.36 0.0 234.372158116511
3.773480000000003 2.0 0.0 5.0 3.0 0.0 0.0 3.0 54.04 6.747339748060178e-07 759.7381850768998
4.2830800000000036 3.0 1.0 15.0 0.0 0.0 0.0 0.0 45.05 2.943494389636279 223.52011862678003
4.022400000000004 2.0 0.0 5.0 0.0 0.0 1.0 1.0 26.3 2.2994338073206246 308.883509367128
6.146200000000004 13.0 4.0 7.0 6.0 0.0 2.0 8.0 217.18999999999997 1.3105320336939061 2560.7450085084542
4.364100000000005 4.0 2.0 17.0 0.0 0.0 0.0 0.0 66.76 3.1389657434371654 255.75416757722002
10.453299999999997 8.0 3.0 16.0 0.0 2.0 2.0 2.0 106.11999999999999 1.3132021482135702e-06 781.4456172001321
6.673800000000008 6.0 0.0 18.0 0.0 0.0 0.0 0.0 52.60000000000001 4.089247226095215 408.52820083966805
5.730300000000007 3.0 1.0 17.0 0.0 0.0 1.0 1.0 35.83 1.818913362245287 351.9363823393707
3.280000000000002 2.0 2.0 1.0 1.0 0.0 0.0 1.0 89.03000000000002 -1.0799998338000268e-06 487.6725889838145
23.953500000000034 8.0 0.0 40.0 4.0 0.0 0.0 4.0 36.92 5.599999582404794e-07 2061.5711937825986
2.855600000000001 6.0 0.0 15.0 0.0 0.0 0.0 0.0 120.38999999999999 -1.7357142658316328e-07 366.47904614348874
2.2332 11.0 8.0 3.0 3.0 0.0 1.0 4.0 197.36999999999998 1.7472605732203803 1221.4274042533714
7.0604000000000084 1.0 0.0 17.0 0.0 0.0 0.0 0.0 9.23 2.946021280396973 198.01509520064775
2.54518 1.0 0.0 1.0 1.0 0.0 0.0 1.0 23.79 3.0147352900100564 303.45063475813174
3.729980000000003 1.0 0.0 3.0 1.0 0.0 0.0 1.0 23.79 2.696134203688046 318.8388414746719
3.1544000000000016 2.0 0.0 1.0 0.0 1.0 1.0 1.0 26.3 2.3492269359801927 194.85749387444827
3.9591000000000034 2.0 1.0 0.0 0.0 4.0 4.0 4.0 37.3 1.6370645181431462 458.48270663634156
6.185800000000006 2.0 4.0 6.0 2.0 2.0 2.0 4.0 82.26 1.2190611856811273 823.2235270115495
3.8046400000000027 6.0 0.0 4.0 2.0 1.0 1.0 3.0 99.47999999999999 1.9353895215535992 937.9817681837052
1.931999999999999 6.0 3.0 13.0 0.0 1.0 1.0 1.0 96.22000000000001 1.9637742268036789 335.47067498701915
2.992680000000001 11.0 1.0 9.0 2.0 0.0 0.0 2.0 176.58999999999997 2.4647196216682454 1170.6199751514496
-2.9985 0.0 0.0 0.0 0.0 0.0 0.0 0.0 0.0 0.0 2.0
4.846200000000002 8.0 4.0 4.0 3.0 0.0 0.0 3.0 153.51999999999998 1.7932049601498792 917.4813082264379
10.406099999999995 0.0 0.0 9.0 0.0 0.0 0.0 0.0 0.0 -1.2447368348946264e-07 200.0838499786226
1.9725 0.0 0.0 1.0 0.0 0.0 0.0 0.0 0.0 2.622415807990217 27.019550008653873
0.11280000000000001 0.0 0.0 0.0 0.0 0.0 0.0 0.0 0.0 0.0 0.0
4.9030800000000045 10.0 0.0 9.0 3.0 0.0 0.0 3.0 134.08 1.6990778550605283 1152.6816072876818
5.7707600000000046 2.0 0.0 4.0 3.0 0.0 0.0 3.0 47.58 1.7484090824752785 956.059021168029
5.297360000000004 7.0 0.0 8.0 2.0 0.0 0.0 2.0 118.67999999999998 2.1213082213796692 896.9295836484418
4.293380000000004 8.0 0.0 9.0 2.0 0.0 0.0 2.0 121.19 2.0314541465311517 872.6921528314415
6.275180000000004 6.0 0.0 7.0 2.0 0.0 0.0 2.0 94.88999999999999 2.1875177919216218 839.4423356386459
5.403580000000004 6.0 0.0 7.0 2.0 0.0 0.0 2.0 94.88999999999999 2.1156703336401 814.7781862699111
5.7172000000000045 9.0 1.0 11.0 2.0 0.0 0.0 2.0 152.57000000000002 2.6798155909313164 1172.8291848119884
5.1677000000000035 7.0 0.0 7.0 2.0 0.0 0.0 2.0 104.97 2.3223255073974527 1010.4813019769564
4.7759000000000045 3.0 0.0 1.0 0.0 4.0 4.0 4.0 43.370000000000005 1.6140267562967758 583.8214065132764
6.704700000000009 4.0 2.0 23.0 0.0 0.0 0.0 0.0 66.76 3.106088722930581 332.7850441143314
1.62059 0.0 0.0 0.0 0.0 0.0 0.0 0.0 0.0 2.3237900077244498 4.754887502163469
-1.3541 2.0 2.0 0.0 0.0 0.0 0.0 0.0 74.6 4.062942298971397 86.81635834269238
3.1648000000000023 0.0 0.0 1.0 0.0 0.0 0.0 0.0 0.0 0.0 47.058650025961626
4.066200000000005 7.0 7.0 19.0 0.0 0.0 0.0 0.0 192.81999999999996 -1.9191826129872581e-07 461.8355803314348
4.580500000000004 13.0 1.0 13.0 2.0 0.0 0.0 2.0 205.17 2.6110461340621867 1329.9099277320781
2.395300000000001 2.0 2.0 0.0 1.0 0.0 0.0 1.0 40.46 3.2314250130900137 284.3803204812324
1.1855999999999998 4.0 1.0 2.0 1.0 0.0 0.0 1.0 78.38999999999999 3.167265777748714 311.5198400095355
4.078200000000003 2.0 0.0 8.0 0.0 0.0 0.0 0.0 18.46 4.082675095009227 218.88984057992977
2.2254899999999997 1.0 2.0 0.0 2.0 0.0 0.0 2.0 31.58 3.007619546803024 362.89835341124046
4.163600000000003 1.0 0.0 10.0 0.0 0.0 0.0 0.0 9.23 2.7581498184332935 71.19366193720087
4.660560000000005 8.0 0.0 11.0 2.0 0.0 0.0 2.0 127.91 1.9819540062217573 897.7991580769423
25.807200000000055 32.0 2.0 55.0 4.0 8.0 8.0 12.0 237.06 1.1168427564425218 4609.941411523989
5.385000000000005 9.0 1.0 9.0 2.0 0.0 0.0 2.0 152.57 2.6639877401405005 1086.4632009719114
3.3668000000000022 0.0 0.0 0.0 0.0 2.0 2.0 2.0 0.0 1.9253677344386608 80.60593781761291
0.16979999999999995 4.0 0.0 8.0 0.0 0.0 0.0 0.0 80.25999999999999 0.0 204.54551832721742
0.01050000000000001 3.0 1.0 2.0 0.0 0.0 0.0 0.0 46.53 3.4904530666021536 109.85105031544944
12.536299999999981 4.0 0.0 33.0 0.0 0.0 0.0 0.0 52.6 3.464262333315768 653.6224491870141
11.491399999999986 8.0 2.0 8.0 8.0 0.0 2.0 10.0 151.2 0.7572961158188443 3077.4584550356085
3.570400000000002 0.0 0.0 0.0 2.0 0.0 4.0 6.0 0.0 1.9682962528966688 368.8964264905985
7.946000000000002 2.0 0.0 0.0 9.0 0.0 0.0 9.0 34.14 1.6310913427614953 2308.747813327462
7.963200000000003 4.0 0.0 2.0 9.0 0.0 0.0 9.0 52.60000000000001 1.687231167684254 2468.3419658477474
3.7555000000000027 1.0 1.0 9.0 0.0 0.0 0.0 0.0 20.23 3.411278509533132 91.12526634448808
4.140200000000004 4.0 0.0 4.0 0.0 1.0 1.0 1.0 36.92 2.5743031500553983 223.50005622532865
11.542499999999986 2.0 0.0 20.0 0.0 0.0 1.0 1.0 26.3 2.133276457973302 803.1988918689792
3.744600000000002 4.0 1.0 5.0 2.0 0.0 0.0 2.0 68.65 2.0194643023852534 668.6164989580775
4.920400000000005 4.0 0.0 8.0 0.0 1.0 1.0 1.0 36.92 2.6171274156493802 258.20145961514646
3.2940000000000014 1.0 1.0 0.0 1.0 0.0 1.0 2.0 12.03 2.54974883069777 361.1421555222323
3.5857000000000028 0.0 0.0 6.0 0.0 0.0 0.0 0.0 0.0 2.595082706793886 37.832293921787276
5.5464000000000055 5.0 0.0 10.0 0.0 0.0 0.0 0.0 46.150000000000006 5.012260942607009 399.97373472682693
4.613600000000006 17.0 6.0 23.0 0.0 0.0 0.0 0.0 117.21000000000002 0.0 572.1546785259563
-1.3084000000000002 0.0 0.0 0.0 0.0 4.0 4.0 4.0 0.0 2.7110835055998654 106.21716552203311
4.839900000000005 4.0 1.0 3.0 3.0 0.0 0.0 3.0 50.94 2.058800388207291 838.966500565188
2.43452 4.0 1.0 1.0 3.0 0.0 0.0 3.0 50.94 2.231574637429138 654.9473648267207
8.672800000000008 7.0 2.0 12.0 2.0 0.0 0.0 2.0 93.06 1.753534382843407 1144.1972828914656
5.9946400000000075 8.0 2.0 15.0 2.0 0.0 0.0 2.0 111.52000000000001 1.5299518527780336 1093.9939028350352
5.362500000000006 3.0 1.0 10.0 2.0 0.0 0.0 2.0 46.53 1.847847451861207 634.7870461945519
3.755500000000003 1.0 1.0 9.0 0.0 0.0 0.0 0.0 20.23 3.2537028970466646 91.12526634448808
8.436700000000007 1.0 1.0 21.0 0.0 0.0 0.0 0.0 20.23 3.2764077513258156 226.1355047616759
9.997099999999996 1.0 1.0 25.0 0.0 0.0 0.0 0.0 20.23 3.2669260255317036 275.4873866763125
5.409900000000006 2.0 0.0 14.0 0.0 0.0 0.0 0.0 18.46 3.497669211486053 152.64499996502863
5.315900000000005 1.0 1.0 13.0 0.0 0.0 0.0 0.0 20.23 3.2841558880602304 133.48686830125578
4.3854200000000025 4.0 1.0 1.0 3.0 0.0 0.0 3.0 50.94 2.2358728674958837 862.2019333664629
6.408400000000008 2.0 2.0 4.0 2.0 0.0 0.0 2.0 40.46 2.6350121189534077 748.1833421841261
11.557499999999985 1.0 1.0 29.0 0.0 0.0 0.0 0.0 20.23 3.257673259986062 326.4650059388288
12.497899999999984 2.0 4.0 38.0 0.0 0.0 0.0 0.0 82.26 3.2446836972250335 578.5656120232067
2.7635000000000005 3.0 2.0 8.0 1.0 0.0 0.0 1.0 72.19 2.6136360098361164 468.72426089919077
7.959500000000005 5.0 0.0 2.0 5.0 0.0 0.0 5.0 52.06 1.4965106811951068 1300.5005950059533
7.3702000000000085 8.0 8.0 27.0 0.0 0.0 0.0 0.0 247.18999999999994 -1.6566989379377404e-07 719.7083334575333
3.546000000000002 6.0 0.0 0.0 7.0 0.0 0.0 7.0 94.56 1.9470579005489246 1791.0455870557253
5.172500000000003 10.0 0.0 9.0 3.0 0.0 0.0 3.0 157.11 1.8896076724364455 1050.9072421635276
0.7039199999999999 8.0 1.0 4.0 2.0 0.0 1.0 3.0 138.79 2.9999967513369343e-06 1190.8326565222305
5.931200000000005 12.0 2.0 6.0 6.0 0.0 2.0 8.0 197.32 1.8367346282142877e-07 2691.613539754247
10.333999999999994 4.0 0.0 24.0 1.0 0.0 0.0 1.0 52.60000000000001 2.1343696311526954 663.9509338586317
5.931200000000005 12.0 2.0 6.0 6.0 0.0 2.0 8.0 197.32 1.8367346282142877e-07 2691.613539754247
-1.118 0.0 0.0 0.0 0.0 0.0 0.0 0.0 85.5 -0.0 4.854752972273344
9.966999999999999 4.0 0.0 27.0 0.0 0.0 0.0 0.0 52.60000000000001 3.2991587595383853 442.54728249200537
7.800600000000008 1.0 1.0 20.0 0.0 0.0 0.0 0.0 20.23 2.9219621943934726 170.4117611359987
9.428 5.0 0.0 28.0 0.0 0.0 0.0 0.0 52.60000000000001 3.2715698565258533 415.6374521035011
3.659500000000002 3.0 0.0 5.0 2.0 0.0 0.0 2.0 41.9 2.0288891184620623 606.4470515313365
12.170399999999983 6.0 0.0 30.0 0.0 0.0 0.0 0.0 71.06 3.268382566197526 478.5613121459012
6.345800000000007 3.0 0.0 18.0 0.0 0.0 0.0 0.0 27.69 3.245766365051746 224.3899522598448
2.9154000000000018 4.0 0.0 9.0 0.0 0.0 0.0 0.0 68.28 -1.9047202614270083e-07 172.63280491264965
-3.2361 0.0 0.0 0.0 0.0 0.0 0.0 0.0 57.0 -0.0 6.0
-1.5888 0.0 0.0 0.0 0.0 0.0 0.0 0.0 31.5 -0.0 8.0
7.020400000000008 1.0 1.0 18.0 0.0 0.0 0.0 0.0 20.23 2.901443984538413 149.221349491463
-2.9659 7.0 1.0 2.0 0.0 0.0 0.0 0.0 172.10999999999999 -3.1999997430000204e-07 156.87959510731497
6.240200000000008 1.0 1.0 16.0 0.0 0.0 0.0 0.0 20.23 2.8766966445353965 128.62570933197804
4.858900000000005 2.0 0.0 11.0 0.0 0.0 0.0 0.0 26.3 3.10164393503676 175.7606331626225
8.580800000000004 1.0 1.0 22.0 0.0 0.0 0.0 0.0 20.23 2.939250071405689 192.141154705683
4.313100000000004 0.0 0.0 7.0 0.0 0.0 0.0 0.0 0.0 2.8452531812362967 82.03910001730776
4.594000000000004 2.0 0.0 11.0 0.0 0.0 0.0 0.0 26.3 3.0338210568951656 175.57415488668804
5.438300000000006 4.0 0.0 12.0 0.0 0.0 0.0 0.0 6.48 -3.723076823100594e-07 271.45119045491765
49.35297999999974 86.0 4.0 57.0 35.0 0.0 1.0 36.0 1214.340000000001 3.087176590624184e-07 20720.267708143994
6.443800000000007 8.0 2.0 23.0 0.0 2.0 2.0 2.0 101.60000000000001 1.434774981281235 656.4933521871793
3.529200000000002 6.0 1.0 4.0 3.0 0.0 0.0 3.0 77.24000000000001 2.1113776304983407 921.5800773344607
16.043399999999966 2.0 4.0 38.0 2.0 0.0 0.0 2.0 82.26 1.4079171324661868 1105.2050002437854
9.059960000000004 3.0 0.0 13.0 1.0 0.0 1.0 2.0 35.53 1.8212054089992105 809.6304804227298
3.6628000000000025 0.0 0.0 2.0 0.0 1.0 1.0 1.0 0.0 2.173831978453414 73.25838096618138
5.650200000000006 4.0 0.0 6.0 1.0 0.0 0.0 1.0 36.92 2.8384135545500784 467.05520970457906
-0.6764 1.0 0.0 0.0 0.0 0.0 0.0 0.0 58.5 -0.0 2.7548875021634682
14.890799999999963 2.0 0.0 35.0 0.0 0.0 0.0 0.0 0.0 3.007734982296973 347.53854556277946
8.529000000000007 1.0 1.0 21.0 0.0 0.0 0.0 0.0 37.3 3.462612790466041 287.9352303717598
-0.0025 0.0 0.0 0.0 0.0 0.0 0.0 0.0 0.0 0.0 0.0
4.109600000000003 3.0 0.0 6.0 0.0 0.0 0.0 0.0 27.69 4.947050651726975 208.95331243459395
6.981800000000008 3.0 2.0 14.0 2.0 0.0 0.0 2.0 67.42999999999999 1.6690637732324363 846.4759254775208
-2.4172000000000002 4.0 0.0 0.0 0.0 13.0 13.0 13.0 12.96 2.4243661069253055 183.23183265413536
5.2084000000000055 2.0 0.0 9.0 0.0 0.0 0.0 0.0 26.3 3.901283560037207 240.1368447931823
-0.7397 0.0 0.0 0.0 0.0 0.0 0.0 0.0 85.5 -0.0 6.854752972273345
5.725700000000007 6.0 1.0 9.0 3.0 0.0 0.0 3.0 77.24000000000001 1.7734564664099999 1032.8546183915116
-4.1012 7.0 0.0 2.0 0.0 0.0 0.0 0.0 135.61 -3.1999997430000204e-07 154.87959510731497
3.249600000000002 7.0 2.0 4.0 3.0 0.0 1.0 4.0 109.77000000000001 1.7377672312529389 1262.828863024641
8.155300000000008 4.0 1.0 8.0 2.0 0.0 0.0 2.0 72.14 1.964999529094652e-06 894.2289831046612
5.790200000000007 2.0 2.0 6.0 3.0 0.0 0.0 3.0 40.46 1.672361506908547 766.0944273759578
10.910039999999988 2.0 0.0 7.0 6.0 0.0 0.0 6.0 6.48 1.32084868349153 1559.02954949118
5.2104000000000035 4.0 0.0 2.0 2.0 0.0 0.0 2.0 6.48 1.8946866831024092 573.6087701721092
4.594680000000004 9.0 1.0 8.0 2.0 0.0 0.0 2.0 167.13 2.6073291407288486 1103.555988696724
5.667620000000005 1.0 1.0 0.0 1.0 1.0 3.0 4.0 20.23 1.3325396675189724e-07 524.7748016824258
1.9984000000000006 10.0 3.0 25.0 0.0 1.0 1.0 1.0 133.14000000000001 2.267923922124221 507.11656887146364
6.096100000000007 1.0 1.0 15.0 0.0 0.0 0.0 0.0 20.23 2.9140733561090637 153.76927278138976
3.9453000000000022 6.0 0.0 15.0 0.0 0.0 0.0 0.0 78.9 3.7044575103015074 380.1106070884596
10.811399999999992 4.0 0.0 30.0 0.0 0.0 0.0 0.0 52.60000000000001 3.3543056887398905 482.57886096604267
5.350000000000006 4.0 0.0 16.0 0.0 0.0 0.0 0.0 52.60000000000001 3.4788856778776065 304.5305499972184
5.349800000000004 10.0 0.0 9.0 3.0 0.0 0.0 3.0 115.97999999999999 1.8861579317760233 1116.142647202464
6.622200000000008 4.0 0.0 18.0 0.0 0.0 0.0 0.0 52.60000000000001 3.4778423554826126 374.8282108715606
8.470800000000008 4.0 0.0 24.0 0.0 0.0 0.0 0.0 52.60000000000001 3.394917032268413 404.7133265610699
6.975500000000008 2.0 0.0 16.0 0.0 0.0 0.0 0.0 26.3 3.175259500107785 281.5661568283565
5.626600000000007 7.0 7.0 23.0 0.0 0.0 0.0 0.0 192.81999999999996 -2.176175092786143e-07 519.0727020317363
4.861600000000005 13.0 0.0 11.0 5.0 0.0 3.0 8.0 307.59 1.3745920679856805 3655.2201959382014
4.395300000000004 3.0 0.0 13.0 0.0 0.0 0.0 0.0 27.69 3.9686872686555104 159.40248911719408
9.683399999999999 4.0 4.0 35.0 0.0 0.0 0.0 0.0 98.66000000000001 3.3528501037845597 563.6394763958584
4.023400000000002 6.0 0.0 2.0 5.0 0.0 0.0 5.0 86.2 1.5814985549894447 1337.6784188282081
7.069600000000007 1.0 1.0 19.0 0.0 0.0 0.0 0.0 43.09 3.0620091981522943 285.6945021246863
4.7687000000000035 6.0 0.0 6.0 3.0 0.0 0.0 3.0 88.28999999999999 2.07486288638975 954.9855996786196
7.2132000000000085 4.0 0.0 16.0 1.0 0.0 0.0 1.0 52.60000000000001 2.3220024108637642 553.8060883770333
6.066000000000007 4.0 0.0 17.0 0.0 0.0 0.0 0.0 52.60000000000001 3.731744715310046 320.0514102666709
7.62640000000001 4.0 0.0 21.0 0.0 0.0 0.0 0.0 52.60000000000001 3.3307197618795277 365.8377762182996
6.8462000000000085 4.0 0.0 19.0 0.0 0.0 0.0 0.0 52.60000000000001 3.343835773533131 340.80143790415167
5.724000000000006 1.0 0.0 14.0 0.0 0.0 0.0 0.0 9.23 2.846262262649495 108.69358616951132
7.4080000000000075 1.0 0.0 18.0 0.0 0.0 0.0 0.0 9.23 2.9147438317396728 188.27743573731465
2.5605 7.0 7.0 19.0 0.0 0.0 0.0 0.0 158.68 0.0 389.7727607365283
5.771680000000005 3.0 0.0 9.0 2.0 0.0 0.0 2.0 50.09 2.3340701562538846 746.6358153488318
8.790300000000002 0.0 0.0 5.0 2.0 2.0 2.0 4.0 0.0 1.3782994523104823 867.0997138051093
6.8763000000000085 1.0 1.0 17.0 0.0 0.0 0.0 0.0 20.23 3.284224046417563 178.67722777610123
2.1504000000000003 3.0 0.0 0.0 2.0 0.0 1.0 3.0 43.370000000000005 2.5596903090526832 550.0887631010164
15.879199999999962 12.0 4.0 20.0 4.0 0.0 0.0 4.0 186.11999999999998 1.764294571544901 2473.40153990411
8.857800000000003 1.0 1.0 6.0 2.0 0.0 0.0 2.0 12.03 2.091567019404517 708.6928454198212
15.519599999999961 0.0 0.0 30.0 0.0 0.0 0.0 0.0 0.0 0.0 425.7542475909892
23.852900000000023 8.0 6.0 73.0 0.0 0.0 1.0 1.0 189.52999999999997 -1.6364069577542448e-06 1579.7409671025232
7.876200000000009 2.0 1.0 24.0 0.0 0.0 0.0 0.0 32.34 3.099998932756766 343.75476718749985
6.695000000000007 1.0 0.0 19.0 0.0 0.0 0.0 0.0 29.13 2.9121609469850025 162.54605750776778
-11.3888 10.0 2.0 0.0 0.0 0.0 0.0 0.0 247.1 -1.919999995733334e-08 165.0143852792263
6.206320000000007 3.0 0.0 5.0 3.0 0.0 0.0 3.0 51.21 2.3110006484735344 1086.6935180862567
-2.1172 0.0 0.0 0.0 0.0 0.0 0.0 0.0 142.5 -0.0 12.919684538544
2.5414000000000003 2.0 0.0 4.0 0.0 0.0 0.0 0.0 18.46 4.4645094480190135 98.65968562262317
7.829600000000009 4.0 0.0 20.0 0.0 0.0 0.0 0.0 52.6 3.3171020835488734 320.51431100532824
5.319420000000005 3.0 0.0 10.0 1.0 0.0 0.0 1.0 35.53 2.242455437207009 459.6455324520554
0.09387 1.0 0.0 0.0 0.0 0.0 0.0 0.0 23.79 0.0 9.509775004326936
0.2225 0.0 0.0 0.0 0.0 0.0 0.0 0.0 0.0 -0.0 2.7548875021634682
-5.757700000000001 6.0 0.0 0.0 0.0 0.0 0.0 0.0 126.38 -7.199999951999999e-08 69.05865002596163
9.264200000000002 6.0 0.0 28.0 0.0 0.0 0.0 0.0 78.9 4.727341056046071 524.1685487423665
4.473000000000004 2.0 2.0 4.0 1.0 0.0 0.0 1.0 40.46 3.379425183237454 389.2182552927973
-1.3605999999999998 0.0 0.0 0.0 0.0 0.0 0.0 0.0 142.5 -0.0 12.919684538544
0.2225 0.0 0.0 0.0 0.0 0.0 0.0 0.0 0.0 -0.0 2.7548875021634682
4.991600000000005 4.0 0.0 1.0 0.0 5.0 6.0 6.0 36.92 1.326371087356619 756.7850441143315
3.0103000000000018 2.0 0.0 2.0 0.0 1.0 1.0 1.0 26.3 2.5834409878142726 198.49841012019365
6.124900000000005 6.0 0.0 0.0 7.0 0.0 2.0 9.0 105.54 2.5599960348507047e-06 2192.8910969631343
4.554600000000004 10.0 1.0 11.0 2.0 0.0 0.0 2.0 152.79999999999998 2.332903257014509 1119.1728361137355
17.897399999999976 8.0 1.0 53.0 0.0 1.0 1.0 1.0 108.36000000000001 2.4515708956110815 1097.443364495343
3.492400000000002 6.0 3.0 17.0 0.0 1.0 1.0 1.0 96.22000000000001 1.8636903065557138 389.223267307112
14.657699999999968 6.0 0.0 36.0 1.0 0.0 0.0 1.0 78.90000000000002 2.553093508669711 1076.9726124269114
5.895800000000007 6.0 0.0 20.0 0.0 0.0 0.0 0.0 78.9 4.366932677912136 420.9771072253038
15.681499999999962 9.0 3.0 53.0 0.0 0.0 0.0 0.0 139.59 4.407028857851193 983.434451239265
6.633800000000008 6.0 0.0 20.0 0.0 0.0 0.0 0.0 78.9 5.113091319340741 500.70462043378626
18.097099999999976 6.0 0.0 50.0 0.0 0.0 0.0 0.0 78.9 4.3925230027209015 1006.8406749723667
6.066000000000007 4.0 0.0 17.0 0.0 0.0 0.0 0.0 52.60000000000001 3.3585678203557756 316.051410266671
13.525999999999975 1.0 0.0 34.0 0.0 0.0 0.0 0.0 9.23 3.0041568321208016 331.68228566249553
6.923600000000008 6.0 0.0 22.0 0.0 0.0 0.0 0.0 78.9 4.781939646493263 447.4176558008815
13.173999999999976 4.0 0.0 34.0 0.0 0.0 0.0 0.0 52.6 3.5773999806155956 650.300628618516
5.8200000000000065 4.0 0.0 16.0 0.0 0.0 0.0 0.0 52.6 3.740300634776958 317.8052120710372
12.37179999999998 4.0 0.0 34.0 0.0 0.0 0.0 0.0 52.60000000000001 3.3336125091568114 535.6434711269443
4.557800000000002 2.0 1.0 4.0 2.0 0.0 0.0 2.0 46.17 2.4683046593056113 703.8230148514472
19.36459999999999 6.0 0.0 52.0 0.0 0.0 0.0 0.0 78.9 4.546947851550269 925.2633673357718
9.151600000000002 2.0 0.0 23.0 0.0 0.0 0.0 0.0 26.3 3.111805563052441 300.80794088245557
5.476400000000005 1.0 0.0 13.0 0.0 1.0 1.0 1.0 12.53 1.60754922625042 151.60416835317903
7.000600000000008 4.0 4.0 6.0 2.0 0.0 0.0 2.0 98.66000000000001 2.0398824430388 1065.034292047354
8.02720000000001 8.0 0.0 28.0 0.0 0.0 0.0 0.0 105.20000000000002 5.465300092829316 573.2106466809838
24.29560000000003 8.0 0.0 68.0 0.0 0.0 0.0 0.0 105.20000000000002 5.513952821459599 1332.6448141634314
24.615200000000033 8.0 0.0 68.0 0.0 0.0 0.0 0.0 105.20000000000002 5.425346097574591 1225.0650273012684
2.0386 3.0 3.0 7.0 0.0 0.0 0.0 0.0 77.76 0.0 160.40169550220236
11.118799999999993 6.0 2.0 36.0 0.0 0.0 0.0 0.0 93.06 3.8065576798592144 684.2166113231531
5.496600000000005 2.0 0.0 13.0 0.0 0.0 0.0 0.0 26.3 3.1407417895296073 199.43874567421344
5.002700000000005 4.0 4.0 15.0 0.0 0.0 0.0 0.0 115.06 -3.466951797203102e-07 305.0469574122439
3.5852000000000017 6.0 6.0 18.0 0.0 0.0 0.0 0.0 155.51999999999998 -3.839234387638026e-07 366.2629857322014
-1.3292999999999988 8.0 5.0 14.0 0.0 0.0 0.0 0.0 136.68 4.503552654341574 304.33407479267936
8.317300000000005 2.0 0.0 6.0 2.0 0.0 0.0 2.0 24.72 2.617446895442971 715.3975276681867
14.402199999999969 4.0 0.0 36.0 0.0 0.0 0.0 0.0 52.60000000000001 0.0 575.992137199387
8.796700000000005 4.0 0.0 24.0 0.0 0.0 0.0 0.0 52.60000000000001 3.291908319111924 404.9028214588122
10.031199999999997 4.0 0.0 28.0 0.0 0.0 0.0 0.0 52.60000000000001 3.3663644398851393 456.38407872159394
7.293600000000008 1.0 1.0 20.0 0.0 0.0 0.0 0.0 43.09 2.9653789386426435 252.35446975062405
16.17339999999996 2.0 0.0 41.0 0.0 0.0 0.0 0.0 26.3 3.1386720193991167 544.0252588278128
10.487999999999992 2.0 0.0 26.0 0.0 0.0 0.0 0.0 26.3 3.1955027877938305 388.2928311882868
23.675200000000025 8.0 0.0 58.0 0.0 0.0 0.0 0.0 105.20000000000003 -4.824464118896494e-07 1245.782351602539
8.227300000000008 2.0 0.0 20.0 0.0 0.0 0.0 0.0 26.3 3.268101548084262 287.9352303717598
6.030800000000006 2.0 0.0 15.0 0.0 0.0 0.0 0.0 26.3 3.1115811018036084 201.59490309182667
5.000200000000006 4.0 2.0 18.0 0.0 0.0 0.0 0.0 66.76 3.1979485247003527 287.6206365834133
-1.5982 0.0 0.0 0.0 0.0 0.0 0.0 0.0 199.5 -0.0 14.402263350607042
14.164999999999969 2.0 0.0 35.0 0.0 0.0 0.0 0.0 26.3 3.2130844030983354 563.9858269386857
12.60459999999998 2.0 0.0 31.0 0.0 0.0 0.0 0.0 26.3 3.2337269190567617 507.4716454161781
5.250600000000006 2.0 0.0 13.0 0.0 0.0 0.0 0.0 26.3 3.118900487956549 177.93577382145608
11.268199999999988 2.0 0.0 28.0 0.0 0.0 0.0 0.0 26.3 3.1923920805891446 415.2351096737668
7.3473000000000095 8.0 0.0 24.0 0.0 0.0 0.0 0.0 105.2 5.818433273992938 685.7039952685168
6.777900000000007 4.0 1.0 5.0 5.0 0.0 0.0 5.0 50.94 1.776607780031092 1417.9762234792472
9.946859999999996 3.0 3.0 5.0 3.0 0.0 0.0 3.0 60.69 2.2970724734234746 1321.6093532761718
3.2393800000000015 6.0 2.0 9.0 1.0 0.0 1.0 2.0 114.66 2.0464969518807967 940.9537842566422
2.5999800000000004 5.0 1.0 2.0 1.0 0.0 1.0 2.0 85.56 2.3908503104292658 777.5377831362407
9.218400000000003 9.0 3.0 6.0 4.0 0.0 0.0 4.0 126.69000000000001 2.1164230003505446 1964.3249220430237
4.378500000000003 7.0 3.0 10.0 4.0 0.0 0.0 4.0 113.28999999999999 1.298863700518996 1245.9237905045352
18.25189999999998 2.0 2.0 47.0 0.0 0.0 0.0 0.0 24.06 0.0 566.9284446545829
4.877300000000004 1.0 0.0 4.0 2.0 0.0 0.0 2.0 3.24 1.9777134332849182 702.4950517709103
10.206399999999995 2.0 0.0 19.0 0.0 0.0 0.0 0.0 0.0 3.722993690830275 266.58576839087175
5.572400000000006 3.0 0.0 12.0 0.0 0.0 0.0 0.0 35.53 3.795028667501342 206.27500612894352
8.086400000000006 7.0 0.0 14.0 4.0 0.0 0.0 4.0 80.29 1.5413262886669155 1105.7236510365728
6.761500000000004 4.0 2.0 6.0 4.0 0.0 0.0 4.0 70.5 1.4644760390533467 1038.9909760447763
6.625300000000007 5.0 1.0 19.0 1.0 0.0 0.0 1.0 72.83000000000001 1.8827583070217113 578.534899856111
4.464980000000003 6.0 0.0 3.0 5.0 0.0 0.0 5.0 74.54 1.9343709505272828 1517.6122044682465
4.371480000000004 7.0 1.0 7.0 2.0 0.0 0.0 2.0 121.70999999999998 2.581224188198245 1087.6311487026999
29.98030000000008 10.0 0.0 72.0 0.0 0.0 0.0 0.0 131.50000000000003 -3.886991808887497e-07 1846.1053303207648
3.8144800000000023 10.0 0.0 10.0 2.0 0.0 0.0 2.0 147.48999999999998 2.125292797781904 1025.6360245672395
6.348200000000002 0.0 0.0 6.0 0.0 0.0 0.0 0.0 0.0 6.612913906399524 473.86141443098984
4.750180000000004 6.0 0.0 7.0 2.0 0.0 0.0 2.0 94.88999999999999 2.048173162326947 748.0455238581048
7.175080000000006 6.0 0.0 2.0 9.0 0.0 0.0 9.0 78.14 1.4313470921066411 2650.6550299321048
0.9494199999999997 6.0 1.0 0.0 0.0 0.0 0.0 0.0 179.23999999999998 -3.956043955029585e-09 96.50074950135922
5.009300000000004 9.0 0.0 8.0 3.0 0.0 0.0 3.0 110.29000000000002 1.7440688696052005 1048.4390448058055
9.931799999999997 2.0 0.0 25.0 0.0 0.0 0.0 0.0 26.3 3.1342843571742227 326.6007800506426
6.9899000000000076 0.0 0.0 5.0 2.0 1.0 1.0 3.0 0.0 1.6484675234805999 582.9403664520747
7.182020000000006 4.0 0.0 6.0 3.0 0.0 0.0 3.0 44.760000000000005 1.9956292279713272 890.7809091700237
12.605799999999977 0.0 0.0 10.0 0.0 0.0 2.0 2.0 0.0 1.885637979049954 1116.3830913843028
-0.0025 0.0 0.0 0.0 0.0 0.0 0.0 0.0 0.0 0.0 0.0
-0.2401 0.0 0.0 0.0 0.0 0.0 0.0 0.0 57.0 -0.0 2.7548875021634682
13.961999999999973 1.0 1.0 36.0 0.0 0.0 0.0 0.0 29.1 3.1751509452106474 527.7315600189113
5.954500000000007 3.0 1.0 11.0 4.0 0.0 0.0 4.0 46.330000000000005 1.6457267398328672 1164.1773537758072
11.621399999999985 1.0 1.0 30.0 0.0 0.0 0.0 0.0 29.1 3.1848491660200615 444.4628278280947
-2.925229999999993 10.0 6.0 6.0 2.0 0.0 1.0 3.0 279.32 2.0127267774193434e-06 1428.4687060842962
10.297499999999994 2.0 2.0 20.0 1.0 0.0 0.0 1.0 49.33 2.131331311862653 734.1149338463188
8.646000000000008 4.0 4.0 13.0 2.0 0.0 0.0 2.0 98.66000000000001 1.7125071431619932 1157.4600200586851
3.8066000000000013 2.0 1.0 2.0 2.0 0.0 0.0 2.0 43.09 2.5131320514212643 581.3821875173596
10.643399999999989 8.0 0.0 13.0 6.0 0.0 0.0 6.0 89.52000000000001 1.1688186278968653 1686.8200532755247
10.772199999999986 10.0 0.0 6.0 11.0 0.0 0.0 11.0 127.57999999999998 1.0512995802770202 3340.5051040518442
7.019400000000005 10.0 4.0 10.0 5.0 0.0 2.0 7.0 178.04 1.3910093744838976 2298.4315121317377
12.62559999999998 1.0 1.0 33.0 0.0 0.0 0.0 0.0 29.1 3.1372046616517353 435.0581930499222
-4.3286 3.0 0.0 0.0 0.0 0.0 0.0 0.0 69.17999999999999 0.0 11.609640474436814
-0.36572000000000005 1.0 0.0 0.0 0.0 0.0 0.0 0.0 23.79 3.0 6.754887502163469
14.286059999999969 3.0 3.0 6.0 4.0 0.0 0.0 4.0 60.69 2.100861724759519 1777.6600227116412
8.082000000000008 1.0 1.0 6.0 4.0 0.0 0.0 4.0 12.03 1.48867566235866 1013.6661342717774
3.0948 7.0 1.0 5.0 4.0 0.0 0.0 4.0 119.63999999999999 1.8205002316850547 1384.5289046877429
4.140600000000002 4.0 2.0 0.0 7.0 0.0 0.0 7.0 99.85999999999999 1.7231672910963136 2099.9711956119463
8.329000000000008 4.0 4.0 22.0 2.0 0.0 0.0 2.0 100.72000000000001 1.7396819151345566 950.5190336764166
7.746040000000011 10.0 2.0 12.0 2.0 2.0 2.0 4.0 129.98000000000002 1.1868874837608487 1471.0495544757086
7.919880000000006 2.0 0.0 2.0 6.0 0.0 0.0 6.0 9.86 1.8736110942771998e-07 1217.3548945067237
4.787580000000004 6.0 0.0 4.0 4.0 0.0 0.0 4.0 70.13 1.9660880219539818 1212.9804095349436
5.7707600000000046 2.0 0.0 4.0 3.0 0.0 0.0 3.0 47.58 1.675444737646766 1025.309021168029
6.7308000000000066 10.0 2.0 13.0 4.0 0.0 0.0 4.0 160.23999999999998 1.5274486887461214 1644.867677168586
8.793500000000003 4.0 0.0 21.0 0.0 0.0 0.0 0.0 44.760000000000005 4.909010055557296 345.28324787197255
6.537300000000006 5.0 1.0 9.0 4.0 0.0 0.0 4.0 68.13 1.6641558683524003 1090.4169762038334
26.24660000000005 1.0 1.0 66.0 0.0 0.0 0.0 0.0 12.03 3.163328504484034 1049.879138297984
7.993400000000009 4.0 0.0 18.0 1.0 0.0 0.0 1.0 52.60000000000001 2.6956592410132934 585.0744728730804
2.6042000000000005 2.0 0.0 1.0 1.0 0.0 1.0 2.0 29.54 2.404984323080204 408.7259654533223
-0.8754999999999997 2.0 1.0 2.0 1.0 1.0 1.0 2.0 29.1 1.2799997289000598e-06 352.028190721836
-1.4599000000000002 3.0 2.0 2.0 0.0 0.0 0.0 0.0 57.53 2.9881608821342693 44.0
0.449200000000002 22.0 4.0 11.0 5.0 0.0 0.0 5.0 398.9 4.351242429207415e-06 2799.992987534855
1.695200000000002 13.0 4.0 8.0 6.0 0.0 0.0 6.0 245.43 3.024994694755501e-06 2416.3418014093922
-2.904599999999996 1.0 0.0 2.0 0.0 1.0 1.0 1.0 12.53 6.399999024000152e-07 85.5488750216347
2.0567 2.0 1.0 2.0 1.0 0.0 0.0 1.0 54.37 3.083559884053619 375.82577061537546
-1.9150599999999918 13.0 1.0 9.0 4.0 0.0 0.0 4.0 207.40999999999997 3.374995516068621e-06 1979.8694245075994
-2.0059999999999896 12.0 2.0 7.0 4.0 0.0 2.0 6.0 197.32 2.6009963131304463e-06 2156.7740907079374
1.1404800000000002 2.0 1.0 0.0 1.0 0.0 0.0 1.0 49.81 3.05603839622726 230.08821798626082
-4.3298999999999985 3.0 1.0 1.0 0.0 0.0 0.0 0.0 40.129999999999995 0.0 46.81274391313339
-3.9008999999999974 5.0 1.0 6.0 0.0 0.0 0.0 0.0 86.66 0.0 225.1791103458067
0.1532 3.0 0.0 0.0 0.0 1.0 1.0 1.0 35.53 2.3673518510178746 60.43856189774725
0.10190000000000005 2.0 2.0 3.0 0.0 0.0 0.0 0.0 74.6 3.788427600543414 158.34093004940027
-4.431599999999998 3.0 4.0 5.0 0.0 0.0 0.0 0.0 127.72 -6.0499989110002e-07 186.670317699974
1.2328200000000005 8.0 2.0 7.0 3.0 0.0 1.0 4.0 127.75999999999999 3.609992973497518e-06 1484.4242348228647
0.624 1.0 0.0 1.0 0.0 1.0 1.0 1.0 12.53 1.9989394851788977 33.87430298092722
-14.449900000000003 7.0 0.0 6.0 0.0 0.0 0.0 0.0 123.63 -2.3999997095000365e-07 198.26466250649042
-1.2116999999999993 10.0 3.0 4.0 2.0 0.0 0.0 2.0 197.33 3.124997327085682e-06 962.7083780256044
3.1027700000000014 1.0 1.0 2.0 2.0 0.0 0.0 2.0 23.85 2.348637604509715 376.003255415297
-4.3298999999999985 3.0 1.0 1.0 0.0 0.0 0.0 0.0 40.129999999999995 0.0 46.81274391313339
-1.7972999999999977 2.0 0.0 3.0 0.0 0.0 0.0 0.0 40.129999999999995 0.0 137.95418659385768
-1.6121999999999985 13.0 6.0 3.0 3.0 0.0 0.0 3.0 276.44 -4.6945743428140836e-07 1313.772994538374
-0.3747799999999937 13.0 2.0 9.0 4.0 0.0 1.0 5.0 201.84 3.001245608049962e-06 2123.5205099440977
-1.4977799999999937 11.0 2.0 8.0 4.0 0.0 1.0 5.0 194.18999999999997 2.879996415129661e-06 2103.1065507675503
-2.1631999999999962 4.0 1.0 4.0 0.0 1.0 1.0 1.0 70.86999999999999 2.112006563790775 232.87709722476782
-18.611999999999938 40.0 8.0 23.0 10.0 0.0 0.0 10.0 742.7400000000001 5.51040708193304e-06 6185.091349333452
-5.992 0.0 0.0 0.0 0.0 0.0 0.0 0.0 0.0 0.0 2.0
-0.5152999999999992 1.0 2.0 2.0 0.0 1.0 1.0 1.0 36.84 2.0778607554610558 66.56151495416137
-5.222699999999997 4.0 4.0 3.0 0.0 0.0 0.0 0.0 86.71000000000001 -2.4499998250000135e-07 63.25838096618136
0.5664 3.0 1.0 3.0 0.0 0.0 0.0 0.0 46.53 3.4037533061532064 107.41884680991984
-1.7147000000000001 3.0 1.0 1.0 0.0 0.0 0.0 0.0 40.129999999999995 0.0 46.81274391313339
1.5224 2.0 2.0 1.0 0.0 1.0 1.0 1.0 46.25 2.6956765704316275 167.22151457063651
-2.8882999999999983 3.0 0.0 2.0 0.0 0.0 0.0 0.0 57.199999999999996 0.0 181.98942873085844
-8.136999999999999 8.0 0.0 3.0 0.0 0.0 0.0 0.0 132.85999999999999 -4.0499995882500426e-07 251.01955000865388
0.0045999999999999375 5.0 2.0 5.0 1.0 0.0 0.0 1.0 89.45999999999998 2.3813747338540936 389.8331882179959
3.195280000000003 4.0 2.0 5.0 2.0 0.0 1.0 3.0 110.63 6.137434550252468e-07 1054.7096627000126
-2.1018999999999943 5.0 1.0 11.0 0.0 0.0 1.0 1.0 66.84 3.9999964750032745e-06 313.2938551785738
-19.393999999999984 10.0 0.0 11.0 0.0 0.0 0.0 0.0 167.0 -3.008332710291799e-07 331.0544191722806
1.2581000000000002 0.0 0.0 0.0 0.0 0.0 0.0 0.0 0.0 -0.0 3.2451124978365313
0.5045000000000001 3.0 0.0 3.0 0.0 1.0 1.0 1.0 38.83 2.107751696006494 158.23415450316315
0.31789999999999985 3.0 1.0 1.0 1.0 0.0 0.0 1.0 71.82 2.9283752374267684 180.41842212960407
-1.005499999999991 14.0 4.0 12.0 4.0 0.0 0.0 4.0 311.7 5.207142651784445e-07 2118.1201663191773
0.9364999999999999 3.0 2.0 8.0 0.0 0.0 0.0 0.0 49.69 3.062399016717871 81.84283310353014
-1.7492999999999979 0.0 0.0 1.0 0.0 1.0 1.0 1.0 0.0 6.399999120000125e-07 76.98533616859814
-2.945899999999998 2.0 0.0 1.0 1.0 0.0 0.0 1.0 40.129999999999995 8.099998872750162e-07 208.1059085401538
-1.8746999999999958 1.0 1.0 3.0 2.0 0.0 0.0 2.0 46.970000000000006 1.4449993557002957e-06 499.7824659581835
5.344100000000005 1.0 1.0 6.0 1.0 0.0 0.0 1.0 20.23 2.7103278273301616 460.96857978203565
-5.577699999999998 3.0 0.0 1.0 0.0 0.0 0.0 0.0 80.86000000000001 -4.499999910000001e-08 21.509775004326936
1.3646 3.0 0.0 4.0 0.0 0.0 0.0 0.0 35.53 3.4519855819553404 129.2988603028468
-2.8271 4.0 0.0 0.0 0.0 0.0 0.0 0.0 86.25 0.0 53.68367439558379
-3.324399999999993 20.0 6.0 7.0 4.0 0.0 1.0 5.0 398.00999999999993 9.343800043347088e-07 2497.2704920377605
-17.54259999999995 40.0 6.0 20.0 11.0 0.0 0.0 11.0 672.9600000000002 3.919994123975716e-06 6221.166755648644
3.9681000000000015 0.0 0.0 15.0 1.0 0.0 0.0 1.0 0.0 5.759991038414532e-06 388.33908051555284
-5.9945 0.0 0.0 0.0 0.0 0.0 0.0 0.0 0.0 -0.0 2.7548875021634682
-2.1798 3.0 4.0 1.0 0.0 1.0 1.0 1.0 113.32 2.534438673083989 225.37706033746232
-1.1830999999999932 12.0 2.0 8.0 4.0 0.0 1.0 5.0 209.67999999999998 2.879995656331871e-06 2087.7330121306527
-0.7782299999999964 9.0 3.0 6.0 2.0 0.0 2.0 4.0 156.32 3.2399949190582007e-06 1523.2219813917704
-3.731599999999998 12.0 8.0 8.0 0.0 0.0 0.0 0.0 242.1 -2.7301587005687826e-07 293.05263615815124
-0.06669999999999998 2.0 0.0 0.0 0.0 1.0 1.0 1.0 26.3 2.3224050495909916 51.91340299823497
-1.1151 3.0 0.0 3.0 0.0 0.0 0.0 0.0 9.23 0.0 95.74860596185444
1.1554 1.0 1.0 3.0 1.0 1.0 1.0 2.0 36.92 2.2116443428545427 357.7447760896648
-4.1321999999999965 5.0 0.0 3.0 0.0 1.0 1.0 1.0 69.67 1.4399995212001628e-06 224.78875082024348
1.2433 4.0 2.0 9.0 0.0 0.0 0.0 0.0 66.76 3.257684303383024 158.66691118104077
-6.667700000000012 20.0 2.0 14.0 4.0 0.0 0.0 4.0 392.05999999999995 0.0 2430.1218443964162
-2.944999999999994 14.0 2.0 7.0 3.0 0.0 1.0 4.0 249.73999999999998 2.939997127407122e-06 1829.1441111315776
-2.945899999999998 2.0 0.0 1.0 1.0 0.0 0.0 1.0 40.129999999999995 8.099998872750162e-07 208.1059085401538
2.1138 2.0 2.0 3.0 0.0 1.0 1.0 1.0 64.68 2.7301636775767912 420.36886868127584
-3.6221999999999923 13.0 3.0 6.0 3.0 0.0 2.0 5.0 223.33999999999997 2.5312470776519397e-06 1992.3889755968814
-6.1435999999999975 5.0 2.0 6.0 0.0 0.0 0.0 0.0 127.78999999999999 4.095996370610992 189.02540087437822
-0.95462 2.0 1.0 0.0 0.0 0.0 0.0 0.0 49.81 0.0 27.509775004326936
0.669 3.0 2.0 6.0 0.0 0.0 0.0 0.0 74.6 3.0256083367235656 129.51770940319489
0.518 1.0 3.0 4.0 0.0 0.0 0.0 0.0 64.07 3.1817722494383824 110.38037532843028
-6.308680000000002 17.0 3.0 9.0 4.0 0.0 1.0 5.0 275.78999999999996 2.8899973675682432e-06 2382.369552508469
-4.0647 2.0 2.0 0.0 0.0 0.0 0.0 0.0 52.04 -4.9999999750000005e-09 6.0
0.8689 6.0 1.0 3.0 3.0 0.0 0.0 3.0 102.15 2.0833316520152844e-06 1002.266076111682
-9.587400000000018 20.0 0.0 9.0 6.0 0.0 0.0 6.0 370.47999999999996 6.201662432591865e-06 3007.718125128665
3.1652000000000013 10.0 0.0 7.0 2.0 0.0 0.0 2.0 114.39999999999999 6.562498979670311e-07 916.6532910108178
3.536800000000004 11.0 1.0 8.0 7.0 0.0 0.0 7.0 175.86999999999998 2.5208294820790155e-06 2711.8894253368985
0.5427700000000006 7.0 2.0 4.0 2.0 0.0 1.0 3.0 121.03999999999999 2.8033301003205162e-06 1090.9586106086654
1.9625 2.0 1.0 2.0 0.0 1.0 1.0 1.0 29.46 2.3602381863059883 140.7740056622918
2.2147200000000034 16.0 1.0 12.0 6.0 0.0 0.0 6.0 262.38 3.599992144542946e-06 2862.788752526217
1.77626 2.0 2.0 0.0 1.0 0.0 0.0 1.0 52.04 3.4555464838177836 263.8544742134815
0.30640000000000434 20.0 6.0 10.0 5.0 0.0 1.0 6.0 360.12 3.720991941740536e-06 2799.270123399105
1.554 2.0 0.0 0.0 0.0 1.0 1.0 1.0 40.21 2.9091513032864307 188.57407497429566
1.1552000000000036 18.0 5.0 11.0 6.0 0.0 0.0 6.0 333.02 3.720991902776817e-06 2940.603786287812
1.7006199999999998 1.0 1.0 0.0 1.0 0.0 0.0 1.0 20.23 3.0324555320336755 143.24662946459569
-0.30309999999999926 7.0 2.0 3.0 2.0 1.0 2.0 4.0 129.39 2.402497528527675e-06 1108.0949100438743
-2.446 9.0 5.0 4.0 1.0 1.0 1.0 2.0 177.35999999999999 2.1580023963313577 615.255481539329
0.8982999999999998 9.0 2.0 7.0 3.0 0.0 0.0 3.0 167.54 3.413328796806262e-06 1236.9106032880168
1.0554 3.0 1.0 1.0 1.0 0.0 0.0 1.0 52.32 3.0326621558006566 270.54949758389114
-0.30409999999999915 7.0 2.0 3.0 3.0 0.0 1.0 4.0 129.39 2.4024976517523884e-06 1257.3632336638038
3.2222000000000017 8.0 0.0 6.0 3.0 0.0 1.0 4.0 123.82 3.6099934144540586e-06 1500.7490490091009
1.3058 2.0 1.0 2.0 0.0 0.0 0.0 0.0 21.259999999999998 3.2711920488970017 93.05865002596163
1.2744999999999997 4.0 2.0 2.0 1.0 0.0 0.0 1.0 66.76 2.9029492111309567 319.3907822709722
0.7811999999999999 3.0 3.0 3.0 1.0 0.0 0.0 1.0 111.9 3.387380075453351 368.9086863811507
2.15998 3.0 0.0 4.0 1.0 0.0 0.0 1.0 42.25 2.850568280159484 341.63103500116875
1.2975000000000017 9.0 1.0 9.0 3.0 0.0 1.0 4.0 160.76 4.409989078978299e-06 1703.8391796998844
0.4598600000000064 13.0 2.0 11.0 5.0 0.0 1.0 6.0 220.48999999999998 3.4809938437792453e-06 2739.8099199542194
-5.854560000000009 21.0 4.0 12.0 6.0 0.0 0.0 6.0 378.28999999999996 3.967494584561759e-06 3272.482558896077
0.059099999999999486 2.0 1.0 0.0 0.0 2.0 2.0 2.0 46.17 2.265142957607116 179.7827877145115
-2.542099999999997 4.0 1.0 4.0 0.0 1.0 1.0 1.0 69.22999999999999 1.6899993071002909e-06 236.97094674997976
-7.329999999999999 4.0 0.0 0.0 0.0 0.0 0.0 0.0 80.25999999999999 -7.999999835000003e-08 92.8582023226588
3.6332000000000026 2.0 1.0 0.0 0.0 2.0 4.0 4.0 37.3 1.6518209551315002 477.809894311868
0.7471999999999999 2.0 2.0 4.0 0.0 0.0 0.0 0.0 40.46 3.824684203207495 55.84847143196431
-19.25839999999993 38.0 6.0 24.0 9.0 0.0 2.0 11.0 623.9200000000001 3.3611041559177033e-06 5571.729367468256
-1.1454999999999982 7.0 2.0 3.0 2.0 0.0 1.0 3.0 124.67999999999998 2.253331302446343e-06 982.9394625788655
-1.321099999999987 23.0 13.0 14.0 0.0 7.0 8.0 8.0 388.0400000000001 1.115450663867406 2293.5833604798413
-6.3728 0.0 0.0 0.0 0.0 0.0 0.0 0.0 0.0 -0.0 2.7548875021634682
-3.8058 3.0 3.0 0.0 0.0 0.0 0.0 0.0 60.69 0.0 11.609640474436814
-4.587999999999995 11.0 4.0 3.0 3.0 0.0 0.0 3.0 230.91999999999996 -4.30572386706506e-07 1185.9701578596585
-9.862200000000035 27.0 4.0 15.0 5.0 1.0 3.0 8.0 405.37999999999994 3.1204948881326616e-06 3503.9020317463733
-9.88820000000001 12.0 0.0 6.0 2.0 0.0 1.0 3.0 211.91999999999996 3.629998183992609e-06 1330.7877263914302
-0.5817999999999999 2.0 2.0 1.0 0.0 0.0 0.0 0.0 63.32 3.2575861612334887 59.813537528125096
-1.2958799999999928 12.0 2.0 9.0 4.0 0.0 1.0 5.0 211.26 3.1249958809171326e-06 2284.6635858960376
0.4844000000000003 4.0 2.0 6.0 2.0 0.0 0.0 2.0 60.77000000000001 3.124998465417442e-06 701.9476361233158
1.1272200000000017 2.0 0.0 3.0 2.0 0.0 1.0 3.0 18.61 2.0833315750709736e-06 788.7861896821478
1.7807 2.0 1.0 0.0 0.0 1.0 1.0 1.0 32.59 2.3318756492984862 90.70165766734146
-14.569599999999994 34.0 6.0 18.0 7.0 0.0 1.0 8.0 560.86 4.400549656388395e-06 4727.6165311473105
-0.177 2.0 2.0 1.0 0.0 1.0 1.0 1.0 49.33 2.34993673877678 96.60179219723159
-1.274 4.0 0.0 0.0 0.0 0.0 0.0 0.0 80.25999999999999 -3.999999981250001e-08 30.671034463057104
-6.6461999999999986 10.0 1.0 12.0 0.0 0.0 0.0 0.0 203.49999999999997 -1.999999050500463e-06 338.7328387386799
-0.9651999999999943 18.0 4.0 14.0 6.0 0.0 0.0 6.0 258.32 3.48099284631454e-06 2382.2342152861647
0.460010000000001 9.0 4.0 7.0 2.0 0.0 2.0 4.0 168.35 3.9999918415171765e-06 1710.8201135817133
-0.6847800000000002 6.0 1.0 3.0 2.0 0.0 1.0 3.0 98.66 2.2533313199240675e-06 997.4574817797732
-4.892399999999993 10.0 2.0 5.0 2.0 0.0 1.0 3.0 184.95999999999998 2.7224982938323694e-06 1372.899873715803
1.8806999999999998 1.0 0.0 1.0 0.0 1.0 1.0 1.0 3.24 2.2283621149350434 72.63682062300136
-8.439 3.0 0.0 0.0 0.0 0.0 0.0 0.0 63.19 -4.4999999250000016e-08 31.77443751081734
-5.545999999999991 13.0 2.0 9.0 2.0 0.0 1.0 3.0 228.32999999999998 3.80249596756699e-06 1653.92433911049
4.417190000000005 9.0 0.0 16.0 5.0 0.0 0.0 5.0 124.12 6.271976432305792e-06 2030.4486805273532
0.7731000000000001 2.0 3.0 6.0 0.0 0.0 0.0 0.0 75.35 2.8497612822334424 106.61369602227545
0.013200000000000045 2.0 1.0 0.0 0.0 0.0 0.0 0.0 54.37 0.0 167.98710676103488
-1.5091299999999999 3.0 4.0 0.0 0.0 0.0 0.0 0.0 139.26000000000002 0.0 69.28421251514428
0.7686999999999999 4.0 0.0 8.0 0.0 0.0 0.0 0.0 44.760000000000005 2.9908869946341197 144.55012792536496
0.81376 2.0 0.0 1.0 0.0 0.0 0.0 0.0 47.58 2.7835408277898814 79.09616281328597
-1.942959999999988 14.0 4.0 10.0 2.0 1.0 5.0 7.0 230.79999999999995 3.2033263951183204e-06 2488.206580292957
0.9333000000000001 2.0 1.0 1.0 1.0 0.0 0.0 1.0 54.37 3.2186466288823383 301.02463059505703
1.5501399999999999 2.0 1.0 1.0 1.0 0.0 0.0 1.0 54.37 3.4684785345646363 392.76404179901243
-2.7175999999999987 7.0 3.0 2.0 2.0 0.0 0.0 2.0 157.82 2.2049988674006007e-06 849.3120209942455
-0.8443999999999998 2.0 2.0 0.0 0.0 0.0 0.0 0.0 74.6 3.5677034550432034 71.5488750216347
-2.0696 4.0 4.0 0.0 0.0 0.0 0.0 0.0 149.2 -1.4285714138775512e-07 172.1839163704497
-3.2350999999999996 3.0 0.0 0.0 0.0 0.0 0.0 0.0 66.19999999999999 0.0 29.87430298092722
0.3683999999999999 2.0 2.0 5.0 0.0 0.0 0.0 0.0 32.26 2.53006045688352 33.50977500432694
-0.8019000000000001 2.0 2.0 2.0 0.0 0.0 0.0 0.0 32.26 2.19060968716425 14.364527976600282
-1.0626000000000002 2.0 2.0 1.0 0.0 0.0 0.0 0.0 46.25 1.9747448713915894 8.0
-0.2956000000000001 1.0 0.0 1.0 0.0 0.0 0.0 0.0 20.310000000000002 2.825749368745867 33.87430298092722
-1.5172999999999999 5.0 0.0 0.0 0.0 0.0 0.0 0.0 110.25999999999999 -7.999999835000003e-08 91.24856184822198
-2.8832 0.0 0.0 0.0 0.0 0.0 0.0 0.0 0.0 0.0 2.0
-0.7197999999999978 9.0 1.0 8.0 2.0 0.0 1.0 3.0 145.26999999999998 4.0833271028570235e-06 1366.4858837818017
2.6694000000000013 2.0 0.0 3.0 1.0 0.0 0.0 1.0 29.54 2.7684603093461297 284.59882253390214
1.9306 4.0 2.0 2.0 2.0 0.0 0.0 2.0 74.6 2.4961289671937283 561.0601341830188
-0.20240000000000025 10.0 7.0 7.0 2.0 1.0 1.0 3.0 177.14 1.8180871764579953 911.1216231276836
2.23062 1.0 1.0 0.0 1.0 0.0 0.0 1.0 26.02 3.2478347337367035 199.9061775999341
1.7922 2.0 0.0 3.0 1.0 0.0 0.0 1.0 26.3 2.290572056240154 241.27530899395387
2.7851000000000017 3.0 1.0 5.0 0.0 1.0 1.0 1.0 37.3 1.90892263435229 143.99328661116542
1.7726199999999999 2.0 0.0 3.0 1.0 1.0 1.0 2.0 21.759999999999998 1.9604804174339308 266.2960188386611
7.273600000000007 4.0 0.0 26.0 0.0 0.0 0.0 0.0 80.25999999999999 -6.066666435510428e-07 517.7261006736031
-4.958999999999995 7.0 1.0 6.0 0.0 1.0 1.0 1.0 118.04999999999998 3.2399975916018463e-06 413.6308301911834
0.8812999999999995 2.0 2.0 1.0 2.0 1.0 1.0 3.0 54.4 2.141206047367709 595.3068153455474
2.6477000000000013 1.0 0.0 3.0 0.0 0.0 0.0 0.0 17.07 3.5643933326870947 99.78611874917878
2.9934000000000003 0.0 0.0 0.0 1.0 0.0 0.0 1.0 0.0 3.134861511345448 162.63833891467198
2.728300000000001 1.0 0.0 2.0 1.0 0.0 0.0 1.0 9.23 2.8240417350315044 233.55461928814677
-8.990499999999999 0.0 0.0 0.0 0.0 0.0 0.0 0.0 0.0 -0.0 3.2451124978365313
1.3168 4.0 4.0 4.0 3.0 0.0 0.0 3.0 124.85999999999999 1.8204944607870934 893.286713840915
0.6311 0.0 0.0 0.0 0.0 0.0 0.0 0.0 0.0 -0.0 2.7548875021634682
0.7392000000000005 4.0 0.0 15.0 0.0 1.0 1.0 1.0 77.50999999999999 6.759987915222543e-06 441.8975442710488
3.981200000000003 2.0 0.0 3.0 2.0 0.0 0.0 2.0 29.54 2.3846013263544226 456.91675548747065
-7.773199999999997 12.0 0.0 0.0 0.0 0.0 0.0 0.0 411.78 -3.9999999931249994e-09 364.50160246346627
3.6403000000000016 2.0 1.0 3.0 2.0 0.0 0.0 2.0 35.25 2.0709468269726354 530.577953854568
3.865700000000002 4.0 1.0 1.0 3.0 0.0 1.0 4.0 67.26 1.9605915381292065 961.7232990160747
11.08439999999999 0.0 0.0 21.0 0.0 0.0 0.0 0.0 0.0 3.5365620101598387 307.9474732050231
-3.2584 3.0 0.0 0.0 0.0 0.0 0.0 0.0 63.19 0.0 29.87430298092722
6.589500000000006 2.0 2.0 19.0 0.0 0.0 0.0 0.0 74.6 3.3694740839034836 376.33853716549436
9.881699999999999 5.0 1.0 21.0 3.0 0.0 0.0 3.0 68.29 1.2808031409035956 1128.9801985175525
0.9744999999999999 3.0 0.0 4.0 0.0 0.0 0.0 0.0 35.53 2.980692229675904 99.02434166397533
-16.84989999999998 0.0 3.0 0.0 0.0 0.0 0.0 0.0 109.5 -0.0 12.954618442383218
1.5981 2.0 2.0 5.0 0.0 0.0 0.0 0.0 74.6 4.111090984524121 207.660241301476
0.3371 4.0 3.0 2.0 1.0 0.0 0.0 1.0 111.9 3.416533376164286 474.953429000482
-1.6458999999999988 4.0 3.0 0.0 0.0 1.0 1.0 1.0 101.65 1.8666666404833335e-07 155.02130455739126
-5.992 0.0 0.0 0.0 0.0 0.0 0.0 0.0 0.0 0.0 2.0
-0.9961 2.0 2.0 2.0 0.0 1.0 1.0 1.0 52.57 2.309791814716797 115.52562235615692
0.2220999999999999 4.0 3.0 3.0 1.0 0.0 0.0 1.0 81.5 2.722334696822482 263.23481493850056
0.6471 1.0 1.0 1.0 0.0 0.0 0.0 0.0 37.3 3.5677034550432034 71.5488750216347
1.2084 3.0 0.0 2.0 0.0 0.0 0.0 0.0 43.370000000000005 4.069307057733475 201.49166979158304
1.9328999999999996 2.0 0.0 5.0 1.0 0.0 0.0 1.0 40.129999999999995 3.211111055441359e-07 314.0968799935334
-4.168220000000001 2.0 0.0 0.0 0.0 0.0 0.0 0.0 46.849999999999994 0.0 29.509775004326936
-4.1083 2.0 1.0 0.0 0.0 0.0 0.0 0.0 60.36 0.0 29.87430298092722
-1.4393999999999998 3.0 3.0 4.0 0.0 0.0 0.0 0.0 52.489999999999995 2.447472887876344 28.870765403276856
0.49459999999999993 7.0 0.0 14.0 0.0 0.0 0.0 0.0 80.29000000000002 3.0871241800658007 284.4443837591306
2.655540000000002 8.0 0.0 9.0 4.0 0.0 0.0 4.0 132.18 4.622492000581185e-06 1758.0570171622692
-5.992 0.0 0.0 0.0 0.0 0.0 0.0 0.0 0.0 0.0 2.0
0.29580000000000006 3.0 0.0 6.0 0.0 0.0 0.0 0.0 27.69 2.595082706793886 41.567631415296866
0.6471 1.0 1.0 1.0 0.0 0.0 0.0 0.0 37.3 3.301627871993482 73.61727061434749
-0.8590000000000002 6.0 0.0 0.0 0.0 0.0 0.0 0.0 132.4 -7.199999951999999e-08 69.05865002596163
-3.972699999999997 6.0 2.0 2.0 0.0 2.0 2.0 2.0 138.45999999999998 3.239999946180001e-07 350.21616690607414
-3.5020000000000002 4.0 4.0 0.0 0.0 0.0 0.0 0.0 161.18 -1.0666666581111113e-07 124.40154658752398
-4.698099999999998 3.0 0.0 2.0 0.0 0.0 0.0 0.0 43.37 0.0 74.43856189774726
-4.1083 2.0 1.0 0.0 0.0 0.0 0.0 0.0 60.36 0.0 29.87430298092722
0.9448999999999999 1.0 1.0 2.0 0.0 0.0 0.0 0.0 20.23 2.8312571099313644 47.900134529890124
-0.4523000000000003 7.0 1.0 4.0 3.0 0.0 0.0 3.0 108.13999999999999 2.2533316115569196e-06 984.3917767419961
1.5772199999999998 1.0 1.0 0.0 1.0 0.0 0.0 1.0 26.02 3.0324555320336755 143.24662946459569
-1.3580799999999924 12.0 2.0 8.0 4.0 0.0 0.0 4.0 228.38000000000002 3.526662621386762e-06 2212.3032301171006
1.7908999999999997 2.0 1.0 2.0 1.0 0.0 0.0 1.0 29.46 2.8111809171884006 208.16749419417292
1.1162999999999998 4.0 0.0 4.0 0.0 1.0 1.0 1.0 44.760000000000005 2.4312928241103484 206.16753793855545
1.2132999999999998 3.0 1.0 2.0 1.0 0.0 0.0 1.0 46.53 3.116164133858052 268.03972257956417
1.7337 0.0 0.0 0.0 0.0 0.0 0.0 0.0 0.0 1.6329931618554523 2.7548875021634682
-8.8696 3.0 0.0 0.0 0.0 0.0 0.0 0.0 63.19 -4.4999999250000016e-08 31.774437510817343
-5.606099999999996 2.0 0.0 3.0 2.0 0.0 0.0 2.0 44.01 1.444999677850074e-06 505.35424768288937
0.3569000000000001 1.0 1.0 0.0 0.0 0.0 0.0 0.0 26.02 3.552734354515761 70.919684538544
-4.425100000000001 3.0 0.0 0.0 0.0 0.0 0.0 0.0 57.199999999999996 0.0 55.2933148700206
-5.0740999999999925 16.0 4.0 10.0 3.0 0.0 1.0 4.0 281.99 4.0016608411198635e-06 2103.680882366483
-0.6623999999999999 3.0 3.0 4.0 0.0 0.0 0.0 0.0 52.489999999999995 2.914658625512464 56.07820003461549
-1.0197999999999992 4.0 0.0 0.0 0.0 4.0 4.0 4.0 12.96 1.897366596101028 101.29748098348911
-14.760899999999994 0.0 0.0 0.0 0.0 0.0 0.0 0.0 220.5 -0.0 13.647375848443572
0.7952 1.0 0.0 1.0 0.0 1.0 1.0 1.0 12.53 1.9989394851788977 30.62919048309069
-5.282499999999999 6.0 0.0 0.0 0.0 0.0 0.0 0.0 120.38999999999999 -2.5714285645408165e-08 49.74860596185444
1.5196 1.0 0.0 0.0 0.0 1.0 1.0 1.0 17.07 2.2495440947344707 68.24920506009684
-1.3926000000000003 8.0 2.0 3.0 0.0 0.0 0.0 0.0 205.85999999999996 -4.0499995882500426e-07 251.01955000865388
-2.703699999999997 1.0 1.0 3.0 0.0 0.0 0.0 0.0 20.23 0.0 82.3072265502403
-0.0028000000000000247 2.0 2.0 2.0 0.0 0.0 0.0 0.0 40.46 3.3604351426960584 44.041843979966416
0.5694 2.0 0.0 1.0 0.0 0.0 0.0 0.0 26.3 2.831257109931365 49.50977500432694
6.719600000000004 0.0 0.0 0.0 0.0 0.0 2.0 2.0 0.0 -1.0666666542222226e-07 191.65043753297306
-3.2476999999999983 3.0 1.0 2.0 1.0 0.0 0.0 1.0 77.43 1.439999672400077e-06 301.67084098634456
-29.060400000000023 39.0 0.0 0.0 0.0 0.0 0.0 0.0 701.6700000000004 -1.8042452821040704e-08 1733.6487086129443
-4.020899999999999 2.0 0.0 1.0 0.0 0.0 0.0 0.0 40.129999999999995 0.0 46.81274391313339
0.6766000000000001 1.0 1.0 0.0 0.0 1.0 1.0 1.0 29.1 2.26669651519302 80.52932501298082
-2.7453999999999996 3.0 0.0 0.0 0.0 0.0 0.0 0.0 52.49 0.0 13.509775004326936
-2.096879999999998 3.0 0.0 1.0 1.0 0.0 0.0 1.0 57.199999999999996 1.2099997657000466e-06 341.41916724713917
-2.5821999999999985 6.0 3.0 4.0 1.0 0.0 0.0 1.0 153.97 4.943076631850514e-07 454.12570664139844
0.948 1.0 1.0 4.0 0.0 0.0 0.0 0.0 12.03 2.679549206552144 49.20035947603791
-0.0716 5.0 2.0 6.0 0.0 0.0 0.0 0.0 84.86000000000001 3.85745365114857 199.20129207711153
3.2767999999999997 20.0 10.0 22.0 6.0 0.0 0.0 6.0 321.5999999999999 1.3057685955177585 2575.189181806971
1.59396 2.0 0.0 3.0 0.0 0.0 0.0 0.0 47.58 2.7739011632941284 99.47067498701918
1.6041999999999998 2.0 1.0 3.0 1.0 0.0 0.0 1.0 46.17 2.5044549868496246 305.9606013394062
3.2162200000000025 6.0 0.0 4.0 2.0 0.0 1.0 3.0 85.04 4.3840573842838937e-07 1026.14666390903
2.916400000000001 7.0 0.0 5.0 2.0 0.0 1.0 3.0 94.26999999999998 4.693054860196486e-07 1044.5664477579485
1.5575999999999999 2.0 2.0 6.0 0.0 0.0 0.0 0.0 40.46 3.8352571576460592 79.2988603028468
1.0512000000000001 0.0 0.0 0.0 0.0 0.0 0.0 0.0 0.0 1.0 2.0
1.5416 1.0 0.0 2.0 0.0 0.0 0.0 0.0 17.07 3.490361883601098 82.18080946738405
-0.5045999999999998 6.0 0.0 0.0 3.0 0.0 0.0 3.0 94.56 2.7986395701748545 769.6521153807564
1.6989 3.0 0.0 6.0 0.0 0.0 0.0 0.0 43.370000000000005 3.2765533155320856 151.85263754543286
1.1221999999999999 3.0 0.0 0.0 0.0 2.0 2.0 2.0 43.370000000000005 2.169335366426631 233.92814698224578
1.5246000000000002 4.0 0.0 10.0 0.0 0.0 0.0 0.0 80.25999999999999 -2.945454481041324e-07 230.6615312216908
1.88564 1.0 1.0 0.0 1.0 0.0 0.0 1.0 26.02 3.2478347337367026 195.55766205433733
1.1387999999999998 4.0 0.0 2.0 0.0 1.0 1.0 1.0 52.60000000000001 2.3807662794155533 192.16188799454835
0.8135000000000014 7.0 0.0 16.0 0.0 0.0 0.0 0.0 109.80000000000001 0.0 551.0329672298398
0.3677 2.0 2.0 1.0 1.0 0.0 0.0 1.0 69.11 3.003400684579818 240.28794892648057
-1.039700000000001 5.0 1.0 0.0 2.0 0.0 0.0 2.0 72.68 3.21185381303522 574.1705593822571
4.952120000000005 4.0 0.0 6.0 0.0 0.0 0.0 0.0 95.16 0.0 477.1774455239963
1.7482 1.0 0.0 2.0 1.0 0.0 0.0 1.0 3.24 2.5872871851548136 179.17957141667623
1.9864 0.0 0.0 0.0 0.0 0.0 0.0 0.0 0.0 2.3237900077244498 8.0
-2.6198 0.0 1.0 0.0 0.0 0.0 0.0 0.0 36.5 0.0 2.0
0.8945999999999998 3.0 0.0 3.0 0.0 1.0 1.0 1.0 35.53 2.1038316924891984 147.41616035477006
-2.4876999999999985 5.0 1.0 4.0 1.0 0.0 0.0 1.0 103.37 2.8899984300508875e-06 537.8913960465259
-0.9289000000000003 6.0 3.0 4.0 0.0 0.0 1.0 1.0 96.22000000000001 2.8390672764211398 258.55711902130685
-15.504200000000003 7.0 1.0 2.0 0.0 0.0 0.0 0.0 146.60999999999999 -8.333332911458357e-08 219.37473982306136
-0.11140000000000017 4.0 0.0 2.0 0.0 0.0 0.0 0.0 52.60000000000001 3.7526030864834103 141.13075145540293
1.4062199999999998 2.0 2.0 0.0 1.0 0.0 0.0 1.0 40.46 3.1716780304409156 218.15617759993404
-0.4548000000000001 1.0 2.0 0.0 0.0 0.0 0.0 0.0 41.13 2.9881608821342693 46.75488750216347
-3.7314000000000025 8.0 4.0 0.0 0.0 0.0 0.0 0.0 306.52 -1.7777777696296295e-08 215.7164046453176
-1.876499999999996 4.0 1.0 12.0 0.0 0.0 0.0 0.0 80.66999999999999 0.0 255.89951810576812
-2.490099999999999 4.0 0.0 0.0 0.0 0.0 0.0 0.0 80.25999999999999 -7.199999951999999e-08 70.56842503028855
-2.7056999999999984 1.0 0.0 0.0 0.0 0.0 0.0 0.0 3.24 -4.499999910000001e-08 15.509775004326936
2.2924000000000007 3.0 2.0 3.0 1.0 0.0 0.0 1.0 58.56 6.730768532686632e-07 344.83606869730977
0.19589999999999996 3.0 0.0 3.0 0.0 0.0 0.0 0.0 35.53 2.988598647973156 70.07403392114696
-4.168220000000001 2.0 0.0 0.0 0.0 0.0 0.0 0.0 46.849999999999994 0.0 29.509775004326936
0.9189999999999999 2.0 1.0 5.0 0.0 0.0 0.0 0.0 29.46 2.616293090417985 52.49022499567306
-3.4426 2.0 0.0 0.0 0.0 0.0 0.0 0.0 40.129999999999995 0.0 13.509775004326936
-4.267299999999999 2.0 0.0 0.0 0.0 0.0 0.0 0.0 71.63 -1.99999998125e-08 14.364527976600282
2.4352 3.0 1.0 5.0 0.0 1.0 1.0 1.0 47.78 0.0 138.00292484589173
2.1847000000000003 0.0 0.0 5.0 4.0 0.0 0.0 4.0 0.0 2.1024981664766527e-06 841.8000083084903
-0.9538999999999949 7.0 0.0 6.0 0.0 2.0 2.0 2.0 109.8 3.1249964375042534e-06 536.6864850132554
3.417880000000002 6.0 0.0 5.0 2.0 0.0 1.0 3.0 110.29999999999998 6.13743455029586e-07 1120.15671223133
-8.136999999999999 8.0 0.0 3.0 0.0 0.0 0.0 0.0 132.85999999999999 -4.0499995882500426e-07 251.01955000865388
0.5789200000000008 9.0 1.0 7.0 3.0 0.0 1.0 4.0 160.76 3.8024922481164194e-06 1592.2750768494975
0.25700000000000006 1.0 1.0 1.0 0.0 0.0 0.0 0.0 37.3 3.204805417886435 55.91340299823497
-0.4251 1.0 1.0 0.0 0.0 0.0 0.0 0.0 26.02 1.0 2.0
-10.408500000000007 10.0 0.0 11.0 0.0 0.0 0.0 0.0 167.0 -1.8049992523503188e-06 327.12281476499334
2.3163 2.0 0.0 2.0 0.0 2.0 3.0 3.0 26.3 1.7494247234449098 331.4276544759515
-3.2783999999999986 3.0 0.0 2.0 0.0 0.0 0.0 0.0 57.199999999999996 0.0 147.9114705065293
-5.850560000000014 23.0 4.0 15.0 7.0 0.0 0.0 7.0 373.22999999999996 3.23999519243234e-06 3423.6814221878917
0.8958999999999997 7.0 1.0 3.0 3.0 0.0 1.0 4.0 104.32 5.892306280856371e-07 1197.4270108921937
-4.854499999999995 6.0 1.0 5.0 0.0 1.0 1.0 1.0 83.91 2.249998813500648e-06 277.76289771739926
-1.8024999999999984 1.0 2.0 1.0 0.0 1.0 1.0 1.0 59.7 2.34993673877678 96.60179219723159
-0.19529999999999997 2.0 1.0 0.0 1.0 0.0 0.0 1.0 41.57 3.1250000000000004 61.369930610534254
-2.8835 0.0 0.0 0.0 0.0 0.0 0.0 0.0 0.0 0.0 2.0
-4.629899999999999 2.0 0.0 0.0 0.0 0.0 0.0 0.0 40.129999999999995 0.0 13.509775004326936
1.0977999999999999 2.0 2.0 0.0 1.0 0.0 0.0 1.0 40.46 3.0324555320336755 145.38833891467198
-1.127 3.0 3.0 3.0 0.0 0.0 0.0 0.0 100.62 3.632432151939845 132.52932501298082
1.0044000000000004 0.0 0.0 4.0 3.0 0.0 0.0 3.0 0.0 1.7633322772506531e-06 584.0085832964396
-0.0025 0.0 0.0 0.0 0.0 0.0 0.0 0.0 0.0 0.0 0.0
2.1673 6.0 3.0 4.0 2.0 0.0 0.0 2.0 135.56 2.476591218178952 787.040239455687
3.5687000000000033 1.0 0.0 3.0 4.0 0.0 1.0 5.0 7.9399999999999995 2.311997308279892e-06 1323.898659434224
1.3105 1.0 0.0 0.0 0.0 0.0 1.0 1.0 9.23 2.2551447208210704 48.95878455585174
1.3099999999999998 2.0 2.0 6.0 0.0 0.0 0.0 0.0 40.46 2.8861627976234385 64.27793097483524
2.1250999999999998 1.0 0.0 3.0 0.0 0.0 0.0 0.0 3.24 3.677615681908372 58.96788691072806
-0.8497999999999997 10.0 6.0 2.0 2.0 0.0 1.0 3.0 235.37999999999997 2.9999972170026673e-06 1229.6418178895576
1.5003000000000002 2.0 0.0 1.0 0.0 0.0 0.0 0.0 26.3 3.867280781013407 127.3449779679464
-4.804799999999993 11.0 3.0 7.0 1.0 0.0 2.0 3.0 196.98999999999998 3.4224969828069235e-06 1545.338427702684
4.285820000000004 8.0 0.0 7.0 4.0 0.0 0.0 4.0 115.87 3.4224942588433547e-06 1521.4433281179968
-0.28819999999999985 2.0 2.0 2.0 0.0 0.0 0.0 0.0 74.6 3.668626461933803 118.97373660251154
1.56302 3.0 2.0 5.0 1.0 0.0 0.0 1.0 43.7 2.7811127149176116 296.21356211444805
0.30420000000000014 4.0 0.0 4.0 0.0 0.0 0.0 0.0 52.60000000000001 3.734562819666556 135.95057052383706
0.8250200000000025 9.0 2.0 7.0 4.0 0.0 1.0 5.0 166.76999999999998 4.049990428523513e-06 1942.6683381518878
-3.6973999999999987 2.0 0.0 0.0 0.0 0.0 0.0 0.0 40.129999999999995 0.0 87.77443751081735
-7.2074 3.0 0.0 0.0 0.0 0.0 0.0 0.0 63.19 -7.999999807500004e-08 59.070496343496615
-0.29919999999999997 1.0 1.0 0.0 0.0 0.0 0.0 0.0 37.3 2.1874960973678963 10.264662506490405
-3.9881999999999973 8.0 4.0 11.0 0.0 0.0 0.0 0.0 234.33999999999997 -1.8049992523503188e-06 321.12281476499334
2.889800000000001 4.0 1.0 15.0 0.0 0.0 0.0 0.0 77.43 3.6217856614797554 382.0546057445979
-5.992 0.0 0.0 0.0 0.0 0.0 0.0 0.0 0.0 0.0 2.0
1.1499200000000003 4.0 1.0 2.0 1.0 0.0 0.0 1.0 97.50999999999999 3.4429387680106793 478.8535635303721
-3.7338999999999976 6.0 0.0 0.0 0.0 0.0 0.0 0.0 120.38999999999999 -4.4999999833333336e-08 114.67414136612275
1.458 2.0 2.0 2.0 1.0 0.0 0.0 1.0 57.53 3.0227910918592995 298.109376434433
0.22710000000000652 12.0 2.0 8.0 5.0 0.0 1.0 6.0 192.60999999999999 2.6009961470834326e-06 2350.235813706178
-5.992 0.0 0.0 0.0 0.0 0.0 0.0 0.0 0.0 0.0 2.0
-3.607099999999998 1.0 1.0 1.0 0.0 0.0 1.0 1.0 7.680000000000001 6.399999148000115e-07 122.22626787690943
-3.5553999999999983 3.0 3.0 2.0 0.0 0.0 0.0 0.0 63.32 -1.799999899875006e-07 84.2129994085646
-8.714100000000014 14.0 0.0 0.0 0.0 0.0 0.0 0.0 280.90999999999997 -2.0416666641460906e-08 321.26501708921325
0.7787999999999999 1.0 1.0 2.0 0.0 0.0 0.0 0.0 20.23 2.19060968716425 11.119415478763749
-8.610100000000001 4.0 0.0 0.0 0.0 0.0 0.0 0.0 80.25999999999999 -7.999999835000003e-08 92.8582023226588
-0.6509999999999998 4.0 0.0 0.0 0.0 0.0 0.0 0.0 80.25999999999999 -7.999999835000003e-08 94.8582023226588
-8.990499999999999 0.0 0.0 0.0 0.0 0.0 0.0 0.0 0.0 -0.0 3.2451124978365313
-1.3405 4.0 0.0 0.0 0.0 0.0 0.0 0.0 80.25999999999999 0.0 90.7164928725825
2.442700000000001 9.0 0.0 7.0 3.0 0.0 0.0 3.0 125.1 3.413328280896666e-06 1198.4470005138612
-1.4325099999999993 3.0 0.0 0.0 1.0 0.0 0.0 1.0 27.99 6.399999377333394e-07 234.39964603589553
-5.257409999999997 6.0 3.0 2.0 0.0 1.0 1.0 1.0 104.06 1.439999606400111e-06 217.1700163058029
-5.9945 0.0 0.0 0.0 0.0 0.0 0.0 0.0 0.0 -0.0 2.7548875021634682
0.3311600000000033 9.0 4.0 9.0 3.0 0.0 1.0 4.0 187.58999999999997 5.289988277885493e-06 1783.7523356946913
0.9448999999999999 1.0 1.0 1.0 0.0 0.0 0.0 0.0 20.23 3.1374298786373527 50.95878455585175
-3.5702 6.0 2.0 0.0 0.0 0.0 0.0 0.0 166.43999999999997 -1.0666666593333334e-07 214.95740853719445
0.46420000000000006 2.0 2.0 5.0 0.0 0.0 0.0 0.0 52.04 2.53006045688352 31.509775004326936
-4.180699999999999 3.0 1.0 1.0 0.0 0.0 0.0 0.0 60.36 0.0 46.05785641096992
0.40969999999999995 1.0 1.0 0.0 1.0 0.0 0.0 1.0 28.68 3.1250000000000004 61.369930610534254
-5.457699999999998 4.0 2.0 3.0 0.0 0.0 0.0 0.0 103.44999999999999 0.0 137.21928094887363
-5.6517 8.0 0.0 0.0 0.0 0.0 0.0 0.0 172.5 -1.0666666581111113e-07 124.40154658752398
1.6646 2.0 1.0 2.0 0.0 0.0 0.0 0.0 29.46 3.3604351426960575 44.041843979966416
1.1878 1.0 1.0 2.0 1.0 0.0 0.0 1.0 26.02 2.61489994009295 157.4784207656209
1.3457999999999999 2.0 1.0 0.0 0.0 1.0 1.0 1.0 43.37 2.8355218903020596 159.36734879116756
-2.100579999999998 2.0 0.0 0.0 2.0 0.0 0.0 2.0 39.88 6.049999156666785e-07 355.2131727802347
-0.15000000000000002 3.0 0.0 0.0 0.0 1.0 1.0 1.0 43.370000000000005 2.5537050272065858 102.10331482049533
-2.0881999999999987 4.0 0.0 2.0 0.0 0.0 0.0 0.0 80.25999999999999 -1.0666666563333335e-07 99.14991061829625
-2.058 4.0 4.0 4.0 0.0 0.0 0.0 0.0 80.92 3.824684203207495 51.84847143196431
1.3681999999999999 3.0 0.0 2.0 0.0 0.0 0.0 0.0 43.370000000000005 3.8624101150224392 140.72010581370304
-4.981099999999998 3.0 1.0 1.0 0.0 1.0 1.0 1.0 69.22999999999999 8.099998654500228e-07 158.97205302419658
-0.5209099999999911 11.0 0.0 14.0 5.0 0.0 0.0 5.0 178.07999999999998 3.7812433303456108e-06 2213.190730516389
-6.5574 3.0 0.0 0.0 0.0 0.0 0.0 0.0 57.199999999999996 -4.499999940000001e-08 57.19344939991072
0.7742 2.0 2.0 0.0 0.0 1.0 1.0 1.0 40.46 2.7809310892394867 119.33658100079687
-14.240600000000002 7.0 1.0 5.0 0.0 0.0 0.0 0.0 140.62 -2.399999741500029e-07 238.5067183824432
2.116999999999999 10.0 4.0 20.0 2.0 0.0 1.0 3.0 135.58 1.5956925264360755 949.9083655277406
0.09089999999999993 1.0 1.0 0.0 0.0 0.0 0.0 0.0 37.3 2.8030394876740514 27.019550008653873
-0.49509999999999993 3.0 2.0 4.0 0.0 0.0 0.0 0.0 91.66999999999999 3.6041568215284974 170.87712379549453
-5.753599999999996 8.0 0.0 9.0 0.0 0.0 0.0 0.0 114.39999999999998 -1.1249996070001402e-06 342.88159103902024
0.7614000000000001 1.0 0.0 1.0 0.0 0.0 0.0 0.0 17.07 3.204805417886435 54.668290500398435
0.8412999999999999 1.0 0.0 1.0 0.0 0.0 0.0 0.0 17.07 2.825749368745867 30.62919048309069
2.9907000000000012 3.0 1.0 4.0 0.0 0.0 0.0 0.0 18.46 3.9078360952395634 144.6612728526066
2.0507 1.0 1.0 3.0 0.0 0.0 0.0 0.0 29.1 4.7400996413297465 153.2215145706365
1.584 1.0 0.0 0.0 0.0 0.0 0.0 0.0 17.07 2.8030394876740514 29.019550008653873
1.8863 2.0 2.0 4.0 0.0 1.0 1.0 1.0 74.6 2.6568768463463908 210.27649744866906
-0.3808 0.0 0.0 0.0 0.0 0.0 0.0 0.0 0.0 0.0 0.0
-4.271499999999999 4.0 3.0 6.0 0.0 0.0 0.0 0.0 139.96 4.089939314856037 241.08940644097603
5.707100000000003 14.0 5.0 7.0 6.0 0.0 2.0 8.0 284.27 2.5688850672843733e-06 3587.1475087527892
1.3693 1.0 0.0 1.0 0.0 0.0 0.0 0.0 0.0 1.9747448713915894 5.245112497836532
1.4990999999999999 1.0 0.0 1.0 1.0 0.0 0.0 1.0 17.07 2.9910469146846212 167.00151696675914
2.1662 6.0 2.0 7.0 0.0 0.0 0.0 0.0 77.38000000000001 4.13703891526259 133.91049395640277
1.3278999999999999 2.0 2.0 3.0 1.0 0.0 0.0 1.0 32.26 2.7110407232330616 222.5400055614587
1.2055 2.0 0.0 2.0 0.0 0.0 0.0 0.0 26.3 3.329150037184473 76.59772060569361
0.26739999999999997 1.0 0.0 0.0 0.0 0.0 0.0 0.0 0.0 2.0 2.0
0.9972 3.0 0.0 0.0 1.0 0.0 1.0 2.0 43.370000000000005 2.6946772551637395 307.9453367067098
1.9352 0.0 0.0 0.0 0.0 0.0 0.0 0.0 0.0 2.549193338482967 19.219280948873624
2.2348 1.0 0.0 0.0 2.0 0.0 0.0 2.0 12.89 2.8880516016579914 275.7051383449476
5.1954000000000065 3.0 2.0 2.0 3.0 0.0 0.0 3.0 57.53 1.9796826460488237e-07 745.7210729666547
-4.114999999999994 12.0 2.0 3.0 4.0 0.0 2.0 6.0 234.71999999999997 2.208998047386783e-06 2089.8775146193157
1.4922 1.0 0.0 1.0 0.0 1.0 1.0 1.0 3.24 2.1250162554146717 55.407165571558394
0.82392 3.0 2.0 1.0 1.0 0.0 0.0 1.0 80.39 3.4344939089006497 397.1125573446092
2.5522 8.0 6.0 6.0 3.0 0.0 2.0 5.0 197.98 1.7280564021500236e-07 1296.141091029081
-0.7008000000000001 1.0 2.0 0.0 0.0 1.0 1.0 1.0 41.13 2.3673518510178746 63.19344939991072
-0.3614 0.0 0.0 0.0 0.0 0.0 0.0 0.0 85.5 -0.0 4.854752972273344
-4.103 6.0 4.0 0.0 0.0 0.0 0.0 0.0 176.0 -7.714285649961735e-08 94.22626787690945
-5.9945 0.0 0.0 0.0 0.0 0.0 0.0 0.0 0.0 -0.0 2.7548875021634682
-3.9246 1.0 3.0 0.0 0.0 0.0 0.0 0.0 77.75999999999999 0.0 53.68367439558379
-0.2089999999999968 4.0 2.0 17.0 0.0 0.0 0.0 0.0 106.53 0.0 390.12576954565
0.044299999999999784 6.0 0.0 5.0 0.0 0.0 0.0 0.0 78.9 3.9922055468289943 228.98712426015686
0.7952 1.0 0.0 0.0 0.0 1.0 1.0 1.0 12.53 2.3821985753493924 41.60964047443681
-0.6168000000000002 6.0 4.0 7.0 0.0 1.0 1.0 1.0 99.38000000000001 2.3456494022350434 222.61317499160342
-1.2485 4.0 4.0 5.0 0.0 0.0 0.0 0.0 132.13000000000002 4.619312134964085 227.36732222044088
-0.6131000000000004 3.0 2.0 0.0 1.0 0.0 0.0 1.0 67.59 3.049648321313926 109.10850553448522
-3.851399999999997 9.0 3.0 6.0 1.0 0.0 0.0 1.0 126.69000000000003 3.5911305736027184 457.8646125297857
-5.579199999999998 5.0 3.0 5.0 0.0 0.0 0.0 0.0 134.96 0.0 232.56457479341313
-3.5488999999999944 11.0 3.0 6.0 3.0 0.0 1.0 4.0 215.68999999999997 2.8016641783106337e-06 1829.1264459464426
-3.634199999999991 22.0 8.0 24.0 6.0 0.0 0.0 6.0 372.97999999999996 5.32898390099562e-06 2803.6392051616785
-2.5823000000000005 5.0 4.0 0.0 0.0 1.0 1.0 1.0 90.15 2.515835979311492 102.6059378176129
-1.1355999999999997 4.0 4.0 6.0 0.0 0.0 0.0 0.0 89.79 3.9888789246223633 181.65076769132014
-2.1226 4.0 4.0 3.0 0.0 0.0 0.0 0.0 115.06 4.069511908932011 133.82680599646994
0.6891999999999994 8.0 10.0 24.0 0.0 0.0 0.0 0.0 297.37 4.520195677576641 846.1073506269357
-6.453299999999998 5.0 3.0 3.0 0.0 0.0 0.0 0.0 117.89000000000001 0.0 138.66127285260657
-0.07230000000000025 5.0 0.0 4.0 0.0 0.0 0.0 0.0 69.67 4.351205679620966 220.5742758960129
-1.5791000000000004 8.0 6.0 0.0 0.0 0.0 0.0 0.0 260.71999999999997 -7.999999970370371e-09 80.63504134881501
0.5973999999999999 4.0 0.0 9.0 0.0 2.0 2.0 2.0 43.519999999999996 1.2537346469992094 136.20098801185608
-5.9945 0.0 0.0 0.0 0.0 0.0 0.0 0.0 0.0 -0.0 2.7548875021634682
-3.2661000000000002 1.0 0.0 0.0 0.0 0.0 0.0 0.0 0.0 0.0 2.0
-0.5802 2.0 2.0 2.0 0.0 0.0 0.0 0.0 63.32 2.831257109931365 52.75488750216347
-5.0528999999999975 4.0 2.0 2.0 1.0 0.0 0.0 1.0 60.17 -1.512499921338546e-07 265.9906550974382
0.36679999999999985 2.0 2.0 4.0 0.0 0.0 0.0 0.0 32.26 2.862065598305084 47.79319390447951
-2.0692999999999966 6.0 6.0 5.0 0.0 1.0 1.0 1.0 156.19000000000003 4.4307690311427614e-07 300.3300823478244
-7.4007999999999985 5.0 0.0 2.0 0.0 0.0 0.0 0.0 89.49000000000001 -1.7999999002500054e-07 89.13111721021241
-0.6203999999999994 4.0 2.0 3.0 0.0 1.0 1.0 1.0 88.78999999999999 2.2301377160238993 224.9747969868553
0.9761000000000001 3.0 0.0 5.0 0.0 0.0 0.0 0.0 35.53 3.0523751890457076 90.85200900961469
1.5385 1.0 1.0 1.0 0.0 1.0 1.0 1.0 12.03 2.1250162554146717 55.407165571558394
0.07307999999999992 3.0 0.0 1.0 0.0 0.0 0.0 0.0 50.09 3.2293841613651484 102.7476472676892
-4.472099999999998 4.0 1.0 2.0 0.0 0.0 0.0 0.0 77.43 0.0 126.97373660251156
6.381300000000005 3.0 0.0 11.0 0.0 0.0 0.0 0.0 57.199999999999996 0.0 877.8743252952659
-2.3710999999999913 7.0 0.0 20.0 0.0 0.0 0.0 0.0 123.63 -4.204994880418988e-06 595.0867506222501
0.46318 3.0 0.0 2.0 0.0 0.0 0.0 0.0 50.09 3.2256857258284852 114.08730238949181
-5.258599999999991 15.0 0.0 11.0 2.0 0.0 1.0 3.0 233.61999999999995 4.202495073343547e-06 1663.48748256056
-9.9099 6.0 2.0 5.0 0.0 0.0 0.0 0.0 137.79 -7.199998836750194e-07 235.86496481873445
1.44986 2.0 0.0 2.0 0.0 0.0 0.0 0.0 47.58 3.1795221167790872 126.44441158953074
1.1839 2.0 1.0 5.0 0.0 0.0 0.0 0.0 29.46 2.746690906857495 52.87784055857758
0.23279999999999998 3.0 0.0 0.0 1.0 0.0 0.0 1.0 43.35 3.4062460774815033 143.8011683847082
-0.9797999999999998 2.0 1.0 2.0 0.0 0.0 0.0 0.0 9.23 0.0 87.02718014856455
-0.4336999999999997 7.0 3.0 1.0 1.0 0.0 0.0 1.0 152.53 3.8454544117090967e-07 435.7419338957232
0.8547 3.0 0.0 0.0 1.0 0.0 0.0 1.0 49.82 3.154803644271227 220.5776960435723
-0.6979 4.0 2.0 0.0 0.0 0.0 0.0 0.0 126.74000000000001 -7.199999951999999e-08 69.05865002596163
-2.1412999999999993 3.0 0.0 1.0 0.0 0.0 0.0 0.0 9.23 0.0 56.89659695223976
-6.181200000000002 0.0 2.0 7.0 0.0 0.0 0.0 0.0 55.28 -4.0499993587501057e-07 55.01955000865387
1.0432000000000006 1.0 2.0 1.0 0.0 2.0 2.0 2.0 45.71 1.8863395038184612 282.4370221055215
0.5313999999999999 2.0 2.0 5.0 0.0 0.0 0.0 0.0 40.46 2.53006045688352 31.509775004326936
0.6672999999999998 3.0 0.0 4.0 0.0 0.0 0.0 0.0 29.54 3.3972180387789788 152.1710478569335
-10.783999999999999 6.0 2.0 3.0 0.0 0.0 0.0 0.0 120.72 -4.049999586000043e-07 141.6270750562502
2.2039999999999997 4.0 0.0 6.0 0.0 0.0 0.0 0.0 44.760000000000005 3.908471949775869 112.769535289866
-0.6504000000000001 2.0 2.0 1.0 0.0 1.0 1.0 1.0 66.39999999999999 2.4808965270174173 154.28209708830377
0.9854 1.0 0.0 2.0 0.0 0.0 0.0 0.0 17.07 2.4017152226171965 24.828921423310437
1.5133999999999999 1.0 0.0 0.0 0.0 1.0 1.0 1.0 0.0 2.083333333333333 15.219280948873621
1.6118999999999999 2.0 0.0 1.0 1.0 0.0 0.0 1.0 26.3 2.6742416022951265 215.9590174505521
1.2451 0.0 0.0 0.0 0.0 0.0 0.0 0.0 0.0 1.6329931618554523 2.7548875021634682
1.7833999999999997 2.0 0.0 0.0 1.0 0.0 0.0 1.0 25.78 3.077660437970554 171.89811391899892
-4.111899999999993 19.0 3.0 12.0 5.0 0.0 1.0 6.0 334.6899999999999 3.41332811498617e-06 3061.438267684391
1.88564 1.0 1.0 0.0 1.0 0.0 0.0 1.0 26.02 3.1716780304409156 215.80766205433727
1.9222 1.0 1.0 0.0 1.0 0.0 0.0 1.0 26.02 3.134861511345448 164.63833891467198
1.0909000000000002 2.0 2.0 2.0 1.0 0.0 0.0 1.0 78.34 2.736661467071344 269.17058906924865
2.2569999999999997 8.0 2.0 7.0 3.0 1.0 2.0 5.0 124.63 3.3619941024341892e-06 1499.1737656016358
0.32010000000000016 2.0 2.0 4.0 0.0 0.0 0.0 0.0 52.04 2.862065598305084 45.79319390447951
-1.3337999999999988 5.0 1.0 0.0 1.0 0.0 0.0 1.0 70.02 3.7357461747802896 387.7943610460352
2.4384000000000006 2.0 0.0 3.0 0.0 1.0 1.0 1.0 26.3 2.179877272903438 172.67739285527475
-1.6960000000000002 0.0 0.0 0.0 0.0 0.0 0.0 0.0 0.0 0.0 23.019550008653873
2.418 4.0 1.0 5.0 1.0 0.0 0.0 1.0 55.760000000000005 2.4762076204837555 356.54132668856164
-1.0657000000000003 4.0 3.0 0.0 1.0 0.0 0.0 1.0 97.78999999999999 3.332334626732985 242.2652997875347
1.93622 2.0 2.0 0.0 1.0 0.0 0.0 1.0 46.25 3.3421538077705124 233.02817392215357
-1.9768000000000003 3.0 2.0 0.0 0.0 1.0 1.0 1.0 111.66999999999999 3.0183232599750855 278.45903154683305
1.2384 5.0 0.0 8.0 0.0 0.0 0.0 0.0 61.830000000000005 3.6798382507018954 256.6205755355643
0.7797999999999999 2.0 1.0 1.0 1.0 0.0 0.0 1.0 50.19 2.981454614041131 207.5576620543373
0.10319999999999996 4.0 2.0 0.0 0.0 1.0 1.0 1.0 40.46 2.1923771580194713 60.438561897747256
1.9845000000000002 1.0 0.0 4.0 0.0 0.0 0.0 0.0 17.07 2.8223545542480317 70.92878689342031
1.0459 4.0 1.0 2.0 1.0 0.0 1.0 2.0 87.03999999999999 2.3388863280072325 589.2368422282899
0.6424200000000001 2.0 1.0 1.0 1.0 0.0 0.0 1.0 60.160000000000004 3.3721948109608206 356.4582525456591
-0.9277999999999988 2.0 4.0 1.0 0.0 1.0 1.0 1.0 96.25 2.4382761528053187 203.724766224368
0.5066200000000003 4.0 4.0 0.0 1.0 0.0 0.0 1.0 126.63999999999999 2.9177777140296316e-07 394.1508637469252
2.2876000000000003 1.0 1.0 0.0 1.0 0.0 0.0 1.0 26.02 3.0599016922179834 254.10775327612674
2.4115 2.0 2.0 2.0 0.0 2.0 2.0 2.0 52.04 1.6812348546385059 156.9749743550015
1.6622 3.0 1.0 3.0 1.0 0.0 0.0 1.0 47.56 3.013413545094133 336.13903760611623
-1.281899999999999 3.0 0.0 2.0 1.0 0.0 0.0 1.0 57.199999999999996 1.6899995216001402e-06 381.0230231883477
-2.1601000000000004 2.0 2.0 0.0 0.0 0.0 0.0 0.0 134.15 -4.4999999250000016e-08 31.774437510817343
-1.281899999999999 3.0 0.0 2.0 1.0 0.0 0.0 1.0 57.199999999999996 1.6899995216001402e-06 381.0230231883477
2.5987 5.0 1.0 14.0 0.0 0.0 0.0 0.0 95.53 0.0 458.69213607132355
-18.583000000000013 7.0 0.0 6.0 0.0 0.0 0.0 0.0 422.95000000000005 -7.575757387310611e-09 123.7617745563111
0.3694 3.0 2.0 0.0 1.0 0.0 0.0 1.0 59.14 3.134861511345448 166.5384734445621
1.5325 1.0 0.0 1.0 0.0 1.0 1.0 1.0 20.310000000000002 2.5093871295823527 142.1930175513852
0.6947000000000001 3.0 0.0 3.0 0.0 0.0 0.0 0.0 43.370000000000005 3.5235688343516944 158.23415450316315
-2.0518 3.0 3.0 0.0 0.0 0.0 0.0 0.0 60.69 2.3237900077244498 8.0
-9.038 6.0 0.0 0.0 0.0 0.0 0.0 0.0 138.35999999999999 -1.7142857044897958e-08 31.298860302846805
-2.4326 3.0 3.0 0.0 0.0 0.0 0.0 0.0 60.69 0.0 11.609640474436814
-0.5480000000000003 3.0 3.0 4.0 0.0 0.0 0.0 0.0 77.75999999999999 4.305619426082996 108.65156130631185
-0.8590000000000002 6.0 0.0 0.0 0.0 0.0 0.0 0.0 132.4 -7.199999951999999e-08 69.05865002596163
-15.155599999999998 9.0 1.0 11.0 0.0 0.0 0.0 0.0 147.1 -5.399998610750369e-07 317.6420139485665
-3.400399999999988 22.0 8.0 22.0 6.0 0.0 0.0 6.0 327.25999999999993 4.7609870979563814e-06 2588.119193684628
-3.7682999999999978 6.0 2.0 2.0 0.0 0.0 0.0 0.0 120.72 -1.4285714124489798e-07 137.2034663791036
1.1171 1.0 1.0 2.0 0.0 0.0 0.0 0.0 37.3 3.126006652390634 66.48040587771368
-17.539400000000008 7.0 1.0 5.0 0.0 0.0 0.0 0.0 266.62 -3.4285712703061296e-08 242.54301692958342
4.161700000000002 5.0 2.0 10.0 3.0 0.0 0.0 3.0 112.07000000000002 1.8705600872018624 1032.0529522380773
0.47759999999999986 3.0 2.0 5.0 1.0 0.0 0.0 1.0 43.7 2.6389166230335177 219.62617188863905
0.7893000000000001 3.0 0.0 1.0 0.0 0.0 0.0 0.0 35.53 3.002590528674132 59.955246978201394
-6.3728 0.0 0.0 0.0 0.0 0.0 0.0 0.0 0.0 -0.0 2.7548875021634682
1.1801999999999997 4.0 4.0 10.0 0.0 0.0 0.0 0.0 126.64000000000001 0.0 188.25409123734886
-1.4592999999999996 5.0 0.0 0.0 0.0 0.0 0.0 0.0 97.32999999999998 0.0 102.04184397996642
-10.226099999999997 4.0 0.0 0.0 0.0 0.0 0.0 0.0 186.74 -1.3333333150000002e-08 24.38761556290452
-1.0387 3.0 0.0 3.0 0.0 0.0 0.0 0.0 57.199999999999996 0.0 398.52603557774574
0.9724000000000008 6.0 1.0 7.0 3.0 0.0 0.0 3.0 61.300000000000004 2.6133303967589968e-06 911.9636919723346
3.0614000000000017 10.0 1.0 8.0 3.0 0.0 0.0 3.0 127.72999999999999 5.344870832939098e-07 1146.8564091678522
0.322 3.0 1.0 4.0 0.0 0.0 0.0 0.0 46.53 2.9730624080867365 80.37215811651096
0.3981999999999999 2.0 0.0 1.0 0.0 0.0 0.0 0.0 26.3 2.9881608821342693 46.75488750216347
-5.9945 0.0 0.0 0.0 0.0 0.0 0.0 0.0 0.0 -0.0 2.7548875021634682
-3.069499999999999 3.0 0.0 2.0 0.0 0.0 0.0 0.0 57.199999999999996 0.0 130.21884910034808
1.0977999999999999 2.0 2.0 0.0 1.0 0.0 0.0 1.0 40.46 3.134861511345448 162.63833891467198
0.7174 2.0 1.0 2.0 0.0 0.0 0.0 0.0 23.47 2.7541847860376616 26.72905595320056
-2.10046 3.0 8.0 0.0 0.0 0.0 0.0 0.0 209.30999999999997 -1.0124999957812501e-07 115.58797503894243
-4.2398 2.0 0.0 0.0 0.0 0.0 0.0 0.0 40.129999999999995 0.0 30.629190483090685
0.5136999999999998 5.0 1.0 7.0 0.0 0.0 0.0 0.0 89.9 3.5159059640770076 293.6843797833106
-2.7751999999999963 10.0 6.0 1.0 1.0 2.0 3.0 4.0 181.61999999999998 2.0416653908931783e-06 1163.6726536406475
1.1171 1.0 1.0 2.0 0.0 0.0 0.0 0.0 37.3 3.3434170589539596 68.48040587771366
-4.018999999999999 12.0 0.0 0.0 0.0 0.0 0.0 0.0 240.77999999999997 -3.99999998625e-08 340.6558969276571
-5.9945 0.0 0.0 0.0 0.0 0.0 0.0 0.0 0.0 -0.0 2.7548875021634682
-12.41650000000002 34.0 4.0 14.0 8.0 0.0 0.0 8.0 610.2 8.039130104072795e-07 4219.212870027797
-1.7786799999999974 6.0 0.0 6.0 1.0 0.0 0.0 1.0 109.57000000000002 3.23999795160134e-06 544.9509008937364
4.879000000000002 4.0 2.0 6.0 0.0 2.0 4.0 4.0 82.92 2.812499931708986e-07 651.5229735286867
-6.2027 17.0 2.0 10.0 4.0 0.0 1.0 5.0 266.99999999999994 3.0044416396088997e-06 2370.8047930756975
-5.9945 0.0 0.0 0.0 0.0 0.0 0.0 0.0 0.0 -0.0 2.7548875021634682
-1.5142799999999992 6.0 3.0 2.0 1.0 1.0 1.0 2.0 104.54999999999998 2.335396041923274 520.1629217962848
4.008400000000003 3.0 0.0 5.0 2.0 0.0 1.0 3.0 46.379999999999995 6.86999829551753e-07 900.6755277454658
3.691600000000003 3.0 2.0 5.0 2.0 0.0 1.0 3.0 86.84 5.745332205889748e-07 962.6878914480658
4.010600000000002 4.0 4.0 4.0 4.0 0.0 0.0 4.0 115.06000000000002 2.5599973700027724e-06 1211.077690376409
-1.7986 6.0 6.0 3.0 0.0 0.0 0.0 0.0 185.05999999999997 -4.049999586000043e-07 141.6270750562502
-0.17408000000000012 4.0 2.0 1.0 1.0 0.0 0.0 1.0 77.82 3.0699827149988397 233.18946744189822
-0.4807000000000001 6.0 0.0 0.0 0.0 0.0 0.0 0.0 132.4 -7.199999951999999e-08 69.05865002596163
0.47940000000000116 3.0 1.0 8.0 0.0 0.0 0.0 0.0 18.509999999999998 2.9163621870428393 90.34298055646549
-5.5448999999999975 4.0 3.0 3.0 1.0 0.0 0.0 1.0 81.5 -1.7999998755000092e-07 280.2152649298467
-14.240600000000002 7.0 1.0 5.0 0.0 0.0 0.0 0.0 140.62 -2.399999741500029e-07 238.5067183824432
-8.520399999999993 9.0 0.0 0.0 0.0 0.0 0.0 0.0 482.09999999999997 -4.090909083333333e-09 115.88193312083789
-5.992 0.0 0.0 0.0 0.0 0.0 0.0 0.0 0.0 0.0 2.0
1.7063000000000001 1.0 1.0 1.0 1.0 0.0 0.0 1.0 26.02 2.848234050597751 167.1823264341432
-2.4491999999999985 3.0 0.0 1.0 1.0 0.0 0.0 1.0 49.36 1.2099997384750588e-06 255.5104122853712
-5.067599999999998 4.0 2.0 4.0 0.0 0.0 0.0 0.0 103.44999999999999 0.0 149.417843933085
-2.1299 0.0 0.0 0.0 0.0 0.0 0.0 0.0 58.7 0.0 24.264662506490403
-13.404500000000008 10.0 0.0 11.0 0.0 0.0 0.0 0.0 167.0 -6.016665005222694e-07 331.05724414428414
-2.7614 4.0 2.0 0.0 0.0 0.0 0.0 0.0 153.26 -1.249999955000002e-07 78.03910001730776
-1.3361999999999998 3.0 3.0 4.0 0.0 0.0 0.0 0.0 106.41 3.4907296603908136 145.8284895747849
0.44439999999999996 2.0 2.0 3.0 0.0 0.0 0.0 0.0 63.32 3.7161367711827205 103.23098268032228
-2.0639999999999983 4.0 2.0 3.0 1.0 0.0 1.0 2.0 50.72 9.799998415666933e-07 311.40897284476256
-0.3740000000000001 3.0 0.0 0.0 0.0 0.0 1.0 1.0 43.370000000000005 2.759543614305127 129.013897004163
-8.439 3.0 0.0 0.0 0.0 0.0 0.0 0.0 63.19 -4.4999999250000016e-08 31.77443751081734
-3.6983999999999897 19.0 6.0 14.0 4.0 0.0 1.0 5.0 295.79999999999995 3.6449930791544406e-06 2197.0480393407374
0.4051 1.0 0.0 0.0 0.0 1.0 1.0 1.0 12.53 2.171098317873574 22.464393446710154
1.088440000000003 12.0 0.0 6.0 6.0 0.0 0.0 6.0 164.89999999999998 2.2089970685748265e-06 2106.398435817136
1.8531999999999997 4.0 1.0 12.0 0.0 0.0 0.0 0.0 47.92 3.18373698989551 152.35488856793313
1.7063000000000001 1.0 1.0 1.0 1.0 0.0 0.0 1.0 26.02 2.848234050597751 167.1823264341432
-13.404500000000008 10.0 0.0 11.0 0.0 0.0 0.0 0.0 167.0 -6.016665005222694e-07 331.05724414428414
1.2418999999999998 4.0 1.0 7.0 0.0 0.0 0.0 0.0 64.63 3.3069437701948834 215.46792796387675
-1.2578999999999994 2.0 2.0 1.0 1.0 0.0 0.0 1.0 38.05 0.0 190.27870077930328
1.8856399999999998 1.0 1.0 0.0 1.0 0.0 0.0 1.0 26.02 3.165670309917317 165.32984016148868
1.1011000000000033 12.0 2.0 6.0 6.0 0.0 0.0 6.0 262.0 2.5999999179743617e-07 2311.0758640329145
2.2954800000000004 2.0 0.0 0.0 0.0 1.0 1.0 1.0 40.86 2.8553613866654706 249.05441917228063
-0.9724999999999993 2.0 2.0 1.0 1.0 1.0 1.0 2.0 32.26 1.1249998042500352e-06 312.2655306452719
-1.2804999999999995 2.0 1.0 2.0 1.0 0.0 0.0 1.0 67.77000000000001 2.851177890164404 245.52878773918388
5.9633000000000065 4.0 2.0 14.0 0.0 0.0 0.0 0.0 61.55 0.0 235.5454175965933
0.23820000000000074 6.0 2.0 1.0 1.0 0.0 0.0 1.0 94.94 3.1237094952308486 477.86618958429005
1.9138 2.0 1.0 3.0 1.0 0.0 0.0 1.0 37.3 2.5298890742894535 261.6719978261822
1.9864 0.0 0.0 0.0 0.0 0.0 0.0 0.0 0.0 3.0237157840738176 22.364527976600282
1.6688 3.0 2.0 1.0 1.0 0.0 0.0 1.0 76.21000000000001 3.3738590108748694 340.5651246505103
-0.21000000000000008 7.0 4.0 9.0 1.0 0.0 0.0 1.0 119.10000000000001 3.0346742293695277 435.10101282974176
-6.3728 0.0 0.0 0.0 0.0 0.0 0.0 0.0 0.0 -0.0 4.754887502163468
0.059600000000002096 3.0 0.0 6.0 0.0 0.0 0.0 0.0 69.17999999999999 -6.545454500826446e-08 53.01955000865387
2.699 1.0 1.0 0.0 1.0 0.0 0.0 1.0 20.23 3.171678030440915 222.29788705001033
-5.062900000000014 21.0 3.0 12.0 7.0 0.0 1.0 8.0 374.82 2.8879958362592042e-06 3980.6403671153726
1.1256 2.0 0.0 1.0 0.0 0.0 0.0 0.0 26.3 3.7016454312283997 109.69694286392861
-6.9112800000000245 30.0 6.0 18.0 9.0 0.0 0.0 9.0 487.77 3.3855945265858e-06 4792.659164267684
1.0459 4.0 1.0 2.0 1.0 0.0 1.0 2.0 87.03999999999999 2.446226843006028 606.48684222829
1.5157 2.0 0.0 2.0 0.0 0.0 0.0 0.0 26.3 3.3050429936972368 120.87784055857759
2.4351000000000003 1.0 0.0 6.0 0.0 0.0 0.0 0.0 20.310000000000002 3.143237500372718 121.00698692803581
2.1557000000000004 1.0 0.0 4.0 0.0 0.0 0.0 0.0 17.07 2.822354554248032 66.78707744334402
1.6215 1.0 0.0 3.0 0.0 0.0 0.0 0.0 17.07 2.9843602328703267 50.14170945007629
0.8761999999999999 3.0 0.0 0.0 0.0 2.0 2.0 2.0 43.370000000000005 2.194698933936096 187.3827102814694
1.7803 3.0 1.0 10.0 0.0 0.0 0.0 0.0 38.69 4.031291400763908 157.70604521880495
2.1761999999999997 1.0 1.0 6.0 0.0 0.0 0.0 0.0 12.03 2.595082706793886 37.832293921787276
1.6434999999999997 6.0 0.0 11.0 0.0 0.0 0.0 0.0 71.06 3.7259883096187965 352.0730051449225
0.4051 1.0 0.0 0.0 0.0 1.0 1.0 1.0 12.53 2.171098317873574 22.464393446710154
1.8809 2.0 1.0 8.0 0.0 0.0 0.0 0.0 23.47 3.396054517491409 77.9077646698008
-2.4945999999999975 5.0 0.0 4.0 0.0 0.0 0.0 0.0 60.44 0.0 265.49529453537843
-12.33560000000002 25.0 2.0 17.0 3.0 0.0 1.0 4.0 416.96999999999997 9.302489688819953e-06 2969.059235337072
0.6761200000000003 2.0 2.0 1.0 1.0 0.0 0.0 1.0 69.11 3.1515496683060507 294.1435742307893
0.6354 3.0 1.0 1.0 1.0 0.0 0.0 1.0 33.120000000000005 2.762608341443769 126.24573483855963
-2.281999999999999 4.0 1.0 1.0 0.0 1.0 1.0 1.0 80.67000000000002 2.7198223880133643 193.45191553287324
-11.282700000000023 19.0 2.0 12.0 4.0 0.0 1.0 5.0 342.72999999999996 4.204996193406231e-06 2912.1515805553954
1.260920000000003 26.0 4.0 15.0 6.0 2.0 2.0 8.0 379.19999999999993 4.5964281444826577e-07 3440.3273659005235
-2.6206999999999985 1.0 0.0 0.0 0.0 0.0 0.0 0.0 17.07 0.0 56.92878689342032
1.1594200000000001 2.0 2.0 0.0 1.0 0.0 0.0 1.0 52.04 3.171678030440915 218.15617759993404
1.1594200000000001 2.0 2.0 0.0 1.0 0.0 0.0 1.0 52.04 3.1716780304409156 218.15617759993404
-7.113399999999995 4.0 0.0 0.0 0.0 0.0 0.0 0.0 300.76 -2.8571428424107142e-09 93.2586863990795
-2.6161999999999983 2.0 0.0 0.0 0.0 0.0 0.0 0.0 3.24 0.0 63.95524697820139
6.000590000000006 5.0 0.0 12.0 3.0 0.0 0.0 3.0 49.85 1.1814700948742671e-06 930.7842165627596
-2.6198 0.0 1.0 0.0 0.0 0.0 0.0 0.0 36.5 0.0 2.0
-3.688399999999998 5.0 1.0 1.0 1.0 1.0 1.0 2.0 67.61 8.449997631834017e-07 260.89185973221515
0.9704999999999999 3.0 1.0 5.0 0.0 0.0 0.0 0.0 63.6 3.5265840834033573 183.4968817653618
1.1048199999999997 3.0 3.0 3.0 1.0 0.0 0.0 1.0 52.489999999999995 2.686708199076686 260.70548992551977
-4.95877999999999 14.0 0.0 10.0 2.0 0.0 1.0 3.0 224.38999999999996 3.999995446338762e-06 1644.8770014868203
-1.2061999999999997 3.0 3.0 1.0 0.0 1.0 1.0 1.0 69.56 2.3885666997264847 125.3715149046361
-1.2623799999999985 5.0 2.0 3.0 2.0 0.0 0.0 2.0 112.32 2.4199981585097732e-06 788.9901782638012
1.3716000000000002 2.0 0.0 3.0 0.0 0.0 0.0 0.0 26.3 3.583388067911339 107.48377837619049
-1.0459999999999996 2.0 3.0 0.0 0.0 0.0 0.0 0.0 50.08 2.9881608821342693 46.75488750216347
-5.992 0.0 0.0 0.0 0.0 0.0 0.0 0.0 0.0 0.0 2.0
2.0865 2.0 1.0 1.0 2.0 0.0 0.0 2.0 54.37 2.749372328291261 572.6917341665245
0.27869999999999995 4.0 0.0 3.0 0.0 0.0 0.0 0.0 52.60000000000001 3.8759366325229765 182.87959510731494
1.0743000000000003 3.0 1.0 6.0 1.0 0.0 0.0 1.0 38.69 2.0653801840299586 210.66965993048052
2.1527000000000003 2.0 1.0 6.0 0.0 0.0 0.0 0.0 37.3 3.3646911205899195 124.29049405545331
1.396 1.0 1.0 4.0 0.0 0.0 0.0 0.0 12.03 2.447472887876344 23.360990398949916
1.2688000000000001 1.0 1.0 0.0 1.0 0.0 0.0 1.0 26.02 3.0214653097240864 134.10736969541455
-3.008899999999999 5.0 2.0 3.0 1.0 0.0 0.0 1.0 131.8 2.559999044800369e-06 530.9864682954485
-14.92079999999998 34.0 6.0 18.0 7.0 0.0 2.0 9.0 551.5799999999999 3.6816609778588267e-06 4685.129637636957
0.6143000000000012 0.0 0.0 3.0 3.0 0.0 0.0 3.0 0.0 1.6133324306005218e-06 569.0392460507381
-2.484899999999998 0.0 0.0 0.0 1.0 0.0 0.0 1.0 3.88 4.899999597500033e-07 138.45588524101132
-7.475400000000016 20.0 4.0 16.0 4.0 0.0 0.0 4.0 357.54 5.226659728509766e-06 2607.2635268072636
1.34742 2.0 0.0 1.0 1.0 0.0 0.0 1.0 25.78 3.0065240073265844 195.86256853719752
-3.5492 2.0 2.0 0.0 0.0 0.0 0.0 0.0 46.25 -4.9999999750000005e-09 8.0
-0.4517000000000002 2.0 2.0 4.0 0.0 0.0 0.0 0.0 58.2 3.4121905349590214 166.87959510731497
-3.2849 6.0 5.0 5.0 0.0 0.0 0.0 0.0 135.29000000000002 4.327344284336427 201.1594480971451
-0.039000000000000146 2.0 0.0 0.0 0.0 1.0 1.0 1.0 32.29 2.327882879407043 74.49785513558373
-10.590800000000009 10.0 7.0 8.0 0.0 0.0 0.0 0.0 284.22999999999996 -1.4999999707265635e-07 309.5929112803502
-4.9160999999999975 5.0 2.0 5.0 0.0 0.0 0.0 0.0 95.25 0.0 170.1759840983413
-3.8240599999999976 18.0 2.0 9.0 5.0 0.0 0.0 5.0 297.76 3.1211078340461535e-06 2562.6944939041164
-3.345099999999997 5.0 0.0 5.0 0.0 0.0 0.0 0.0 83.5 0.0 258.1981764922963
-5.237039999999996 18.0 4.0 9.0 5.0 0.0 1.0 6.0 306.5199999999999 2.900830050697381e-06 2850.792290516484
-5.237039999999996 18.0 4.0 9.0 5.0 0.0 1.0 6.0 306.5199999999999 2.90083009134172e-06 2850.792290516484
1.4079 1.0 1.0 0.0 1.0 0.0 0.0 1.0 26.02 3.0324555320336755 147.38833891467198
-14.383999999999965 38.0 6.0 22.0 8.0 2.0 4.0 12.0 576.52 3.148803105431178e-06 5449.668544445633
0.13850000000000007 3.0 0.0 1.0 0.0 1.0 1.0 1.0 43.370000000000005 2.597596850254139 150.38196255841365
-2.832099999999998 7.0 0.0 3.0 1.0 0.0 0.0 1.0 109.8 3.239998428600798e-06 559.645773030434
-5.992 0.0 0.0 0.0 0.0 0.0 0.0 0.0 0.0 0.0 2.0
-8.335500000000003 4.0 0.0 4.0 0.0 0.0 0.0 0.0 80.25999999999999 -3.199999663000036e-07 111.65082519882903
0.7636999999999998 3.0 1.0 0.0 0.0 0.0 1.0 1.0 46.53 2.8730079388861545 180.74199426319834
-1.4600999999999982 6.0 1.0 4.0 2.0 0.0 0.0 2.0 103.72999999999999 2.4199984602760167e-06 786.4804032594743
1.0218 2.0 2.0 3.0 0.0 0.0 0.0 0.0 40.46 4.0341182411814644 97.43071362054202
2.1268000000000007 3.0 1.0 7.0 0.0 0.0 0.0 0.0 46.53 3.661036491276099 154.61163365355597
1.1295 1.0 0.0 0.0 0.0 1.0 1.0 1.0 17.07 2.3673518510178746 58.33869642763737
-3.0478999999999985 1.0 1.0 0.0 0.0 0.0 0.0 0.0 12.03 -1.9999999750000003e-08 9.609640474436812
0.11030000000000006 0.0 0.0 0.0 0.0 0.0 0.0 0.0 0.0 0.0 2.0
-0.2108000000000001 2.0 0.0 1.0 0.0 0.0 0.0 0.0 26.3 2.2968352619191386 18.0
-7.986100000000003 10.0 1.0 3.0 4.0 0.0 0.0 4.0 191.82999999999998 1.7066661792001451e-06 1630.1121939404113
0.8982 3.0 0.0 0.0 0.0 1.0 2.0 2.0 43.370000000000005 2.323734961760993 266.94721312873537
1.0871 1.0 1.0 2.0 0.0 0.0 0.0 0.0 29.1 3.6474246915364996 126.87784055857759
-2.173999999999989 20.0 8.0 18.0 6.0 0.0 0.0 6.0 304.38 3.9689907482100366e-06 2455.93598466154
1.838 2.0 0.0 4.0 0.0 0.0 0.0 0.0 18.46 3.0437584089734577 73.81700155456723
0.9744999999999999 3.0 0.0 4.0 0.0 0.0 0.0 0.0 35.53 3.110465475982731 101.02434166397533
1.5583999999999996 4.0 0.0 15.0 0.0 0.0 0.0 0.0 66.43 0.0 294.0487426807373
-0.8984299999999998 2.0 3.0 0.0 0.0 0.0 0.0 0.0 87.17000000000002 3.5677034550432034 77.5488750216347
1.9157 3.0 0.0 2.0 0.0 0.0 0.0 0.0 35.53 3.636616381160675 132.7628219010314
1.8479999999999999 2.0 0.0 4.0 1.0 0.0 0.0 1.0 18.46 2.508062494967292 204.33838110546364
-2.3103999999999996 7.0 6.0 0.0 1.0 0.0 0.0 1.0 194.48999999999995 2.917777713588273e-07 292.1874109046766
1.9043 2.0 0.0 0.0 1.0 1.0 2.0 3.0 18.46 2.0078005608417393 321.6212469811061
1.7374999999999998 4.0 1.0 5.0 1.0 0.0 0.0 1.0 63.60000000000001 2.9378566391048997 423.0456447344207
-2.9667999999999988 5.0 5.0 1.0 0.0 1.0 1.0 1.0 92.95 2.516424270605089 129.7506906689389
0.7199999999999999 4.0 0.0 4.0 0.0 0.0 0.0 0.0 52.60000000000001 3.91026523675175 150.7893110651069
-0.5922299999999978 7.0 3.0 4.0 1.0 0.0 2.0 3.0 122.18 2.9999964851709015e-06 1118.9774529529568
1.2582 6.0 0.0 11.0 0.0 0.0 0.0 0.0 71.06 3.2524378581178746 313.57329118963696
2.903500000000001 2.0 2.0 2.0 0.0 2.0 2.0 2.0 52.04 1.7754724185565798 217.07631885586423
2.0090399999999997 1.0 1.0 0.0 1.0 0.0 0.0 1.0 20.23 3.1716780304409156 215.80766205433727
-1.8630000000000004 10.0 5.0 4.0 2.0 1.0 1.0 3.0 186.07 1.8511475274909786 763.1378284373786
2.0289 0.0 0.0 1.0 0.0 0.0 0.0 0.0 0.0 2.5395388613593908 18.854752972273346
2.0230600000000005 2.0 2.0 0.0 1.0 0.0 0.0 1.0 40.46 3.4555464838177836 263.8544742134815
-0.13809999999999972 6.0 2.0 5.0 1.0 0.0 0.0 1.0 123.75999999999999 2.728446449304219 574.9463481728366
-0.27030000000000043 6.0 0.0 6.0 1.0 0.0 0.0 1.0 66.0 3.7427964834165097 525.2206142143236
-0.15459999999999996 5.0 1.0 1.0 1.0 0.0 0.0 1.0 78.1 3.0326621558006566 274.2848350774007
-1.3818000000000001 6.0 3.0 0.0 1.0 0.0 0.0 1.0 116.72999999999999 3.165670309917317 169.06517765499825
-1.5484999999999998 2.0 2.0 1.0 0.0 0.0 0.0 0.0 107.54000000000002 3.679228031962392 102.25742227201613
2.2876000000000003 1.0 1.0 0.0 1.0 0.0 0.0 1.0 26.02 3.1411091905317954 254.1077532761268
1.0606999999999998 3.0 1.0 1.0 1.0 1.0 1.0 2.0 43.78 1.9857501866524585 367.1100796599688
1.0681999999999998 5.0 0.0 8.0 1.0 3.0 3.0 4.0 50.06 1.3760025438943337 437.44624709852746
-1.6441 3.0 5.0 0.0 0.0 0.0 0.0 0.0 147.95 0.0 102.38037532843026
2.5592000000000006 1.0 1.0 2.0 2.0 0.0 0.0 2.0 12.03 2.6138711904545664 401.28971348226935
1.6127999999999998 3.0 1.0 4.0 1.0 0.0 0.0 1.0 55.4 2.711793612142758 373.8507128220061
1.8197999999999999 1.0 0.0 2.0 0.0 0.0 0.0 0.0 9.23 2.9532231745612925 33.44467835888275
1.7897 0.0 0.0 0.0 0.0 0.0 0.0 0.0 0.0 2.3237900077244498 8.0
0.6424200000000001 2.0 1.0 1.0 1.0 0.0 0.0 1.0 60.160000000000004 3.2015159310664942 339.20825254565904
1.7593999999999999 1.0 0.0 2.0 0.0 0.0 0.0 0.0 0.0 2.19060968716425 11.119415478763749
2.3218000000000005 1.0 0.0 3.0 0.0 0.0 0.0 0.0 17.07 3.3050429936972363 118.5293250129808
2.636400000000001 3.0 0.0 12.0 0.0 0.0 0.0 0.0 27.69 2.8079257388805243 95.04035409497882
2.3596000000000004 1.0 1.0 1.0 0.0 1.0 1.0 1.0 20.23 2.5027556956841788 150.9517669080599
1.58582 2.0 1.0 1.0 1.0 0.0 0.0 1.0 35.25 3.0699827149988397 232.69924244622516
1.5157999999999996 6.0 5.0 5.0 2.0 0.0 1.0 3.0 173.59 2.30303022758303e-07 900.5187714399323
1.9222 1.0 1.0 0.0 1.0 0.0 0.0 1.0 26.02 3.0324555320336755 147.38833891467198
2.401700000000001 1.0 0.0 4.0 0.0 0.0 0.0 0.0 17.07 3.3430002458353805 86.56842503028857
-0.862299999999999 6.0 0.0 3.0 0.0 0.0 0.0 0.0 120.38999999999999 -1.07999999274e-07 368.3806001546932
1.4478 0.0 0.0 0.0 0.0 0.0 0.0 0.0 0.0 2.3237900077244498 10.75488750216347
-5.0840999999999905 16.0 2.0 10.0 3.0 0.0 1.0 4.0 272.68999999999994 3.5266618385583013e-06 2093.7803774411204
-1.0256 2.0 2.0 0.0 0.0 0.0 0.0 0.0 40.46 2.8986676180251862 59.35260810785708
-5.049499999999996 17.0 2.0 10.0 5.0 0.0 1.0 6.0 266.99999999999994 2.7074971167399943e-06 2709.690951383922
-2.3248999999999986 8.0 3.0 4.0 1.0 0.0 2.0 3.0 135.63 2.4299975304025683e-06 1021.175607841352
-1.2243999999999988 5.0 4.0 9.0 0.0 0.0 0.0 0.0 152.44 4.828573742534609 336.476798218004
1.0831 2.0 0.0 1.0 0.0 0.0 0.0 0.0 26.3 3.318019590380522 82.25327665163482
0.6521999999999999 3.0 0.0 0.0 0.0 1.0 2.0 2.0 43.370000000000005 2.275089056121243 217.72172564618361
1.02654 1.0 1.0 0.0 1.0 0.0 0.0 1.0 28.68 3.0420027674072885 138.36869300355525
-1.6649999999999934 6.0 2.0 26.0 0.0 0.0 0.0 0.0 138.45999999999998 -3.1009089281511674e-07 594.5462499003843
4.087400000000003 2.0 0.0 1.0 0.0 3.0 4.0 4.0 34.14 1.6501278527098846 517.6593951806237
-1.4924000000000002 4.0 4.0 4.0 0.0 0.0 0.0 0.0 130.08 3.720984563822843 186.2664170552278
1.913999999999999 3.0 0.0 11.0 1.0 0.0 0.0 1.0 57.199999999999996 4.839994607806221e-06 511.5731649013525
-19.767999999999937 34.0 8.0 26.0 6.0 0.0 0.0 6.0 556.06 1.2041651132779951e-05 3827.925067823204
-8.439 3.0 0.0 0.0 0.0 0.0 0.0 0.0 63.19 -4.4999999250000016e-08 31.774437510817343
1.1171 1.0 1.0 0.0 0.0 0.0 0.0 0.0 37.3 3.7911184170869663 78.57116899294724
0.9925999999999999 3.0 2.0 2.0 0.0 1.0 1.0 1.0 43.7 2.8475214373902036 183.46421232383727
0.9614 1.0 0.0 3.0 0.0 0.0 0.0 0.0 3.24 3.248371276696983 76.87784055857759
-3.920399999999999 6.0 2.0 5.0 0.0 0.0 0.0 0.0 137.79 0.0 232.56457479341313
-10.512700000000002 14.0 2.0 10.0 0.0 0.0 0.0 0.0 281.23999999999995 -1.1999999757656255e-07 520.6497731257494
-8.0222 0.0 0.0 0.0 0.0 0.0 0.0 0.0 63.0 -0.0 7.609640474436813
-0.6611 4.0 2.0 3.0 0.0 0.0 0.0 0.0 83.6 4.090340515801205 112.38037532843026
-0.2751 0.0 0.0 0.0 0.0 0.0 0.0 0.0 0.0 -0.0 2.7548875021634682
0.7181199999999999 1.0 1.0 0.0 1.0 0.0 0.0 1.0 28.68 3.049648321313926 109.10850553448522
-10.533000000000001 9.0 0.0 0.0 0.0 1.0 1.0 1.0 148.08 -4.79999961800003e-07 265.1905082706798
-0.6184000000000001 2.0 0.0 0.0 0.0 0.0 0.0 0.0 34.14 3.2659863237109046 23.774437510817343
0.7709 2.0 0.0 0.0 0.0 1.0 1.0 1.0 18.46 2.0416666666666665 25.693328434369647
-14.964700000000004 26.0 4.0 11.0 4.0 0.0 1.0 5.0 454.91999999999996 7.441994355613457e-06 3109.0422841970167
1.5416 1.0 0.0 1.0 0.0 0.0 0.0 0.0 17.07 3.679228031962392 96.74764726768919
-4.7861999999999965 11.0 3.0 4.0 2.0 0.0 1.0 3.0 196.32 2.55999846263429e-06 1374.1180849969032
4.407200000000005 4.0 0.0 9.0 4.0 0.0 0.0 4.0 44.080000000000005 3.6099946770791284e-06 1277.113936512084
2.0456 1.0 1.0 0.0 1.0 0.0 0.0 1.0 20.23 3.0324555320336755 147.38833891467198
1.08608 1.0 0.0 0.0 0.0 0.0 0.0 0.0 23.79 3.348800763644439 76.13896548741764
1.70062 1.0 1.0 0.0 1.0 0.0 0.0 1.0 20.23 3.134861511345448 160.49662946459569
-7.329999999999999 4.0 0.0 0.0 0.0 0.0 0.0 0.0 80.25999999999999 -7.999999835000003e-08 92.8582023226588
0.11740000000000039 5.0 0.0 8.0 0.0 0.0 0.0 0.0 83.5 3.9372874598037435 399.6566348177699
-2.289099999999994 11.0 1.0 9.0 4.0 0.0 0.0 4.0 183.41999999999996 3.2266622744951074e-06 1920.0511231770815
1.0576999999999999 2.0 1.0 3.0 1.0 0.0 0.0 1.0 29.46 2.4265223465879537 171.872282370036
-5.1751000000000005 3.0 1.0 0.0 0.0 0.0 0.0 0.0 77.43 0.0 75.69058447171099
-5.545999999999991 13.0 2.0 9.0 2.0 0.0 1.0 3.0 228.32999999999996 3.8024959399420567e-06 1653.92433911049
-0.8264 2.0 2.0 0.0 0.0 0.0 0.0 0.0 58.2 3.1818458670936187 96.60593781761291
2.765900000000001 2.0 0.0 3.0 0.0 1.0 1.0 1.0 26.3 2.352919438832615 159.4732140416802
-2.3659 3.0 1.0 1.0 0.0 1.0 1.0 1.0 69.22999999999999 8.099998654500228e-07 158.97205302419658
-4.088059999999993 7.0 0.0 4.0 2.0 0.0 0.0 2.0 123.63 2.8799988590004626e-06 891.1699374524435
0.2771999999999999 3.0 0.0 4.0 0.0 0.0 0.0 0.0 29.54 3.1948650246270067 120.77451436272597
0.5417000000000001 3.0 0.0 0.0 0.0 1.0 1.0 1.0 35.53 2.39706714269016 88.93569696954752
1.1874999999999998 2.0 1.0 2.0 1.0 0.0 0.0 1.0 29.46 2.7972512629697874 167.91749419417292
1.0839 2.0 1.0 0.0 1.0 0.0 0.0 1.0 43.09 2.914285599204087e-07 150.26213946331586
1.3148 1.0 1.0 0.0 0.0 1.0 1.0 1.0 20.23 2.489256685875949 125.99328661116542
0.6954 4.0 1.0 1.0 1.0 0.0 1.0 2.0 80.66999999999999 2.6076190147194995 460.2701600541334
-0.3808 0.0 0.0 0.0 0.0 0.0 0.0 0.0 0.0 0.0 0.0
0.5665999999999998 4.0 2.0 5.0 0.0 0.0 0.0 0.0 66.76 4.098442002267489 196.29867917997393
-11.650300000000009 21.0 2.0 8.0 5.0 0.0 0.0 5.0 376.3599999999999 5.6179970813798995e-06 2752.3451642260006
-1.9670000000000005 3.0 4.0 0.0 0.0 0.0 0.0 0.0 93.16999999999999 2.9881608821342693 45.50977500432694
1.1673 1.0 1.0 2.0 0.0 0.0 0.0 0.0 20.23 2.6272148478988635 25.11941547876375
-2.7660799999999997 4.0 0.0 1.0 1.0 0.0 0.0 1.0 64.35 1.4399997042000626e-06 395.25554659834296
1.7006199999999998 1.0 1.0 0.0 1.0 0.0 0.0 1.0 20.23 3.077660437970554 164.24662946459569
0.546 1.0 1.0 0.0 0.0 0.0 0.0 0.0 0.0 1.0 2.0
1.1853 1.0 0.0 2.0 0.0 1.0 1.0 1.0 12.53 1.8762858948376273 39.20310343869658
-3.6504000000000003 2.0 2.0 0.0 0.0 0.0 0.0 0.0 40.46 0.0 27.019550008653873
-0.6338300000000001 8.0 4.0 5.0 1.0 0.0 2.0 3.0 151.28 3.8533275034757745e-06 1280.5827610551214
-1.640409999999999 5.0 3.0 1.0 1.0 0.0 0.0 1.0 118.19 3.0999999042847253e-07 246.07098126568084
-40.87319999999999 24.0 0.0 0.0 0.0 0.0 0.0 0.0 679.4399999999996 -1.4117647042214532e-08 148.8544077105511
-3.180699999999997 3.0 0.0 3.0 1.0 0.0 0.0 1.0 49.36 1.20999969337508e-06 235.31810563069448
1.2103900000000014 8.0 0.0 11.0 3.0 0.0 0.0 3.0 120.88 5.0699910505998875e-06 1363.8945254971516
2.0456000000000003 1.0 1.0 0.0 1.0 0.0 0.0 1.0 20.23 3.134861511345448 164.63833891467198
3.7559000000000005 0.0 0.0 0.0 1.0 0.0 0.0 1.0 0.0 3.171678030440915 222.29788705001033
-0.0689999999999995 0.0 1.0 3.0 0.0 0.0 0.0 0.0 4.44 2.678257743164726 33.16125945873016
-8.280600000000032 19.0 4.0 10.0 5.0 0.0 3.0 8.0 352.8499999999999 2.6644959326213454e-06 3782.0686003022047
-1.513199999999998 2.0 2.0 3.0 0.0 1.0 1.0 1.0 63.32 0.0 172.19488940668188
-4.04493 1.0 3.0 0.0 0.0 0.0 0.0 0.0 75.89 -4.4999999250000016e-08 33.774437510817336
0.03100000000000014 6.0 0.0 7.0 0.0 0.0 0.0 0.0 86.74000000000001 3.5281839372905974 263.6843797833106
-2.8230999999999984 4.0 1.0 1.0 1.0 0.0 0.0 1.0 83.22 1.2099997657000466e-06 345.56087669721546
-0.07769999999999999 3.0 0.0 0.0 0.0 1.0 1.0 1.0 27.69 2.0 21.509775004326936
-2.1951 3.0 1.0 0.0 0.0 0.0 0.0 0.0 83.41999999999999 0.0 53.68367439558379
-2.1652 4.0 0.0 0.0 0.0 0.0 0.0 0.0 111.75999999999999 -7.999999835000003e-08 91.24856184822198
-8.8696 3.0 0.0 0.0 0.0 0.0 0.0 0.0 63.19 -4.4999999250000016e-08 31.77443751081734
0.03340000000000215 3.0 1.0 4.0 2.0 0.0 0.0 2.0 52.16 1.9999988342506994e-06 599.6229405866209
-1.1859999999999935 20.0 4.0 17.0 5.0 0.0 0.0 5.0 288.72999999999996 4.351240756195504e-06 2283.5328557413595
-0.2350000000000002 5.0 4.0 10.0 0.0 0.0 0.0 0.0 90.15 4.276302630183746 150.80568456189224
0.4792999999999999 3.0 1.0 2.0 0.0 0.0 0.0 0.0 26.3 3.002590528674132 62.71013448036486
-0.9363799999999987 6.0 1.0 4.0 2.0 0.0 0.0 2.0 129.44 2.8799974464023286e-06 880.6377218500312
0.21041999999999994 2.0 2.0 1.0 1.0 0.0 0.0 1.0 48.91 2.922518308363087 170.6915279102714
-4.5565999999999995 2.0 2.0 0.0 0.0 0.0 0.0 0.0 80.59 0.0 53.68367439558379
0.37129999999999996 1.0 0.0 1.0 0.0 0.0 0.0 0.0 17.07 2.7320508075688776 24.264662506490403
-5.6321999999999965 7.0 1.0 0.0 0.0 0.0 0.0 0.0 283.69 -1.2799999947199998e-08 209.99724466198504
-18.8383 6.0 6.0 0.0 0.0 0.0 0.0 0.0 966.0 -0.0 47.54941505223323
-4.3798 4.0 1.0 0.0 0.0 0.0 0.0 0.0 128.74 0.0 23.019550008653873
-14.169300000000009 30.0 4.0 17.0 6.0 0.0 1.0 7.0 525.8299999999999 9.841418375877678e-06 4234.897334485908
0.047800000000000176 1.0 1.0 1.0 0.0 0.0 0.0 0.0 43.09 3.5677034550432034 73.5488750216347
-15.657599999999933 30.0 4.0 22.0 6.0 0.0 0.0 6.0 475.1399999999999 1.0934986967641047e-05 3751.936236990763
-1.5555999999999983 2.0 2.0 3.0 1.0 0.0 0.0 1.0 32.26 0.0 232.8234244616113
-2.4970999999999988 5.0 0.0 2.0 1.0 0.0 0.0 1.0 100.34 1.6899995544251205e-06 443.29001530236616
1.5008 2.0 0.0 0.0 0.0 0.0 1.0 1.0 34.14 3.054290082931889 246.28834790885676
-0.9924000000000002 4.0 2.0 6.0 0.0 0.0 0.0 0.0 58.92 3.0081985082069003 121.72862410467502
0.9067999999999998 6.0 2.0 3.0 1.0 0.0 0.0 1.0 143.81 3.5727545380551327 460.5038631394357
1.2214 1.0 1.0 2.0 1.0 0.0 0.0 1.0 20.23 2.61489994009295 157.4784207656209
0.693 2.0 0.0 1.0 0.0 0.0 0.0 0.0 26.3 3.046489080910934 65.94833690207419
1.2638800000000001 2.0 1.0 0.0 1.0 0.0 0.0 1.0 44.019999999999996 3.199326438626795 249.33821798626082
-1.2851999999999995 6.0 1.0 1.0 2.0 0.0 1.0 3.0 117.35999999999999 1.919998833867396e-06 971.3731866889484
1.3705999999999998 0.0 0.0 0.0 0.0 0.0 0.0 0.0 0.0 2.3237900077244498 8.0
-0.015200000000000102 6.0 2.0 4.0 1.0 0.0 1.0 2.0 93.06 2.0337661869874358e-07 377.7835918076663
-1.1707999999999907 21.0 7.0 9.0 5.0 0.0 1.0 6.0 415.83 8.71171685968068e-07 2822.706749428763
1.3848 1.0 1.0 1.0 1.0 0.0 0.0 1.0 37.3 2.981454614041131 203.415952604261
-0.5245000000000002 3.0 2.0 0.0 1.0 0.0 0.0 1.0 65.97999999999999 3.277417459528498 229.47996149735152
1.3596 2.0 0.0 3.0 1.0 0.0 0.0 1.0 26.3 2.4987708532837547 193.6723816963364
1.823 1.0 0.0 4.0 0.0 0.0 0.0 0.0 9.23 2.447472887876344 23.360990398949916
2.4263000000000003 12.0 1.0 7.0 4.0 0.0 0.0 4.0 158.15999999999997 1.7180914566388061 1490.7469490239216
0.21462000000000026 1.0 3.0 1.0 1.0 0.0 0.0 1.0 102.77999999999999 2.9777358315168203 376.5436330900115
1.881 2.0 1.0 2.0 0.0 1.0 1.0 1.0 29.46 2.625476627283832 180.76782581216122
1.91262 2.0 1.0 3.0 1.0 0.0 0.0 1.0 46.17 2.649628786208871 358.0600935330303
-0.694899999999999 2.0 4.0 3.0 0.0 0.0 0.0 0.0 110.23999999999998 4.0396960957048975 164.38689879982144
1.4903 0.0 0.0 1.0 0.0 0.0 0.0 0.0 0.0 2.5395388613593903 21.609640474436812
2.1414000000000004 2.0 2.0 2.0 1.0 0.0 0.0 1.0 40.46 3.148163892365612 286.5789935420091
2.13962 1.0 1.0 1.0 1.0 0.0 0.0 1.0 26.02 3.14303948130643 228.16991743324434
-1.7187999999999999 4.0 0.0 0.0 0.0 0.0 0.0 0.0 80.25999999999999 0.0 90.7164928725825
1.6127999999999998 3.0 1.0 4.0 1.0 0.0 0.0 1.0 55.4 2.5685736527852465 356.60071282200613
2.1205 2.0 0.0 1.0 1.0 1.0 1.0 2.0 18.46 2.113241499000559 245.27530899395387
2.711900000000001 1.0 0.0 2.0 0.0 0.0 1.0 1.0 17.07 2.4987822319247064 179.3117986128446
1.4835800000000001 3.0 0.0 1.0 1.0 0.0 0.0 1.0 50.09 2.795385187635226 321.3769263952091
0.6006000000000002 4.0 2.0 5.0 1.0 0.0 1.0 2.0 111.98000000000002 2.3210892317941423 573.6338737380324
6.777600000000007 0.0 0.0 2.0 0.0 0.0 2.0 2.0 0.0 1.999999957800001e-07 295.94747320502313
1.9352 0.0 0.0 0.0 0.0 0.0 0.0 0.0 0.0 2.8030394876740514 27.019550008653873
2.567800000000001 1.0 0.0 1.0 0.0 0.0 1.0 1.0 17.07 2.6837232226569196 189.04945807617776
-0.5394000000000001 4.0 2.0 1.0 0.0 2.0 2.0 2.0 83.63 2.316550247997115 317.7082526506293
-6.460300000000005 1.0 0.0 7.0 0.0 0.0 0.0 0.0 3.24 -8.333332564583407e-08 85.06775238083793
2.6287000000000003 1.0 1.0 0.0 1.0 0.0 0.0 1.0 0.0 3.134861511345448 164.63833891467198
-0.24300000000000016 4.0 2.0 1.0 1.0 0.0 0.0 1.0 89.1 3.1529414466808685 260.8249054042835
2.4016 1.0 0.0 2.0 1.0 0.0 0.0 1.0 3.24 2.7755013203964274 232.75927179154445
7.77340000000001 8.0 2.0 8.0 2.0 0.0 0.0 2.0 139.18 8.41739103707625e-07 1201.0130752227367
1.6814 7.0 0.0 10.0 0.0 0.0 0.0 0.0 80.29 3.2632964780482347 259.80248600977023
2.1151999999999997 1.0 1.0 6.0 0.0 0.0 0.0 0.0 20.23 2.663883887398184 59.58797503894244
1.6141 2.0 0.0 1.0 1.0 0.0 0.0 1.0 34.14 3.2186466288823383 303.7795180972205
1.8169999999999997 3.0 2.0 5.0 0.0 1.0 1.0 1.0 49.69 2.4426551723460426 193.61672791871024
1.2132999999999998 3.0 1.0 2.0 1.0 0.0 0.0 1.0 46.53 3.0854525021372017 268.03972257956417
1.80752 1.0 0.0 1.0 1.0 0.0 0.0 1.0 17.07 3.0097819477866006 198.31254955650078
0.8825999999999998 4.0 2.0 1.0 1.0 0.0 0.0 1.0 89.38999999999999 3.232208870305491 297.8789117242989
1.3004000000000002 3.0 1.0 1.0 1.0 0.0 0.0 1.0 63.37 3.1529414466808685 258.9247708743934
2.4237 1.0 0.0 1.0 0.0 0.0 1.0 1.0 17.07 2.7622572898218296 181.3117986128446
2.2723000000000004 2.0 0.0 4.0 0.0 1.0 1.0 1.0 26.3 2.0359306195731133 131.52442279202947
2.2712400000000006 2.0 0.0 3.0 1.0 0.0 0.0 1.0 26.3 2.8069205617428654 295.6163594789427
1.286 3.0 1.0 2.0 1.0 0.0 0.0 1.0 44.480000000000004 2.9929629518415926 247.8474159248874
2.2210400000000003 2.0 1.0 3.0 1.0 0.0 0.0 1.0 46.17 2.7237155741065955 396.608634681643
1.9620199999999999 2.0 1.0 2.0 1.0 0.0 0.0 1.0 38.33 3.0053870485403893 320.70082633507934
1.7992 2.0 0.0 1.0 1.0 0.0 1.0 2.0 32.67 2.3262386182068613 356.4473120841761
2.1557000000000004 1.0 0.0 5.0 0.0 0.0 0.0 0.0 17.07 2.616293090417985 50.34851554559677
1.5141 2.0 0.0 1.0 0.0 0.0 0.0 0.0 26.3 3.736394291812786 119.36806555425065
-0.5446000000000002 2.0 1.0 1.0 0.0 0.0 0.0 0.0 40.54 3.65123357893369 78.42945954287093
-1.8952000000000002 3.0 2.0 1.0 0.0 0.0 0.0 0.0 96.86000000000001 0.0 44.05785641096992
5.056400000000003 2.0 2.0 3.0 4.0 0.0 0.0 4.0 74.6 2.186944659164913 1085.5829605486567
1.3716000000000002 2.0 0.0 3.0 0.0 0.0 0.0 0.0 26.3 3.2725014723788197 105.4837783761905
2.3791 1.0 0.0 3.0 1.0 0.0 0.0 1.0 17.07 2.680097320748244 215.57420335781512
1.2828199999999998 2.0 2.0 0.0 1.0 0.0 0.0 1.0 46.25 3.1716780304409156 220.15617759993404
1.0423 3.0 0.0 2.0 1.0 0.0 0.0 1.0 43.370000000000005 2.861313088009411 289.90177445528485
-1.5147999999999961 11.0 2.0 6.0 4.0 0.0 0.0 4.0 210.08999999999997 2.5349975012942207e-06 1746.1536387374808
1.5489999999999997 3.0 2.0 2.0 1.0 0.0 0.0 1.0 55.480000000000004 1.209999748283388e-06 252.81321812853102
-2.468299999999994 11.0 1.0 7.0 2.0 0.0 1.0 3.0 200.89 3.8024962222038873e-06 1638.3122345298518
-15.231999999999957 34.0 6.0 20.0 7.0 0.0 2.0 9.0 535.9000000000001 3.5266609518152717e-06 4561.80796290683
-1.9225999999999992 6.0 6.0 6.0 0.0 0.0 0.0 0.0 178.38 0.0 284.94276074949187
1.4062199999999998 2.0 2.0 0.0 1.0 0.0 0.0 1.0 40.46 3.2478347337367035 197.9061775999341
0.9433 1.0 1.0 1.0 0.0 0.0 0.0 0.0 20.23 3.4459912135188393 49.44900955152481
-7.945400000000004 4.0 0.0 5.0 0.0 0.0 0.0 0.0 80.25999999999999 -4.0499994510000764e-07 121.50977500432694
-6.384999999999998 4.0 0.0 9.0 0.0 0.0 0.0 0.0 80.25999999999999 -8.449997543000735e-07 165.65784284662087
-6.7751 4.0 0.0 8.0 0.0 0.0 0.0 0.0 80.25999999999999 -7.199998222500451e-07 155.4952794320032
0.3546000000000025 18.0 10.0 18.0 3.0 0.0 1.0 4.0 328.8 4.448477876590582e-07 1948.5822775202923
-2.641199999999996 16.0 2.0 10.0 4.0 0.0 0.0 4.0 253.41999999999996 3.3749956215685056e-06 2035.123865810248
5.045100000000002 16.0 9.0 20.0 5.0 0.0 0.0 5.0 286.73999999999995 1.1503966914993867e-06 2303.935210860604
-1.7187999999999999 4.0 0.0 0.0 0.0 0.0 0.0 0.0 80.25999999999999 0.0 90.7164928725825
5.190380000000005 8.0 1.0 9.0 3.0 1.0 1.0 4.0 82.88 1.5708066366430866 1272.8949540436165
0.4663 2.0 1.0 0.0 0.0 0.0 0.0 0.0 32.59 2.549193338482967 21.219280948873624
-5.992 0.0 0.0 0.0 0.0 0.0 0.0 0.0 0.0 0.0 2.0
1.3387 4.0 0.0 7.0 0.0 0.0 0.0 0.0 44.760000000000005 3.4182863869895925 135.5763913228534
-7.332399999999999 4.0 0.0 1.0 0.0 0.0 0.0 0.0 80.25999999999999 -1.249999955000002e-07 78.03910001730776
0.7614000000000001 1.0 0.0 1.0 0.0 0.0 0.0 0.0 17.07 2.9244181981729174 45.60964047443681
0.7936 1.0 0.0 0.0 0.0 1.0 1.0 1.0 12.53 2.2034403442173716 36.91260938324327
-0.7821999999999991 4.0 0.0 9.0 0.0 0.0 0.0 0.0 66.43 0.0 216.15223395576248
3.8051400000000033 4.0 2.0 6.0 4.0 0.0 0.0 4.0 61.66 3.062496356212904e-06 1264.4973087394076
1.6675 2.0 1.0 2.0 1.0 0.0 0.0 1.0 35.25 2.693803452362809 192.91749419417292
2.4363799999999998 2.0 0.0 2.0 1.0 0.0 0.0 1.0 40.86 2.966312247577214 340.6269263952092
0.6280000000000001 5.0 0.0 6.0 0.0 0.0 0.0 0.0 69.67000000000002 3.545971120529369 279.53733522821653
1.357 2.0 0.0 0.0 1.0 0.0 1.0 2.0 26.3 2.6100618752317595 278.3410097152755
1.4965700000000002 4.0 2.0 2.0 1.0 0.0 1.0 2.0 93.82 2.446226843006028 606.977067223963
1.8515000000000001 2.0 0.0 2.0 1.0 1.0 1.0 2.0 20.310000000000002 1.8946821990226328 297.3575848525983
0.02189999999999992 3.0 1.0 1.0 0.0 0.0 0.0 0.0 52.32 3.7016454312283997 113.59707739381874
-1.7629000000000001 2.0 0.0 0.0 0.0 0.0 0.0 0.0 34.14 -6.666666638888889e-09 34.529325012980806
-0.5929999999999997 6.0 5.0 5.0 1.0 0.0 0.0 1.0 144.32 5.554285332610438e-07 433.59261093713553
-6.593600000000002 9.0 2.0 0.0 0.0 0.0 0.0 0.0 262.57 -1.3499999962500004e-08 124.30376252379816
-6.262099999999999 1.0 0.0 0.0 0.0 0.0 0.0 0.0 0.0 -0.0 2.7548875021634682
-2.490099999999999 4.0 0.0 0.0 0.0 0.0 0.0 0.0 80.25999999999999 -7.199999951999999e-08 70.56842503028855
1.4719 1.0 1.0 0.0 0.0 0.0 0.0 0.0 20.23 4.231132186198015 97.14178630198491
-10.58640000000002 21.0 9.0 12.0 1.0 0.0 3.0 4.0 418.94999999999993 4.859995105580087e-06 2030.9592925646803
-3.6486 4.0 0.0 0.0 0.0 0.0 0.0 0.0 80.25999999999999 -3.999999981250001e-08 30.671034463057104
0.11260000000000003 4.0 0.0 3.0 0.0 0.0 0.0 0.0 52.6 3.0550899395377584 113.70950594454669
-5.049599999999993 13.0 2.0 8.0 3.0 0.0 1.0 4.0 229.95999999999995 2.801663854183526e-06 1826.0871799457016
-1.118 0.0 0.0 0.0 0.0 0.0 0.0 0.0 85.5 -0.0 4.854752972273344
-0.48939999999999384 6.0 0.0 7.0 4.0 0.0 0.0 4.0 114.39999999999998 2.534997328069576e-06 1534.4517305273637
3.2958999999999996 1.0 0.0 0.0 0.0 0.0 0.0 0.0 17.07 4.398990539719588 124.05236848565256
2.720200000000001 3.0 1.0 8.0 0.0 0.0 0.0 0.0 55.760000000000005 3.4851076896510653 146.22301638775744
0.7763 1.0 0.0 1.0 0.0 0.0 0.0 0.0 9.23 2.2968352619191386 17.24511249783653
1.1422 3.0 0.0 5.0 0.0 0.0 0.0 0.0 35.53 3.2485759314192304 140.27259690535837
0.7459 3.0 0.0 3.0 0.0 0.0 0.0 0.0 43.370000000000005 3.8231925262701547 143.92835504489477
-9.140900000000014 24.0 6.0 13.0 4.0 0.0 1.0 5.0 415.9099999999999 4.271105092565568e-06 2840.6821712755595
0.7089999999999999 2.0 1.0 4.0 0.0 0.0 0.0 0.0 23.47 3.307394083663299 59.93649058453921
0.2924 1.0 1.0 0.0 0.0 0.0 0.0 0.0 26.02 2.8030394876740514 29.019550008653873
0.5844 3.0 0.0 3.0 0.0 0.0 0.0 0.0 35.53 3.259231489128124 90.30376252379817
1.457140000000001 13.0 2.0 9.0 4.0 0.0 0.0 4.0 243.90999999999997 3.374995516068621e-06 1978.2597840331625
2.643700000000001 6.0 0.0 20.0 0.0 0.0 0.0 0.0 55.38000000000001 2.9219621943934726 183.52261344043654
-0.13660000000000005 4.0 0.0 0.0 0.0 1.0 1.0 1.0 52.6 2.631435737817297 154.5866297400412
1.5776 0.0 0.0 0.0 0.0 0.0 0.0 0.0 0.0 1.6329931618554523 4.754887502163468
0.3677 2.0 2.0 1.0 1.0 0.0 0.0 1.0 69.11 3.1529414466808685 257.53794892648057
1.335 1.0 1.0 3.0 0.0 0.0 0.0 0.0 20.23 2.7771492902446893 48.14170945007629
1.283 2.0 0.0 1.0 0.0 0.0 1.0 1.0 18.46 2.2684714749428534 88.52932501298082
-2.803279999999999 4.0 3.0 2.0 1.0 0.0 0.0 1.0 73.58000000000001 0.0 296.16003516871797
-16.82580000000002 12.0 6.0 0.0 0.0 0.0 0.0 0.0 247.76 -7.92091835272071e-09 80.07820003461549
4.367400000000004 3.0 1.0 14.0 1.0 0.0 0.0 1.0 38.69 2.0588206075648365 348.20285778166306
-0.76415 3.0 4.0 0.0 0.0 0.0 0.0 0.0 99.68 0.0 78.18080946738405
0.38809999999999967 4.0 0.0 12.0 0.0 0.0 0.0 0.0 66.43 0.0 254.80302513413508
0.5108999999999999 2.0 2.0 3.0 0.0 1.0 1.0 1.0 69.64000000000001 2.7539935237215474 240.2115658823984
0.62768 3.0 0.0 2.0 0.0 0.0 0.0 0.0 50.09 3.7309789101585746 156.9310205151832
1.5574 1.0 1.0 0.0 0.0 1.0 1.0 1.0 20.23 2.2794002709583667 60.78707744334402
1.4462 2.0 1.0 3.0 1.0 0.0 0.0 1.0 29.46 2.3922911657019332 193.97752353949224
-1.1037299999999988 2.0 3.0 2.0 0.0 0.0 0.0 0.0 90.41 3.632432151939845 133.77443751081734
1.57722 1.0 1.0 0.0 1.0 0.0 0.0 1.0 26.02 3.134861511345448 160.49662946459569
2.5682 2.0 1.0 9.0 0.0 0.0 0.0 0.0 35.25 3.253702897046664 96.09106854813169
1.2314 1.0 0.0 2.0 0.0 0.0 0.0 0.0 17.07 2.8141442217770303 39.20310343869658
-3.5193999999999974 3.0 3.0 3.0 1.0 0.0 0.0 1.0 92.0 0.0 242.03722002332833
-18.834600000000002 10.0 0.0 4.0 0.0 0.0 0.0 0.0 184.97 -7.199999529900032e-08 287.4748411004877
-5.0353999999999965 6.0 3.0 2.0 0.0 0.0 1.0 1.0 110.05 1.4399996082001105e-06 237.2789758159165
0.3620000000000001 3.0 0.0 4.0 0.0 0.0 0.0 0.0 35.53 3.0655033793880806 98.47609517815881
-3.2638999999999987 4.0 3.0 2.0 1.0 0.0 0.0 1.0 98.20999999999998 0.0 367.16793607093877
-0.3732999999999997 1.0 1.0 0.0 0.0 0.0 0.0 0.0 46.33 3.2575861612334887 59.813537528125096
-2.8057599999999994 2.0 0.0 0.0 0.0 0.0 0.0 0.0 47.58 -4.9999999958333325e-09 27.019550008653873
-9.29600000000004 48.0 0.0 34.0 14.0 0.0 0.0 14.0 794.4800000000002 7.958332397570939e-07 8713.637497227039
0.8046 2.0 2.0 2.0 1.0 0.0 0.0 1.0 57.53 2.851177890164404 242.77390023702043
-0.3956000000000001 2.0 2.0 0.0 0.0 1.0 1.0 1.0 58.2 2.8136816744111894 173.79680833403853
-8.987400000000038 22.0 12.0 20.0 6.0 0.0 0.0 6.0 407.4599999999999 4.200827171109759e-06 3080.0900152757854
0.4895999999999999 1.0 2.0 1.0 1.0 0.0 0.0 1.0 57.53 3.087636787033165 250.95525572342748
-5.1627999999999945 9.0 0.0 5.0 2.0 0.0 1.0 3.0 154.72 2.2499985849384193e-06 1119.3232423921334
-1.1699 7.0 1.0 3.0 2.0 0.0 0.0 2.0 107.89999999999999 1.999998780500763e-06 691.3826411623589
3.4661000000000017 6.0 4.0 12.0 1.0 1.0 1.0 2.0 102.32 0.0 437.0312998143635
0.6264000000000007 4.0 0.0 4.0 4.0 0.0 0.0 4.0 42.260000000000005 2.249997814314722e-06 1166.823991721663
1.6215 1.0 0.0 2.0 0.0 0.0 0.0 0.0 17.07 3.126006652390634 64.58027134782355
1.2773999999999999 2.0 1.0 1.0 1.0 0.0 0.0 1.0 35.25 3.0065240073265844 197.86256853719752
1.3232 3.0 0.0 8.0 0.0 0.0 0.0 0.0 27.69 2.785899708691937 89.5102929745152
-6.592800000000009 17.0 2.0 9.0 4.0 0.0 1.0 5.0 266.99999999999994 2.8899970775614106e-06 2366.4976795045736
-0.4807000000000001 6.0 0.0 0.0 0.0 0.0 0.0 0.0 132.4 -7.199999951999999e-08 69.05865002596163
0.40969999999999995 1.0 1.0 0.0 1.0 0.0 0.0 1.0 28.68 3.1250000000000004 61.369930610534254
3.7033000000000023 8.0 1.0 10.0 2.0 0.0 0.0 2.0 131.45999999999998 1.3344994622146738e-06 976.216176751534
1.9511000000000012 6.0 1.0 10.0 2.0 0.0 0.0 2.0 91.32999999999998 4.804992154946684e-06 889.0839826549795
-3.972699999999997 6.0 2.0 2.0 0.0 2.0 2.0 2.0 138.45999999999998 3.239999946180001e-07 350.21616690607414
-0.0051999999999954305 13.0 2.0 10.0 4.0 0.0 0.0 4.0 223.43 3.681660832409582e-06 1852.3965021155104
0.4865000000000001 3.0 1.0 3.0 0.0 0.0 0.0 0.0 46.53 3.6832073927487605 139.78664559481848
1.3353199999999998 3.0 0.0 0.0 1.0 0.0 1.0 2.0 35.53 2.3504739021368395 344.02313678649665
1.435 5.0 0.0 4.0 1.0 0.0 0.0 1.0 65.49 2.8600172855521677 356.07588186361244
-4.161999999999989 22.0 8.0 22.0 6.0 0.0 0.0 6.0 327.25999999999993 3.967494624140914e-06 2601.1366550119933
1.6401999999999999 2.0 1.0 2.0 1.0 0.0 0.0 1.0 37.3 2.944341945159362 269.6400954855593
1.0423 3.0 0.0 0.0 0.0 1.0 2.0 2.0 43.370000000000005 2.268028637257227 277.4982352109087
1.2664999999999997 2.0 4.0 5.0 0.0 0.0 0.0 0.0 97.99000000000001 0.0 143.54596597980247
1.2314 1.0 0.0 2.0 0.0 0.0 0.0 0.0 17.07 2.964900494759057 41.20310343869659
1.7568000000000001 1.0 0.0 5.0 0.0 0.0 0.0 0.0 20.310000000000002 3.665842809028223 100.13036060964237
-1.7654999999999994 6.0 2.0 2.0 1.0 0.0 0.0 1.0 99.11999999999999 3.6815003537739974 484.93387899182807
-5.89428 17.0 2.0 10.0 4.0 0.0 1.0 5.0 266.99999999999994 3.121108090277734e-06 2422.939261473325
0.5878 2.0 0.0 4.0 0.0 1.0 1.0 1.0 21.759999999999998 1.8035938009545527 76.59772060569361
0.7026000000000001 4.0 0.0 3.0 0.0 1.0 1.0 1.0 44.760000000000005 2.329307604435857 160.44079551951015
-11.287600000000028 25.0 4.0 11.0 3.0 0.0 3.0 6.0 406.8 3.853328160075204e-06 3320.0655041633395
-4.425100000000001 3.0 0.0 0.0 0.0 0.0 0.0 0.0 57.199999999999996 0.0 55.2933148700206
0.0 0.0 0.0 0.0 0.0 0.0 0.0 0.0 0.0 0.0 0.0
-10.225400000000018 24.0 3.0 14.0 4.0 0.0 1.0 5.0 402.17999999999995 5.119994172256997e-06 3178.163656828082
-11.362600000000022 23.0 3.0 14.0 4.0 0.0 1.0 5.0 376.35999999999996 4.499995337739476e-06 2929.152572117457
0.11259999999999981 4.0 0.0 3.0 0.0 0.0 0.0 0.0 52.60000000000001 3.352921516464098 113.70950594454669
0.4528000000000001 6.0 0.0 6.0 0.0 2.0 3.0 3.0 77.66 1.5223348742253842 371.8871910558692
0.3565800000000001 4.0 0.0 4.0 0.0 0.0 0.0 0.0 68.28 -1.7999999750625003e-07 195.80694332859096
-4.855829999999994 11.0 4.0 7.0 1.0 0.0 2.0 3.0 208.48 3.2399972447274277e-06 1513.2937838759897
0.9694799999999999 3.0 2.0 0.0 1.0 0.0 0.0 1.0 64.25 3.2001177806223087 288.1478479159225
1.2748 7.0 0.0 14.0 0.0 0.0 0.0 0.0 80.29000000000002 3.1925747986300785 353.8899895914504
0.5155000000000001 3.0 2.0 1.0 1.0 0.0 0.0 1.0 80.39 3.2015159310664942 340.5950744935719
1.5754000000000001 1.0 0.0 1.0 0.0 1.0 1.0 1.0 9.23 2.1399633186493645 46.14170945007629
0.09769999999999995 4.0 3.0 1.0 1.0 0.0 0.0 1.0 106.41 3.327295999016508 399.25426679468546
1.2672999999999999 3.0 1.0 1.0 0.0 0.0 1.0 1.0 41.46 2.650721189432891 191.23454122869498
0.22519999999999984 2.0 1.0 0.0 0.0 1.0 2.0 2.0 46.17 2.275089056121243 220.47661314834707
2.3218000000000005 1.0 0.0 0.0 0.0 0.0 1.0 1.0 17.07 2.798154170206286 186.90494715593388
1.5772199999999998 1.0 1.0 0.0 1.0 0.0 0.0 1.0 26.02 3.077660437970554 164.24662946459569
6.205800000000007 6.0 2.0 11.0 4.0 0.0 0.0 4.0 115.22 2.0674194697063473 1667.6756728306698
1.1673 1.0 1.0 1.0 0.0 0.0 0.0 0.0 20.23 3.168489872670569 33.69332843436965
-0.7198000000000002 9.0 0.0 0.0 0.0 0.0 0.0 0.0 198.6 -4.4999999833333336e-08 112.40947885963234
-0.8113000000000001 1.0 2.0 0.0 0.0 0.0 0.0 0.0 52.04 2.8030394876740514 29.019550008653873
-5.203500000000006 16.0 3.0 10.0 5.0 0.0 1.0 6.0 279.9699999999999 2.9999962979075523e-06 2897.9917927878805
1.0977999999999999 2.0 2.0 0.0 1.0 0.0 0.0 1.0 40.46 3.077660437970554 166.38833891467198
3.4594000000000005 0.0 0.0 15.0 1.0 0.0 0.0 1.0 3.88 4.839993004010474e-06 325.8732712636312
0.57 3.0 2.0 7.0 0.0 0.0 0.0 0.0 49.69 3.835346308033596 110.67739285527475
0.62398 3.0 1.0 3.0 0.0 0.0 0.0 0.0 44.019999999999996 3.0162578211176863 88.919684538544
1.1515 1.0 0.0 1.0 0.0 0.0 0.0 0.0 17.07 3.405032612931118 68.00763013991067
-3.1728 1.0 0.0 0.0 0.0 0.0 0.0 0.0 30.0 0.0 2.0
1.4166999999999998 1.0 1.0 2.0 0.0 0.0 0.0 0.0 20.23 3.7597162383419147 117.01955000865387
1.5415999999999999 1.0 0.0 1.0 0.0 0.0 1.0 1.0 17.07 2.3714157955008357 104.9544533632097
-1.2575 3.0 2.0 0.0 0.0 1.0 1.0 1.0 75.27 2.636629855902423 140.967556752381
1.7779 1.0 1.0 5.0 0.0 0.0 0.0 0.0 20.23 2.53006045688352 33.50977500432694
2.3741600000000007 2.0 0.0 5.0 0.0 0.0 0.0 0.0 47.58 2.8030823921911323 120.31703099214299
1.0709 4.0 2.0 3.0 1.0 0.0 1.0 2.0 91.65 2.5065401176242754 580.2511033660265
1.47618 1.0 0.0 1.0 0.0 0.0 0.0 0.0 23.79 3.0160614900204052 76.42945954287094
-0.8829999999999987 1.0 2.0 1.0 1.0 0.0 1.0 2.0 26.0 2.29241189428233 264.15103906059477
1.2693999999999999 2.0 2.0 2.0 0.0 3.0 3.0 3.0 40.46 1.795609844790116 226.3616189347681
0.8046 2.0 2.0 2.0 1.0 0.0 0.0 1.0 57.53 2.851177890164404 242.77390023702043
-2.5673 6.0 4.0 2.0 0.0 1.0 1.0 1.0 99.38000000000001 2.659390479692273 143.0617569290273
-0.4016000000000002 3.0 2.0 1.0 0.0 1.0 1.0 1.0 52.99 1.833333306444445e-07 126.35644994446473
1.0428 1.0 0.0 0.0 0.0 1.0 1.0 1.0 9.23 2.184105569636068 37.20310343869659
-0.7198000000000002 9.0 0.0 0.0 0.0 0.0 0.0 0.0 198.6 -4.4999999833333336e-08 112.40947885963234
1.2013999999999998 2.0 1.0 2.0 0.0 0.0 0.0 0.0 20.23 2.8141442217770303 42.81274391313339
-1.273399999999995 16.0 4.0 8.0 4.0 0.0 1.0 5.0 283.35999999999996 3.1249955344077602e-06 2229.5438574218697
-10.732600000000007 8.0 2.0 11.0 0.0 0.0 0.0 0.0 161.34 -1.8049992523503188e-06 325.12281476499334
-0.10710000000000008 2.0 0.0 0.0 0.0 0.0 0.0 0.0 43.14 2.8030394876740514 29.019550008653873
-0.7173000000000003 9.0 0.0 0.0 0.0 0.0 0.0 0.0 198.6 -4.4999999833333336e-08 112.40947885963234
0.7806 1.0 1.0 1.0 0.0 0.0 0.0 0.0 20.23 3.6557909262199404 86.84336711741774
-1.473399999999999 4.0 4.0 5.0 0.0 0.0 0.0 0.0 110.24 3.211729783466108 141.6270750562502
0.2792 2.0 0.0 3.0 0.0 0.0 0.0 0.0 18.46 2.3390923149762908 17.509775004326936
0.03320000000000001 2.0 0.0 0.0 0.0 1.0 1.0 1.0 18.46 2.0 21.019550008653873
0.23859999999999992 1.0 0.0 0.0 0.0 1.0 1.0 1.0 20.310000000000002 2.4784387393909566 90.08094399727418
-0.7155 1.0 2.0 0.0 0.0 0.0 0.0 0.0 55.12 2.847378923087672 42.91260938324327
-0.2958 3.0 2.0 4.0 0.0 0.0 0.0 0.0 40.46 2.447472887876344 28.870765403276856
-2.0732 4.0 4.0 5.0 0.0 0.0 0.0 0.0 163.63 0.0 228.21605924781636
-1.0124 3.0 2.0 4.0 0.0 0.0 0.0 0.0 49.69 2.447472887876344 26.115877901113386
0.13090000000000007 3.0 1.0 4.0 0.0 1.0 1.0 1.0 58.64 2.17895001043104 262.7826815104895
-2.5645999999999973 2.0 1.0 2.0 0.0 0.0 0.0 0.0 23.47 -2.4499998320000124e-07 78.14806784229394
-1.4729999999999996 3.0 3.0 4.0 0.0 0.0 0.0 0.0 58.28 2.447472887876344 28.870765403276856
-1.0972000000000002 3.0 2.0 4.0 0.0 0.0 0.0 0.0 43.7 2.9196126414385533 43.693328434369654
-0.9958000000000002 4.0 2.0 7.0 0.0 0.0 0.0 0.0 58.92 2.6476048489438337 49.70950594454669
-1.734699999999999 4.0 3.0 6.0 0.0 0.0 0.0 0.0 63.93000000000001 3.2950821163049606 55.74860596185443
0.21749999999999997 1.0 1.0 1.0 0.0 0.0 0.0 0.0 20.23 1.9747448713915894 8.0
-0.015319999999999945 2.0 1.0 1.0 0.0 0.0 0.0 0.0 61.089999999999996 3.1275799516775433 91.45654516950492
-0.29210000000000025 3.0 1.0 3.0 0.0 0.0 0.0 0.0 46.53 3.1114301208164354 87.67457204070747
-0.10922000000000004 2.0 1.0 0.0 0.0 0.0 0.0 0.0 44.019999999999996 2.9394472463233274 52.40362799390803
0.3905 1.0 1.0 0.0 0.0 0.0 0.0 0.0 20.23 3.552734354515761 70.919684538544
0.7436 1.0 1.0 0.0 0.0 0.0 0.0 0.0 26.02 3.0237157840738176 19.11941547876375
0.7771999999999999 1.0 1.0 0.0 0.0 0.0 0.0 0.0 20.23 3.0237157840738176 19.11941547876375
1.39002 1.0 0.0 0.0 1.0 0.0 0.0 1.0 12.89 3.0214653097240864 134.10736969541455
-0.09150000000000003 2.0 2.0 1.0 0.0 0.0 0.0 0.0 20.23 1.9747448713915894 8.0
-0.06960000000000005 2.0 1.0 3.0 0.0 0.0 0.0 0.0 23.47 2.6782577431647265 37.06139398862029
-0.49389999999999934 5.0 0.0 2.0 1.0 0.0 0.0 1.0 75.24000000000001 2.545833294709491e-07 382.14898771932945
0.6389000000000001 3.0 2.0 1.0 1.0 0.0 0.0 1.0 74.6 3.2015159310664942 337.3499619957353
0.4881 3.0 1.0 5.0 0.0 0.0 0.0 0.0 46.53 3.033873494743956 109.41884680991983
0.09450000000000003 1.0 0.0 0.0 0.0 0.0 0.0 0.0 20.310000000000002 3.2575861612334887 58.568425030288566
-0.35552 2.0 1.0 2.0 0.0 0.0 0.0 0.0 52.89 3.209971690692883 94.3531421217447
0.6157999999999999 1.0 1.0 2.0 0.0 0.0 0.0 0.0 12.03 2.19060968716425 11.119415478763749
-0.24770000000000003 1.0 1.0 0.0 0.0 0.0 0.0 0.0 29.1 2.847378923087672 42.1577218810798
-0.41040000000000004 1.0 1.0 0.0 0.0 1.0 1.0 1.0 21.94 2.25 7.509775004326937
-0.25039999999999996 2.0 2.0 2.0 0.0 0.0 0.0 0.0 40.46 2.7541847860376616 24.72905595320056
-0.252 2.0 2.0 1.0 0.0 0.0 0.0 0.0 40.46 2.9934972434784735 26.52932501298081
1.2778 1.0 1.0 0.0 0.0 1.0 1.0 1.0 26.02 2.1229179499593664 46.14170945007629
0.10749999999999993 1.0 1.0 0.0 0.0 1.0 1.0 1.0 26.02 2.171098317873574 22.464393446710154
0.5171999999999999 2.0 0.0 1.0 0.0 0.0 0.0 0.0 34.14 3.5677034550432034 75.5488750216347
-0.8985000000000001 1.0 1.0 0.0 0.0 0.0 0.0 0.0 43.09 2.1874960973678963 12.264662506490405
-0.49599999999999983 2.0 1.0 0.0 0.0 0.0 0.0 0.0 54.37 4.062942298971397 90.06147084052891
-0.8742000000000003 4.0 1.0 3.0 0.0 0.0 0.0 0.0 55.760000000000005 2.988598647973156 70.43856189774725
-0.9205000000000001 2.0 2.0 0.0 0.0 0.0 0.0 0.0 38.05 1.6329931618554523 2.7548875021634682
0.7135 2.0 0.0 0.0 0.0 1.0 1.0 1.0 26.3 2.2495440947344707 70.14933958998697
0.13970000000000005 2.0 2.0 3.0 0.0 0.0 0.0 0.0 40.46 2.8318199660707846 37.06139398862029
0.14130000000000004 2.0 2.0 4.0 0.0 0.0 0.0 0.0 40.46 2.447472887876344 25.26112492884004
-0.7077 2.0 2.0 1.0 0.0 0.0 0.0 0.0 52.04 2.5395388613593903 18.854752972273346
0.481 1.0 1.0 1.0 0.0 0.0 0.0 0.0 37.3 2.847378923087672 40.1577218810798
-2.8895 2.0 0.0 0.0 0.0 0.0 0.0 0.0 40.129999999999995 0.0 87.77443751081735
-10.030200000000045 28.0 8.0 24.0 6.0 0.0 0.0 6.0 441.65999999999997 5.467490023462662e-06 3309.7997588955286
0.8372999999999999 0.0 0.0 9.0 0.0 0.0 0.0 0.0 0.0 0.0 103.9299229557318
0.6333 1.0 1.0 0.0 0.0 0.0 0.0 0.0 37.3 3.7911184170869663 83.42592196522058
-0.26349999999999985 3.0 0.0 0.0 0.0 1.0 1.0 1.0 43.370000000000005 2.762020467830416 133.56295496093253
-5.162399999999995 8.0 2.0 4.0 2.0 0.0 0.0 2.0 166.43999999999997 3.1249987104172107e-06 953.8976821850557
-3.7338999999999976 6.0 0.0 0.0 0.0 0.0 0.0 0.0 120.38999999999999 -4.4999999833333336e-08 114.67414136612275
0.5155000000000001 3.0 2.0 1.0 1.0 0.0 0.0 1.0 80.39 3.2779105845781125 357.84507449357193
2.5204 6.0 3.0 4.0 2.0 3.0 3.0 5.0 120.19 4.3141659194481327e-07 972.0952968807068
2.3814 4.0 1.0 2.0 2.0 0.0 0.0 2.0 68.00999999999999 2.643284910417738 555.4371682610454
1.8214000000000001 1.0 0.0 2.0 0.0 0.0 0.0 0.0 9.23 3.3604351426960575 42.14170945007629
1.309 2.0 1.0 2.0 1.0 0.0 0.0 1.0 37.3 2.851177890164404 240.9994627262031
0.5463999999999996 3.0 4.0 0.0 0.0 0.0 0.0 0.0 127.53 -4.4999999250000016e-08 31.774437510817343
0.20920000000000005 3.0 0.0 3.0 0.0 0.0 0.0 0.0 27.69 2.9923028831940863 28.406371956566698
2.1498 1.0 1.0 4.0 0.0 0.0 0.0 0.0 20.23 3.824684203207495 55.09358392980084
1.8223000000000003 3.0 2.0 1.0 1.0 0.0 0.0 1.0 80.39 3.501552734477128 443.43774069734036
2.0766999999999998 1.0 1.0 1.0 2.0 0.0 0.0 2.0 28.68 2.46477697925065 310.5534951866163
-2.5033999999999996 4.0 4.0 3.0 0.0 0.0 0.0 0.0 115.06 0.0 138.66127285260657
0.9989999999999999 4.0 2.0 4.0 1.0 0.0 0.0 1.0 75.4 2.844925640726935 301.19554276161324
-0.6534800000000001 4.0 0.0 1.0 1.0 0.0 0.0 1.0 66.16 3.0766634399873354 227.86190855871658
2.1776999999999997 1.0 0.0 0.0 0.0 0.0 1.0 1.0 17.07 2.8071018627474267 179.16728769260075
2.2849 1.0 1.0 5.0 0.0 0.0 0.0 0.0 37.3 0.0 104.26518047667868
1.5725999999999998 3.0 2.0 9.0 0.0 0.0 0.0 0.0 49.69 3.4154548341584143 117.10027141924562
1.0211000000000001 2.0 2.0 1.0 1.0 0.0 0.0 1.0 69.11 3.1515496683060507 298.492089776386
2.853600000000001 6.0 2.0 4.0 3.0 0.0 1.0 4.0 115.55999999999999 1.9518465205821056 1267.728997554531
1.0681999999999998 5.0 0.0 8.0 1.0 3.0 3.0 4.0 50.06 1.4275654341019064 454.69624709852746
1.6866 0.0 0.0 0.0 1.0 0.0 0.0 1.0 0.0 3.000000000000001 71.96100505779535
4.344400000000003 4.0 4.0 9.0 0.0 2.0 2.0 2.0 48.12 1.5315033197239383 404.9968202403873
2.5840000000000005 2.0 2.0 4.0 0.0 0.0 0.0 0.0 40.46 4.571752871794463 238.19526630210234
1.5157 2.0 0.0 4.0 0.0 0.0 0.0 0.0 26.3 3.0655033793880806 97.089273230246
2.717500000000001 3.0 1.0 6.0 1.0 0.0 0.0 1.0 38.69 2.4713577775816344 296.91874784908947
-0.3078999999999996 1.0 1.0 0.0 1.0 0.0 0.0 1.0 26.02 0.0 229.06742233987632
0.7764000000000089 10.0 0.0 26.0 0.0 0.0 0.0 0.0 166.99999999999997 -3.4782606876559644e-07 812.258192610605
0.35240000000000005 4.0 2.0 2.0 1.0 0.0 0.0 1.0 76.21000000000001 2.6688118501601634 245.55091916625787
0.19648000000000088 1.0 2.0 3.0 1.0 2.0 2.0 3.0 32.67 1.5902121084907204 476.9349446971387
2.2384000000000004 2.0 1.0 3.0 1.0 0.0 0.0 1.0 23.47 2.853599600301738 243.34882468182084
-1.0200999999999996 9.0 0.0 8.0 0.0 0.0 0.0 0.0 157.11 3.9922055468289943 234.98712426015686
1.6598 2.0 0.0 1.0 0.0 1.0 1.0 1.0 26.3 2.4451847610018858 150.6405264597299
3.9673000000000025 3.0 0.0 4.0 2.0 0.0 0.0 2.0 35.53 2.0749803227072334 465.20248855462495
1.8256999999999999 0.0 0.0 0.0 1.0 0.0 0.0 1.0 0.0 3.0214653097240864 134.10736969541455
2.3385999999999996 4.0 0.0 17.0 0.0 0.0 0.0 0.0 66.43 0.0 320.5550566880555
0.21019999999999994 1.0 1.0 1.0 0.0 0.0 0.0 0.0 26.02 2.5395388613593908 21.609640474436812
-0.3673999999999986 11.0 0.0 6.0 0.0 1.0 1.0 1.0 140.73000000000002 3.285482321670223 599.1739454400771
2.2476000000000003 1.0 1.0 3.0 1.0 0.0 0.0 1.0 20.23 2.64124625557133 226.01924532784767
1.7579 1.0 0.0 1.0 1.0 1.0 1.0 2.0 12.53 2.2860713078743733 188.98242576044356
2.3058000000000005 3.0 0.0 1.0 0.0 0.0 0.0 0.0 35.53 3.895440562837822 159.59291128035025
1.568 4.0 0.0 8.0 0.0 0.0 0.0 0.0 36.92 4.1856116450973095 91.20187914912017
3.022100000000002 1.0 0.0 3.0 0.0 0.0 1.0 1.0 17.07 2.5542137470748076 233.38866754698046
2.1525 1.0 0.0 1.0 1.0 0.0 0.0 1.0 17.07 3.1479791300397526 219.91106510209755
2.9057000000000017 1.0 1.0 2.0 1.0 0.0 0.0 1.0 20.23 2.9338523057637267 230.0693158556517
1.6335 3.0 2.0 11.0 0.0 0.0 0.0 0.0 43.7 3.2782714590520383 114.1897467430868
0.9911999999999999 4.0 2.0 3.0 1.0 0.0 0.0 1.0 117.74000000000001 3.387380075453351 373.4380113941315
0.7720199999999996 10.0 2.0 6.0 4.0 0.0 1.0 5.0 172.76 3.6979922697634916e-06 1888.4500308734985
1.42982 4.0 1.0 3.0 1.0 0.0 0.0 1.0 72.47 2.8594454295085026 464.0973261036955
2.593000000000001 4.0 0.0 14.0 0.0 0.0 0.0 0.0 80.25999999999999 -3.333333232847225e-07 231.4061403066865
1.3795 3.0 0.0 6.0 0.0 0.0 0.0 0.0 27.69 3.2950821163049606 51.606896511778146
-5.992 0.0 0.0 0.0 0.0 0.0 0.0 0.0 0.0 0.0 2.0
2.8252000000000015 1.0 0.0 7.0 0.0 0.0 0.0 0.0 20.310000000000002 3.1163438565858055 132.05196853082393
3.905040000000003 4.0 0.0 3.0 2.0 0.0 0.0 2.0 58.86 2.4641979101335063 687.5673437939848
2.2888 1.0 0.0 2.0 1.0 0.0 0.0 1.0 17.07 2.7217735540687813 259.461083124702
0.27269999999999983 3.0 3.0 1.0 1.0 1.0 1.0 2.0 78.43 2.272284319146098 385.54846965199476
-0.0002999999999986347 5.0 0.0 13.0 0.0 0.0 0.0 0.0 83.5 0.0 343.2735297001339
0.5811999999999999 5.0 3.0 4.0 1.0 0.0 0.0 1.0 101.41999999999999 2.9603825880309396 340.60343105282635
2.735100000000001 1.0 1.0 3.0 1.0 0.0 0.0 1.0 20.23 2.810733935725913 249.08680360822464
2.5454000000000008 1.0 1.0 0.0 2.0 0.0 0.0 2.0 20.23 2.9131611636048604 374.03449039867854
2.5756000000000006 1.0 1.0 0.0 1.0 0.0 0.0 1.0 26.02 3.2478347337367026 202.0478870500104
2.23062 1.0 1.0 0.0 1.0 0.0 0.0 1.0 26.02 3.171678030440915 220.15617759993404
-0.22360000000000002 4.0 0.0 3.0 0.0 0.0 0.0 0.0 74.76 4.498226862253694 264.78071905112637
2.1826000000000003 3.0 1.0 2.0 0.0 2.0 2.0 2.0 38.69 2.134117910768903 241.3322056507385
-0.3621599999999876 18.0 8.0 16.0 4.0 0.0 4.0 8.0 325.43999999999994 4.345697259869171e-06 3522.492472657407
1.7922 2.0 0.0 3.0 1.0 0.0 0.0 1.0 26.3 2.4716659606850775 241.27530899395387
-0.1584 1.0 0.0 0.0 0.0 0.0 0.0 0.0 53.470000000000006 3.2659863237109046 23.774437510817343
-1.4166599999999976 10.0 4.0 7.0 3.0 0.0 1.0 4.0 195.78999999999996 3.999993232845253e-06 1703.9782793831923
2.2182000000000004 2.0 1.0 4.0 1.0 0.0 0.0 1.0 45.75 2.680316353319505 270.02161855304365
1.9058 2.0 0.0 4.0 0.0 0.0 0.0 0.0 26.3 3.047630004121517 116.42599881712918
1.5340999999999998 4.0 1.0 3.0 1.0 0.0 0.0 1.0 66.02000000000001 3.2792780439056823 454.88133025104474
2.3533 2.0 1.0 3.0 1.0 0.0 0.0 1.0 29.46 2.8886510104905314 256.01553398962693
2.0186 0.0 0.0 2.0 0.0 0.0 0.0 0.0 0.0 2.964900494759057 42.8127439131334
-27.344799999999996 0.0 0.0 0.0 0.0 0.0 0.0 0.0 0.0 -0.0 12.954618442383216
2.9693000000000014 1.0 0.0 7.0 0.0 1.0 1.0 1.0 20.310000000000002 1.904676693511306 167.70466441100885
2.6628000000000007 2.0 1.0 4.0 0.0 0.0 0.0 0.0 32.59 3.6374206121501516 109.82521876648653
0.0676000000000021 1.0 0.0 2.0 2.0 1.0 1.0 3.0 12.24 1.613332444167172e-06 578.6812904144809
2.4573 0.0 0.0 0.0 0.0 0.0 0.0 0.0 0.0 3.7911184170869663 82.67103446305711
2.0727 2.0 0.0 4.0 1.0 0.0 0.0 1.0 26.3 2.6341061805197867 263.92369729722583
2.503400000000001 1.0 1.0 3.0 0.0 0.0 0.0 0.0 29.1 4.23655156601375 198.62604350511958
1.5182000000000002 0.0 0.0 0.0 0.0 0.0 0.0 0.0 0.0 3.168489872670569 35.30296890880646
1.4773200000000002 3.0 2.0 1.0 1.0 0.0 0.0 1.0 80.39 3.501552734477128 441.29603124726407
1.8637 3.0 0.0 3.0 1.0 1.0 1.0 2.0 38.83 2.102105018788475 360.3897981205259
-0.3589 3.0 0.0 0.0 0.0 0.0 0.0 0.0 51.21 4.6475800154488995 72.67739285527475
0.04440000000000088 8.0 3.0 5.0 3.0 0.0 1.0 4.0 158.48999999999998 3.2399954217817675e-06 1453.0546855943896
2.9410000000000007 1.0 1.0 0.0 1.0 0.0 0.0 1.0 26.02 3.231425013090014 295.1932294735393
2.2458 1.0 1.0 2.0 0.0 0.0 0.0 0.0 12.03 3.7464179312510324 76.2114326716684
2.6897000000000015 1.0 1.0 0.0 1.0 0.0 0.0 1.0 20.23 3.1411091905317954 245.29484428381988
2.7497000000000016 1.0 1.0 5.0 0.0 0.0 0.0 0.0 20.23 3.345355728385495 110.53140972006527
1.7928 3.0 0.0 3.0 1.0 0.0 1.0 2.0 35.53 2.160589415092598 346.38592250333227
2.0237 0.0 0.0 1.0 0.0 0.0 0.0 0.0 0.0 2.5395388613593908 17.609640474436812
-2.490099999999999 4.0 0.0 0.0 0.0 0.0 0.0 0.0 80.25999999999999 -7.199999951999999e-08 70.56842503028855
2.7677000000000014 1.0 0.0 1.0 0.0 1.0 1.0 1.0 9.23 2.4000420004736065 144.9517669080599
2.1951000000000005 1.0 1.0 5.0 0.0 0.0 0.0 0.0 20.23 3.0922461946023914 48.52932501298081
2.711900000000001 1.0 0.0 4.0 0.0 0.0 0.0 0.0 17.07 3.4278042616712594 133.66369253840435
0.09959999999999969 9.0 2.0 6.0 2.0 0.0 1.0 3.0 153.82999999999998 3.4133282042746447e-06 1220.459152251973
0.6759999999999999 3.0 2.0 2.0 1.0 0.0 0.0 1.0 87.74000000000001 2.9941705604131186 269.17621663807944
2.691600000000001 1.0 1.0 1.0 1.0 0.0 0.0 1.0 37.3 3.2735808215375433 296.4920897763861
1.4773200000000002 3.0 2.0 1.0 1.0 0.0 0.0 1.0 80.39 3.501552734477128 441.29603124726407
2.2576 2.0 1.0 3.0 1.0 0.0 0.0 1.0 46.17 2.649628786208871 362.89456038916694
2.3744000000000005 2.0 0.0 1.0 1.0 0.0 0.0 1.0 26.3 2.7362980721056545 253.2994975838911
9.412100000000002 6.0 6.0 26.0 0.0 0.0 0.0 0.0 121.38000000000001 -2.595815391352561e-07 501.8646511360463
2.0042 2.0 2.0 0.0 2.0 0.0 0.0 2.0 52.04 2.9609415115705566 384.3581352532283
1.3584 0.0 0.0 1.0 0.0 0.0 0.0 0.0 0.0 2.7320508075688776 21.019550008653873
2.4852800000000004 3.0 0.0 1.0 1.0 0.0 0.0 1.0 66.93 3.3666606547514895 448.18049579347047
-0.8224000000000005 8.0 0.0 3.0 1.0 0.0 0.0 1.0 175.54 2.889998848392143e-06 505.874102453147
2.3218000000000005 1.0 0.0 4.0 0.0 0.0 0.0 0.0 17.07 3.608178415345876 103.13526283059372
2.401700000000001 1.0 0.0 5.0 0.0 0.0 0.0 0.0 17.07 3.1954118462751673 68.96788691072804
2.533400000000001 1.0 1.0 3.0 0.0 0.0 0.0 0.0 37.3 3.694259125238623 132.9883843902141
0.7738 3.0 3.0 3.0 2.0 0.0 0.0 2.0 94.82 2.2141923217394335 638.694228930317
0.43840000000000007 2.0 3.0 0.0 2.0 0.0 0.0 2.0 74.67 2.9209393547445526 440.1275665764416
3.106700000000002 2.0 0.0 3.0 0.0 1.0 1.0 1.0 18.46 2.3831212846348744 154.16926858274718
2.5253000000000005 1.0 0.0 2.0 1.0 0.0 0.0 1.0 17.07 2.85953097747342 236.30950679031025
0.5808 5.0 3.0 2.0 1.0 0.0 0.0 1.0 126.69 3.427504477934316 414.78633577032497
-5.670500000000001 2.0 2.0 0.0 0.0 0.0 0.0 0.0 70.0 -0.0 7.609640474436813
4.993400000000002 3.0 0.0 10.0 0.0 0.0 0.0 0.0 27.69 6.051884511556186 522.0485007214855
0.49392 4.0 2.0 3.0 1.0 0.0 0.0 1.0 81.42 3.440724730288767 468.49095532938685
2.689700000000001 1.0 1.0 0.0 1.0 0.0 0.0 1.0 20.23 2.993754788259927 228.04484428381988
2.5851000000000006 0.0 0.0 2.0 0.0 0.0 0.0 0.0 0.0 3.3434170589539596 69.33515884998701
1.5956000000000001 2.0 0.0 3.0 0.0 0.0 0.0 0.0 26.3 3.4588233430659896 88.91694057588535
2.791800000000001 1.0 0.0 0.0 0.0 1.0 1.0 1.0 17.07 2.4541174056444697 142.74593736266598
2.1935000000000002 1.0 1.0 0.0 0.0 2.0 2.0 2.0 20.23 2.396254979141823 185.3117986128446
2.5756000000000006 1.0 1.0 0.0 1.0 0.0 0.0 1.0 26.02 3.1716780304409156 222.29788705001033
-2.5734 3.0 1.0 0.0 0.0 0.0 0.0 0.0 83.41999999999999 0.0 53.68367439558379
3.299800000000002 8.0 0.0 23.0 0.0 0.0 0.0 0.0 89.52000000000001 3.293384706434453 353.33382236208155
2.0036199999999997 1.0 0.0 1.0 1.0 0.0 0.0 1.0 9.23 2.881555877646136 176.26405299160075
2.974000000000001 3.0 1.0 5.0 2.0 1.0 1.0 3.0 24.5 1.518890641237498 544.1862306328342
3.0592000000000015 1.0 1.0 1.0 2.0 0.0 0.0 2.0 20.23 2.5360704460016144 392.8790477621569
3.079800000000002 1.0 1.0 2.0 1.0 0.0 0.0 1.0 20.23 3.101788399219177 263.46155198252444
2.303 6.0 0.0 13.0 0.0 0.0 0.0 0.0 55.38000000000001 3.869743691575398 193.45811190640117
2.2634000000000007 1.0 1.0 1.0 0.0 3.0 3.0 3.0 26.02 2.1147334624973744 185.44313396035153
2.567800000000001 1.0 0.0 4.0 0.0 0.0 0.0 0.0 17.07 3.362923864895267 120.68995593589281
-2.0711999999999957 6.0 4.0 11.0 0.0 0.0 0.0 0.0 155.68 4.494378506622938 315.45388105272013
3.1732000000000014 4.0 1.0 4.0 2.0 3.0 3.0 5.0 45.59 1.6870853618182944 760.387301042531
3.1732000000000014 4.0 1.0 4.0 2.0 3.0 3.0 5.0 45.59 1.6870853618182944 760.387301042531
3.4503000000000013 2.0 1.0 12.0 0.0 0.0 0.0 0.0 57.61000000000001 3.337749257772623 253.77524166247372
1.8129 2.0 0.0 3.0 0.0 0.0 0.0 0.0 26.3 3.4037533061532064 110.17373431208331
2.2888 1.0 0.0 2.0 1.0 0.0 0.0 1.0 17.07 2.8717118913324144 259.461083124702
2.687800000000001 1.0 0.0 1.0 0.0 1.0 1.0 1.0 9.23 2.463641081772364 175.31179861284457
1.9857 2.0 0.0 4.0 0.0 0.0 0.0 0.0 26.3 3.4852555681751167 99.43071362054202
1.9042000000000001 2.0 0.0 1.0 0.0 0.0 0.0 0.0 26.3 3.9324159117142328 151.13075145540296
1.9465999999999999 1.0 0.0 4.0 0.0 0.0 0.0 0.0 9.23 2.558780869327957 41.444678358882754
1.7650000000000003 2.0 1.0 5.0 1.0 0.0 0.0 1.0 46.17 2.671669154266394 358.96820513071896
2.9102000000000015 1.0 0.0 1.0 0.0 1.0 1.0 1.0 9.23 2.6614838488310784 160.2557123669929
2.7684000000000006 2.0 1.0 1.0 1.0 0.0 1.0 2.0 49.660000000000004 2.598739650570946 472.5105053380406
2.1282000000000005 2.0 0.0 1.0 0.0 1.0 1.0 1.0 26.3 2.35077903633914 142.49815939454103
2.2482000000000006 2.0 0.0 1.0 1.0 0.0 0.0 1.0 43.14 3.1529414466808685 261.67965837655686
2.1268000000000007 3.0 1.0 7.0 0.0 0.0 0.0 0.0 46.53 3.661036491276099 154.61163365355597
2.4491000000000005 0.0 0.0 0.0 1.0 0.0 0.0 1.0 0.0 3.0214653097240864 134.10736969541455
-27.344799999999996 0.0 0.0 0.0 0.0 0.0 0.0 0.0 0.0 -0.0 12.954618442383216
1.90322 2.0 0.0 1.0 1.0 0.0 0.0 1.0 43.14 3.003400684579818 240.2879489264805
2.349 3.0 0.0 4.0 1.0 0.0 0.0 1.0 35.53 2.970500894861653 369.1300231161991
1.9725 0.0 0.0 0.0 0.0 0.0 0.0 0.0 0.0 3.1431973062780685 38.0
1.8455999999999995 6.0 1.0 4.0 2.0 1.0 1.0 3.0 69.4 1.9944817853320322 623.1289753948723
1.9058 2.0 0.0 4.0 0.0 0.0 0.0 0.0 26.3 3.3124694776007457 127.21928094887362
-1.3420000000000003 15.0 9.0 10.0 2.0 2.0 2.0 4.0 245.28999999999996 1.5091044192508425 1247.7097770858572
2.4411000000000005 1.0 1.0 3.0 0.0 0.0 0.0 0.0 20.23 3.4694655949763176 81.21928094887363
1.9538 3.0 1.0 1.0 1.0 0.0 0.0 1.0 63.37 3.1960696621259204 299.878911724299
2.34 0.0 0.0 0.0 1.0 0.0 0.0 1.0 0.0 3.0214653097240864 134.10736969541455
1.4391 4.0 0.0 1.0 1.0 0.0 1.0 2.0 63.68 2.3877928120100758 445.6278361097199
2.6377000000000006 1.0 1.0 5.0 1.0 0.0 0.0 1.0 20.23 2.2668818143040608 217.8259028288588
4.348200000000002 0.0 0.0 18.0 0.0 0.0 0.0 0.0 0.0 0.0 206.00980444190273
0.5160999999999998 0.0 2.0 3.0 2.0 1.0 1.0 3.0 21.05 1.966360146835211 529.2440326769416
-2.1933999999999996 9.0 7.0 2.0 1.0 0.0 0.0 1.0 241.01999999999992 3.2111110594814817e-07 425.47640072262504
1.3074199999999998 4.0 2.0 4.0 1.0 0.0 0.0 1.0 75.4 2.9603825880309396 338.828993542009
2.4792000000000005 1.0 0.0 2.0 0.0 1.0 1.0 1.0 9.23 2.145525723179687 82.56842503028857
2.0868 2.0 0.0 7.0 0.0 0.0 0.0 0.0 18.46 2.7621442852888047 77.25838096618136
1.3743 4.0 3.0 1.0 2.0 0.0 0.0 2.0 100.62 2.8371062551096036 663.8185193123855
-3.315399999999995 10.0 0.0 5.0 2.0 0.0 1.0 3.0 171.79 2.722498057470174e-06 1368.9019487841615
21.75128000000002 0.0 0.0 3.0 10.0 0.0 3.0 13.0 0.0 1.6406876423107096e-07 2956.2785331037626
10.694459999999992 0.0 0.0 3.0 3.0 1.0 1.0 4.0 0.0 3.938109875842482e-07 727.4516998141877
2.4766000000000004 3.0 2.0 2.0 3.0 0.0 0.0 3.0 83.04999999999998 2.1693040701596638 838.7106499881096
6.011220000000006 0.0 0.0 1.0 3.0 0.0 0.0 3.0 0.0 1.5911538359570982e-07 541.4969901829501
-3.5163 4.0 0.0 0.0 0.0 0.0 0.0 0.0 80.25999999999999 0.0 75.69058447171099
-11.8126 4.0 0.0 0.0 0.0 0.0 0.0 0.0 86.25 -2.6666666238888897e-08 57.41901188909338
2.5740000000000007 1.0 0.0 1.0 1.0 0.0 1.0 2.0 9.23 2.35603984074999 278.33264346788195
2.0042 2.0 2.0 0.0 2.0 0.0 0.0 2.0 52.04 2.9433728520613918 379.8581352532283
2.7277000000000013 1.0 1.0 3.0 0.0 1.0 1.0 1.0 20.23 2.046920975581053 93.04589952780505
-5.172799999999999 6.0 2.0 3.0 0.0 0.0 0.0 0.0 120.72 0.0 138.66127285260657
2.577300000000001 2.0 0.0 8.0 0.0 0.0 0.0 0.0 18.46 2.6909155266923976 56.583072817991095
3.164600000000002 3.0 1.0 3.0 2.0 3.0 3.0 5.0 36.36 1.6692310274474265 693.399591111803
3.1779 0.0 0.0 15.0 0.0 0.0 0.0 0.0 0.0 0.0 186.49559987530682
1.695 4.0 0.0 0.0 0.0 1.0 2.0 2.0 52.60000000000001 2.205513642154446 324.4309631515692
2.439500000000001 1.0 1.0 1.0 0.0 1.0 1.0 1.0 20.23 2.437159260034696 120.04118472439221
2.541900000000001 2.0 0.0 1.0 0.0 0.0 1.0 1.0 26.3 2.935804255759548 238.4748338741608
1.6657 0.0 0.0 0.0 0.0 0.0 0.0 0.0 0.0 3.552734354515761 67.01955000865388
7.469000000000007 0.0 0.0 26.0 0.0 0.0 0.0 0.0 0.0 0.0 298.79328213174443
2.2646000000000006 3.0 0.0 5.0 1.0 0.0 0.0 1.0 35.53 2.1506208306773735 292.9953583850857
-0.41260000000000013 4.0 2.0 1.0 0.0 1.0 2.0 2.0 83.63 2.366773633426572 352.49555461166614
0.79952 2.0 2.0 1.0 1.0 0.0 0.0 1.0 63.32000000000001 3.1960696621259195 294.1435742307893
1.8345999999999996 1.0 1.0 0.0 1.0 0.0 1.0 2.0 29.1 2.506684146048105 321.868138753129
2.944980000000001 1.0 0.0 3.0 1.0 0.0 0.0 1.0 23.79 2.8080878040266035 320.72775522887986
2.2291999999999996 4.0 0.0 8.0 0.0 0.0 0.0 0.0 52.60000000000001 3.6282159297250254 209.17325948008235
-0.8083999999999993 6.0 4.0 7.0 0.0 0.0 0.0 0.0 126.64000000000001 3.4681793958511196 192.00818512452062
2.375800000000001 2.0 0.0 5.0 0.0 0.0 0.0 0.0 26.3 3.6518743910902702 110.13036060964235
2.1166 0.0 0.0 0.0 0.0 0.0 1.0 1.0 0.0 2.2551447208210704 45.05865002596162
-0.3179000000000005 4.0 2.0 2.0 2.0 0.0 0.0 2.0 75.09 2.845819720080696 597.3743696543061
3.052500000000002 2.0 0.0 6.0 0.0 1.0 1.0 1.0 26.3 1.9095004791097159 154.16926858274718
-2.5734 3.0 1.0 0.0 0.0 0.0 0.0 0.0 83.41999999999999 0.0 53.68367439558379
1.9725 0.0 0.0 2.0 0.0 0.0 0.0 0.0 0.0 2.4017152226171965 21.219280948873624
2.6182000000000007 2.0 0.0 8.0 0.0 1.0 1.0 1.0 21.759999999999998 1.9321089904901791 121.2586863990795
0.15639999999999987 4.0 0.0 0.0 0.0 3.0 3.0 3.0 44.760000000000005 2.386531362434843 105.7353374935096
2.9235000000000015 3.0 1.0 3.0 2.0 0.0 0.0 2.0 38.05 2.1730616619523 470.84173112078275
5.552800000000006 3.0 1.0 14.0 0.0 0.0 0.0 0.0 55.760000000000005 4.075382024599752 259.45054151357976
2.504800000000004 18.0 6.0 16.0 8.0 0.0 0.0 8.0 263.92 3.600704434323297e-06 2852.449195764738
0.8791999999999991 2.0 1.0 11.0 0.0 0.0 0.0 0.0 67.77000000000001 2.8946809694676436 148.55754552798547
2.8476000000000017 1.0 0.0 2.0 0.0 1.0 1.0 1.0 9.23 2.2256268733856754 107.44040467374957
0.8621999999999999 6.0 0.0 3.0 0.0 2.0 2.0 2.0 24.94 1.5986594573645954 143.42026896072971
2.8664000000000005 0.0 0.0 0.0 1.0 0.0 0.0 1.0 0.0 3.3105328747224068 236.16499587006643
0.5838999999999999 5.0 0.0 1.0 0.0 2.0 2.0 2.0 24.94 1.7428120998332126 216.1578838997696
4.094200000000003 2.0 0.0 5.0 2.0 1.0 1.0 3.0 23.550000000000004 1.6393646763941052 633.4030250336976
3.306540000000002 1.0 1.0 0.0 1.0 0.0 0.0 1.0 20.23 3.371806865788218 318.63174096903674
2.5339099999999997 1.0 2.0 0.0 2.0 0.0 0.0 2.0 31.58 3.0120243300765863 438.5339385330082
-0.7275000000000229 17.0 3.0 59.0 0.0 0.0 0.0 0.0 348.08 -8.983979309985898e-08 1639.7912680381157
3.7161000000000026 1.0 0.0 9.0 0.0 0.0 0.0 0.0 17.07 2.76676462623148 89.00490222095137
4.012200000000001 0.0 0.0 0.0 1.0 0.0 0.0 1.0 0.0 3.138261335720987 293.1932294735393
3.5317000000000025 4.0 2.0 8.0 2.0 0.0 0.0 2.0 58.92 2.0879188079851523 585.1011963988179
2.1798 0.0 0.0 1.0 0.0 0.0 0.0 0.0 0.0 2.5395388613593908 17.609640474436812
2.4283 2.0 0.0 4.0 1.0 0.0 0.0 1.0 26.3 2.345166078016039 277.63302033025855
3.245100000000002 3.0 2.0 0.0 0.0 3.0 4.0 4.0 57.53 1.6689562339450883 683.1212389503909
2.6484200000000007 0.0 0.0 0.0 1.0 0.0 0.0 1.0 0.0 3.0324555320336755 143.24662946459569
2.3846000000000007 0.0 0.0 1.0 0.0 1.0 2.0 2.0 0.0 2.1861434650976657 155.42124551085624
3.364200000000002 2.0 2.0 6.0 0.0 0.0 0.0 0.0 40.46 4.419430590928232 261.9541587634575
0.11030000000000006 0.0 0.0 0.0 0.0 0.0 0.0 0.0 0.0 0.0 2.0
-2.8271 4.0 0.0 0.0 0.0 0.0 0.0 0.0 86.25 0.0 53.68367439558379
1.6838 4.0 2.0 2.0 2.0 0.0 0.0 2.0 86.18 2.578165751302208 599.5601341830188
2.852100000000001 2.0 0.0 2.0 0.0 0.0 1.0 1.0 26.3 3.012080570463277 295.44359014413885
5.4264000000000046 1.0 1.0 14.0 0.0 0.0 0.0 0.0 26.02 2.846262262649495 108.69358616951132
6.206600000000005 1.0 1.0 16.0 0.0 0.0 0.0 0.0 26.02 2.8766966445353965 128.62570933197804
1.33816 4.0 0.0 1.0 1.0 0.0 0.0 1.0 90.72 3.4929393077038924 439.6828531951769
0.9285999999999999 3.0 1.0 2.0 2.0 0.0 0.0 2.0 54.86 2.845819720080696 600.1292571564695
3.6582000000000026 1.0 0.0 4.0 0.0 0.0 1.0 1.0 17.07 2.5548931602878104 258.40912820819807
5.930400000000007 8.0 0.0 26.0 0.0 0.0 0.0 0.0 89.52000000000001 0.0 504.37092771183165
1.470720000000005 15.0 0.0 8.0 7.0 0.0 0.0 7.0 241.42000000000002 2.908982094568958e-07 2668.557056009951
3.568100000000003 2.0 0.0 3.0 0.0 1.0 1.0 1.0 26.3 3.0108464539911575 279.8572023351798
-4.040299999999997 2.0 2.0 4.0 0.0 0.0 0.0 0.0 66.33000000000001 0.0 166.7893110651069
2.9016 2.0 0.0 1.0 1.0 0.0 0.0 1.0 43.14 3.1860125339283023 280.3837992264624
2.2489 1.0 1.0 0.0 0.0 1.0 1.0 1.0 0.0 2.1229179499593664 46.14170945007629
-0.38560000000000005 0.0 0.0 0.0 0.0 0.0 0.0 0.0 0.0 -0.0 2.7548875021634682
-1.2961599999999969 1.0 3.0 3.0 1.0 1.0 1.0 2.0 50.15 1.9395732816877347 404.7973225322404
-12.547300000000002 5.0 1.0 0.0 0.0 0.0 0.0 0.0 123.55000000000001 -1.7142857061224492e-08 73.82818531582761
1.0489000000000004 3.0 1.0 1.0 1.0 0.0 0.0 1.0 60.160000000000004 3.206829974335955 328.78171985724845
1.5594 2.0 1.0 3.0 1.0 0.0 0.0 1.0 40.540000000000006 2.9904886201096663 334.9460875329805
-3.0064 5.0 0.0 0.0 0.0 0.0 0.0 0.0 116.25 -2.6666666238888897e-08 56.564258916820044
2.686000000000001 2.0 0.0 7.0 0.0 0.0 0.0 0.0 26.3 3.134308384476619 129.80026905978025
3.9051000000000027 1.0 1.0 6.0 1.0 0.0 0.0 1.0 20.23 2.150399394372396 237.91740500498238
4.443100000000004 2.0 1.0 11.0 1.0 0.0 0.0 1.0 46.53 2.1304990583726178 370.32643576295067
-10.512700000000002 14.0 2.0 10.0 0.0 0.0 0.0 0.0 281.23999999999995 -1.1999999757656255e-07 520.6497731257494
6.860290000000005 5.0 1.0 11.0 1.0 0.0 0.0 1.0 28.68 2.0959173405219866 411.3064442998496
3.5519000000000025 1.0 1.0 3.0 0.0 0.0 1.0 1.0 20.23 2.622623104009031 271.0632877427205
-5.587599999999998 4.0 4.0 2.0 0.0 0.0 0.0 0.0 101.37 -2.449999819750014e-07 93.81700155456724
4.8807000000000045 2.0 2.0 6.0 2.0 0.0 0.0 2.0 40.46 2.4872231301108734 665.1165830258541
1.1563999999999999 3.0 1.0 3.0 0.0 1.0 1.0 1.0 38.69 2.4092366442153765 146.70907409602114
3.1693999999999996 0.0 0.0 0.0 0.0 0.0 0.0 0.0 0.0 4.4312936752559775 62.745068384204075
7.93760000000001 1.0 0.0 18.0 0.0 0.0 0.0 0.0 3.24 3.8724476734506537 214.02724232441648
3.7631000000000023 2.0 1.0 4.0 2.0 1.0 1.0 3.0 15.27 1.4742925395564854 451.95613596315246
3.8423000000000025 1.0 1.0 5.0 2.0 0.0 0.0 2.0 37.3 2.646827326720738 497.69009575878505
4.370100000000003 3.0 0.0 0.0 0.0 3.0 5.0 5.0 43.370000000000005 1.534690869394722 718.783976814856
-2.798099999999991 6.0 1.0 20.0 0.0 0.0 0.0 0.0 126.42999999999998 -4.204994776019247e-06 599.2284600723262
3.2767000000000017 2.0 0.0 6.0 0.0 0.0 0.0 0.0 26.3 5.0785381872509685 363.231108928595
2.677500000000001 1.0 1.0 4.0 0.0 0.0 0.0 0.0 37.3 3.2190828378474237 122.01464778770251
3.6464000000000025 2.0 0.0 5.0 2.0 0.0 0.0 2.0 18.46 2.1473514099274564 423.9550765165602
10.609999999999992 6.0 0.0 26.0 0.0 0.0 0.0 0.0 71.06 3.281560216448919 426.3554706927566
0.6457 1.0 0.0 0.0 0.0 0.0 0.0 0.0 0.0 2.0 2.0
2.3846000000000007 0.0 0.0 0.0 0.0 1.0 3.0 3.0 0.0 2.0389644079043743 212.07820003461552
4.2081000000000035 1.0 0.0 8.0 0.0 0.0 0.0 0.0 17.07 3.274850967739586 149.3145526248955
2.8968000000000016 0.0 0.0 0.0 0.0 0.0 1.0 1.0 0.0 2.172380198442006 62.10749561002055
2.0608 4.0 0.0 0.0 0.0 0.0 0.0 0.0 6.48 3.6934830872422997 158.38689879982147
2.7874000000000008 2.0 0.0 5.0 0.0 0.0 0.0 0.0 18.46 4.352707462790323 119.69694286392863
7.777400000000011 12.0 0.0 11.0 0.0 4.0 4.0 4.0 118.16 1.718310904107664 1409.3868265714918
-2.812899999999998 2.0 2.0 1.0 0.0 1.0 1.0 1.0 49.33 0.0 117.14991061829625
3.6038000000000023 8.0 1.0 9.0 2.0 0.0 2.0 4.0 111.24 1.6060455503860667 1329.4757671403588
3.076100000000002 2.0 0.0 5.0 0.0 1.0 1.0 1.0 26.3 2.057173990050199 180.7607506568605
0.6089999999999994 10.0 3.0 7.0 2.0 0.0 0.0 2.0 161.5 2.235188890088708 980.7366749620387
-2.8278000000000003 3.0 0.0 0.0 0.0 0.0 0.0 0.0 63.19 0.0 29.87430298092722
3.0586400000000014 2.0 2.0 2.0 2.0 0.0 0.0 2.0 52.04 2.2491822930475696 495.1132378198908
3.563200000000003 1.0 1.0 9.0 0.0 0.0 0.0 0.0 15.27 3.883696473938532 163.31552917502205
5.008800000000004 1.0 1.0 12.0 0.0 0.0 0.0 0.0 12.03 3.6146835764435066 128.46060490376732
3.7486000000000015 2.0 2.0 2.0 2.0 0.0 0.0 2.0 52.04 2.24918229304757 503.61088041818437
3.942000000000003 1.0 1.0 3.0 0.0 0.0 1.0 1.0 20.23 2.7440737503413293 305.39664106587225
5.401400000000006 1.0 1.0 6.0 0.0 0.0 0.0 0.0 37.3 4.359263596918719 281.69107274677424
2.282 3.0 3.0 3.0 2.0 0.0 0.0 2.0 84.22 2.0099161261935516 743.9907696611731
3.7774000000000028 7.0 0.0 6.0 3.0 1.0 2.0 5.0 93.96999999999997 1.4984720169334529 1296.9482506812487
2.0008999999999997 3.0 1.0 1.0 2.0 0.0 1.0 3.0 52.9 2.463337201674797 848.9923892962039
2.5866000000000007 0.0 0.0 3.0 0.0 0.0 0.0 0.0 0.0 2.3390923149762908 12.0
-0.6824399999999993 4.0 4.0 7.0 0.0 0.0 0.0 0.0 148.39999999999998 3.4261474346331675 323.05441917228063
3.6307000000000027 2.0 0.0 6.0 0.0 0.0 0.0 0.0 26.3 4.2470064927593185 249.26156771512086
-3.38926 18.0 0.0 8.0 8.0 0.0 0.0 8.0 291.72 3.202941062069641e-07 3033.8152986755968
7.607500000000009 4.0 0.0 22.0 0.0 0.0 0.0 0.0 66.43 0.0 460.9375612283852
3.8881000000000023 2.0 1.0 1.0 2.0 0.0 1.0 3.0 21.259999999999998 2.244315824694871 586.9806206112092
6.362500000000008 1.0 1.0 13.0 0.0 0.0 0.0 0.0 20.23 3.560874648442294 254.56402909743406
5.402790000000005 5.0 1.0 9.0 3.0 0.0 0.0 3.0 83.91 7.394251040034812e-07 1014.2387094481334
4.564300000000004 2.0 0.0 2.0 1.0 1.0 3.0 4.0 26.3 1.8050107736496348 670.2848592810764
4.2043000000000035 2.0 1.0 1.0 0.0 2.0 4.0 4.0 29.46 1.6061283658201322 503.6957430801709
4.1334000000000035 3.0 0.0 4.0 1.0 1.0 2.0 3.0 43.370000000000005 1.898753623524068 653.4644011582036
-2.4495000000000005 3.0 0.0 0.0 0.0 0.0 0.0 0.0 63.19 0.0 29.87430298092722
3.6721000000000013 4.0 1.0 2.0 2.0 0.0 1.0 3.0 67.75999999999999 2.227574568188736 864.6642015701933
4.412500000000004 2.0 0.0 1.0 0.0 2.0 4.0 4.0 26.3 1.6202178300019114 541.7696078462164
4.583400000000003 1.0 1.0 2.0 3.0 0.0 0.0 3.0 12.03 2.063095014249582 623.8561251510306
2.700400000000001 4.0 0.0 5.0 2.0 0.0 0.0 2.0 52.6 1.7195651335450064 510.0454481461554
-0.1213 1.0 0.0 0.0 0.0 0.0 0.0 0.0 17.07 2.0 2.0
3.710600000000002 2.0 0.0 2.0 0.0 1.0 2.0 2.0 26.3 2.4182563202692435 346.8309825721512
4.092800000000003 3.0 1.0 3.0 1.0 0.0 0.0 1.0 46.53 3.305743739619247 481.2405807774143
3.4312000000000022 4.0 0.0 2.0 0.0 2.0 4.0 4.0 36.92 1.2671416390069912 396.776190742972
4.643100000000005 1.0 1.0 6.0 1.0 0.0 0.0 1.0 20.23 2.420000187399063 314.80199295176607
4.802600000000004 2.0 0.0 2.0 0.0 2.0 4.0 4.0 26.3 1.6254207288493987 556.0545526897456
11.14679999999999 6.0 0.0 27.0 1.0 0.0 0.0 1.0 78.90000000000002 2.6631125379590603 935.4589706384486
-3.5314000000000005 3.0 0.0 0.0 0.0 0.0 0.0 0.0 90.0 -0.0 8.75488750216347
0.7571000000000002 4.0 0.0 0.0 0.0 0.0 0.0 0.0 6.48 -1.4285714124489798e-07 142.7132413834305
6.014500000000006 1.0 0.0 12.0 0.0 0.0 0.0 0.0 17.07 3.4209675307731207 219.73017276408203
-0.1213 1.0 0.0 0.0 0.0 0.0 0.0 0.0 17.07 2.0 2.0
2.987400000000009 19.0 0.0 19.0 0.0 2.0 2.0 2.0 238.08999999999995 3.0157188177781666 1501.3873303368514
-0.0025 0.0 0.0 0.0 0.0 0.0 0.0 0.0 0.0 0.0 0.0
-8.988 0.0 0.0 0.0 0.0 0.0 0.0 0.0 0.0 -0.0 3.2451124978365313
3.1423000000000014 2.0 0.0 4.0 2.0 0.0 0.0 2.0 34.14 2.079926562733872 465.63278782854474
2.4479000000000006 5.0 1.0 3.0 1.0 0.0 1.0 2.0 84.6 2.2582696944554876 629.7755421059603
-0.1213 1.0 0.0 0.0 0.0 0.0 0.0 0.0 17.07 2.0 2.0
-10.0288 21.0 0.0 6.0 0.0 0.0 0.0 0.0 406.83000000000004 -5.236363598132233e-08 559.1162775548689
13.336999999999975 2.0 0.0 30.0 0.0 0.0 0.0 0.0 0.0 4.104982757907561 351.7595056969203
18.83739999999998 4.0 0.0 51.0 0.0 0.0 0.0 0.0 52.60000000000001 3.2227674279493295 716.9989726005717
4.575300000000004 4.0 0.0 2.0 0.0 3.0 4.0 4.0 60.440000000000005 1.7456809340677022 807.422789321647
6.7845000000000075 4.0 0.0 14.0 0.0 0.0 0.0 0.0 6.48 4.308655951425966 302.3157938665979
3.168700000000002 8.0 0.0 6.0 3.0 0.0 1.0 4.0 116.79999999999998 1.7900501661502548 1184.3801531008792
7.216200000000008 2.0 0.0 21.0 0.0 0.0 0.0 0.0 12.47 2.96116322458486 230.13267978967235
-0.0025 0.0 0.0 0.0 0.0 0.0 0.0 0.0 0.0 0.0 0.0
2.337400000000001 4.0 2.0 3.0 2.0 0.0 0.0 2.0 66.76 2.437975300422153 590.0979048590729
5.146400000000004 4.0 2.0 4.0 2.0 2.0 2.0 4.0 98.82 1.2970857468393606 980.0937701149719
5.377220000000005 2.0 0.0 4.0 3.0 0.0 0.0 3.0 17.07 1.751565866875736 759.0673267609872
7.937600000000008 3.0 0.0 6.0 0.0 0.0 0.0 0.0 0.0 4.61889379369208 286.3355902192329
-0.4807000000000001 6.0 0.0 0.0 0.0 0.0 0.0 0.0 132.4 -7.199999951999999e-08 69.05865002596163
2.796800000000001 4.0 0.0 6.0 0.0 0.0 0.0 0.0 80.25999999999999 -3.723076836639056e-07 372.392540428956
3.208400000000001 0.0 0.0 12.0 0.0 0.0 0.0 0.0 0.0 0.0 121.66617507355792
-1.7017 3.0 3.0 2.0 0.0 0.0 0.0 0.0 66.48 2.7541847860376616 27.97416845103709
-0.6577999999999999 2.0 2.0 0.0 0.0 0.0 0.0 0.0 74.6 -7.999999835000003e-08 92.8582023226588
-9.293299999999999 0.0 0.0 0.0 0.0 0.0 0.0 0.0 126.0 -0.0 9.65148445440323
-2.3391999999999995 4.0 4.0 3.0 0.0 0.0 0.0 0.0 86.71000000000001 3.5832125652604643 54.039100017307746
-3.064999999999997 0.0 1.0 3.0 0.0 0.0 0.0 0.0 4.44 0.0 30.0
-2.4970999999999965 7.0 3.0 7.0 0.0 0.0 0.0 0.0 127.12000000000002 0.0 250.02770947342447
1.3189000000000013 7.0 0.0 19.0 2.0 0.0 0.0 2.0 123.63 7.219990163714368e-06 1170.1840906561245
-1.3800000000000008 6.0 2.0 5.0 0.0 0.0 0.0 0.0 153.26 -4.0499994510000764e-07 127.01955000865388
-1.145199999999993 12.0 6.0 29.0 0.0 0.0 0.0 0.0 176.76 5.8671800185182805 393.9011410476741
-0.27398000000000006 4.0 1.0 0.0 2.0 0.0 0.0 2.0 63.05 3.0243071363836074 441.02416352868136
-8.885000000000005 16.0 5.0 8.0 2.0 1.0 1.0 3.0 284.79 2.7224977435925514e-06 1115.6693278120629
-8.845800000000002 4.0 2.0 3.0 0.0 0.0 0.0 0.0 142.11 -7.199998788750212e-07 279.45070659275336
1.5246000000000002 4.0 0.0 10.0 0.0 0.0 0.0 0.0 80.25999999999999 -2.945454481041324e-07 230.6615312216908
-8.462899999999998 8.0 6.0 6.0 0.0 0.0 0.0 0.0 161.51 0.0 212.5635067656378
-9.156500000000001 5.0 0.0 4.0 0.0 0.0 0.0 0.0 97.32999999999998 -4.0499995331250553e-07 178.67739285527477
2.0246 2.0 2.0 9.0 0.0 0.0 0.0 0.0 52.04 2.72724281291869 64.2388309575275
-4.214599999999993 5.0 4.0 11.0 0.0 0.0 0.0 0.0 149.20000000000002 -1.6384615005516706e-07 440.1127002142446
-9.398300000000003 5.0 1.0 4.0 0.0 0.0 0.0 0.0 106.28 -4.0499995185000584e-07 152.38364613672863
0.09769999999999901 4.0 0.0 2.0 2.0 0.0 0.0 2.0 80.25999999999999 3.239999954910001e-07 461.9838779379885
0.4051 1.0 0.0 0.0 0.0 1.0 1.0 1.0 12.53 2.171098317873574 22.464393446710154
1.0628 2.0 1.0 6.0 0.0 0.0 0.0 0.0 38.33 3.0128585388016296 123.26046567326584
-2.996 0.0 0.0 0.0 0.0 0.0 0.0 0.0 0.0 0.0 0.0
-0.17199999999999727 4.0 1.0 17.0 0.0 0.0 0.0 0.0 80.66999999999999 0.0 295.39388572785725
1.2362000000000004 3.0 0.0 17.0 0.0 0.0 0.0 0.0 60.440000000000005 0.0 372.2676904772986
-1.5243 3.0 3.0 3.0 0.0 0.0 0.0 0.0 69.56 3.2754791212791776 92.20389705368828
-6.791600000000001 8.0 0.0 0.0 0.0 0.0 0.0 0.0 172.5 -2.6666666506250002e-08 129.69862761618444
0.15769999999999995 2.0 1.0 1.0 0.0 1.0 1.0 1.0 29.46 2.1399633186493645 48.041843979966416
-0.8306 4.0 4.0 3.0 0.0 0.0 0.0 0.0 124.29000000000002 0.0 222.0698564323221
-1.7622999999999984 3.0 0.0 2.0 1.0 0.0 0.0 1.0 57.199999999999996 1.4399996634000815e-06 380.35509562835625
0.5545 2.0 0.0 2.0 0.0 0.0 0.0 0.0 34.14 3.318019590380522 82.25327665163482
-0.2775000000000001 4.0 0.0 2.0 0.0 0.0 0.0 0.0 52.60000000000001 3.4713176263221484 104.12640240679957
-3.6393999999999957 8.0 8.0 10.0 0.0 0.0 0.0 0.0 264.26 -1.1999999757656255e-07 520.6497731257494
-8.462899999999998 8.0 6.0 6.0 0.0 0.0 0.0 0.0 161.51 0.0 212.5635067656378
0.0443699999999998 1.0 1.0 0.0 0.0 0.0 0.0 0.0 30.330000000000005 3.65123357893369 75.67457204070746
-1.1874 5.0 3.0 4.0 0.0 0.0 0.0 0.0 66.75999999999999 3.2581847008164337 105.82107314610522
-0.979199999999999 5.0 2.0 10.0 0.0 0.0 0.0 0.0 68.15 2.7581498184332935 78.60357147141794
0.38730000000000003 2.0 2.0 4.0 0.0 0.0 0.0 0.0 40.46 2.9196126414385533 39.79319390447952
-1.3484999999999996 4.0 4.0 4.0 0.0 0.0 0.0 0.0 89.79 0.0 78.65146841070388
-0.3915 1.0 1.0 0.0 0.0 0.0 0.0 0.0 20.23 1.0 2.0
-1.6437999999999988 5.0 4.0 6.0 0.0 0.0 0.0 0.0 101.23 0.0 112.6353837961348
0.19500000000000006 2.0 0.0 0.0 0.0 1.0 1.0 1.0 34.14 2.762020467830416 133.07272996525947
0.09800000000000003 3.0 1.0 3.0 0.0 0.0 0.0 0.0 46.53 3.3940489484742136 117.47138037474598
1.0667999999999997 3.0 3.0 3.0 1.0 0.0 0.0 1.0 52.489999999999995 1.4399996060001125e-06 255.124946944894
0.7938000000000001 2.0 1.0 3.0 0.0 0.0 0.0 0.0 29.46 3.3733815525636603 59.548875021634686
6.779900000000007 8.0 0.0 16.0 0.0 0.0 0.0 0.0 36.92 -4.114285586632658e-07 342.61656266226015
0.16000000000000236 6.0 1.0 3.0 3.0 0.0 1.0 4.0 98.66 2.249997698252414e-06 1250.0503155728086
1.9028999999999998 4.0 0.0 10.0 0.0 0.0 0.0 0.0 80.25999999999999 -2.945454481041324e-07 230.6615312216908
0.3919999999999999 4.0 0.0 6.0 0.0 0.0 0.0 0.0 18.46 0.0 176.18009270430096
3.3541000000000016 2.0 2.0 12.0 0.0 0.0 0.0 0.0 66.4 3.2342815791193553 251.77524166247375
2.821600000000001 1.0 1.0 7.0 0.0 0.0 0.0 0.0 37.3 2.8497612822334424 99.73585546369786
2.2436 2.0 2.0 1.0 2.0 0.0 0.0 2.0 57.53 2.6724156651223945 502.858845345137
-0.012299999999999998 1.0 0.0 1.0 0.0 0.0 0.0 0.0 0.0 2.9339686496662654 51.91340299823497
3.627100000000003 0.0 0.0 1.0 1.0 0.0 0.0 1.0 0.0 2.99883701071891 259.0849389236156
2.6824400000000006 1.0 0.0 1.0 1.0 0.0 0.0 1.0 17.07 3.1860125339283023 271.3642492178085
-2.8056000000000005 5.0 0.0 0.0 0.0 0.0 0.0 0.0 123.19 -7.4999999375e-09 33.409909534217064
4.008600000000002 2.0 0.0 2.0 3.0 0.0 0.0 3.0 26.03 1.9942089545708057 545.1315320464445
-0.2401 2.0 0.0 0.0 0.0 0.0 0.0 0.0 34.14 3.2659863237109046 23.774437510817343
-0.9215000000000002 3.0 3.0 3.0 0.0 0.0 0.0 0.0 66.48 3.5832125652604643 53.18434704503441
0.5006000000000002 7.0 2.0 2.0 2.0 0.0 0.0 2.0 143.75 2.933333310683333e-07 560.944310992934
-1.218599999999999 0.0 2.0 0.0 0.0 1.0 1.0 1.0 55.28 2.2794002709583667 62.92878689342031
-3.7194999999999996 2.0 1.0 1.0 0.0 0.0 0.0 0.0 23.06 0.0 11.609640474436812
-2.6318999999999972 9.0 0.0 6.0 1.0 3.0 3.0 4.0 103.59 1.8082493753899793 604.5390164761754
1.577 4.0 1.0 6.0 1.0 0.0 0.0 1.0 29.950000000000003 3.1300208753763616 382.84686810949546
-3.2952000000000004 1.0 1.0 0.0 0.0 0.0 0.0 0.0 37.3 0.0 13.509775004326936
-0.8111999999999999 4.0 2.0 7.0 0.0 0.0 0.0 0.0 93.06 3.0073056362946593 136.11730005192322
0.2826 2.0 1.0 3.0 0.0 0.0 0.0 0.0 38.33 3.3940489484742136 120.22626787690945
-24.338099999999972 13.0 0.0 16.0 0.0 0.0 0.0 0.0 210.37 -3.379999026365288e-07 501.2696222349507
2.6853000000000007 2.0 2.0 4.0 0.0 1.0 1.0 1.0 24.06 2.4428950197674557 180.71263381833467
-3.1683999999999997 8.0 7.0 4.0 0.0 0.0 0.0 0.0 227.45999999999998 -2.116300338144638e-07 274.5700807782033
-7.365700000000002 17.0 4.0 8.0 4.0 0.0 0.0 4.0 328.15999999999997 3.526663916678155e-06 2174.1305338304073
-9.4376 5.0 0.0 2.0 0.0 0.0 0.0 0.0 89.49000000000001 -1.7999999002500054e-07 89.13111721021241
1.2745 2.0 1.0 0.0 0.0 0.0 0.0 0.0 29.46 3.1684898726705697 35.30296890880646
-2.5025999999999975 10.0 1.0 5.0 1.0 0.0 2.0 3.0 174.47 3.413328363207461e-06 1191.2140548020905
-5.428899999999997 6.0 0.0 0.0 0.0 0.0 0.0 0.0 321.4 -4.675324661157025e-09 71.62290894278165
-5.168999999999996 5.0 6.0 4.0 0.0 0.0 0.0 0.0 150.03 -2.089999937300002e-07 124.57391295560589
-0.2727999999999981 6.0 4.0 13.0 0.0 0.0 0.0 0.0 121.54 4.378610288305927 354.48549866309236
0.3909000000000001 2.0 2.0 2.0 0.0 0.0 0.0 0.0 37.3 2.8312571099313644 52.75488750216347
-4.404499999999998 4.0 2.0 2.0 0.0 0.0 0.0 0.0 72.55 -2.449999819750014e-07 92.5718890567307
-0.06969999999999993 3.0 1.0 0.0 0.0 1.0 1.0 1.0 46.53 2.7330923026721177 139.23839910900196
1.089740000000003 16.0 2.0 8.0 6.0 0.0 0.0 6.0 297.64 2.899999891818969e-07 2484.42291590392
-0.5112999999999988 4.0 1.0 8.0 0.0 0.0 0.0 0.0 35.94 3.0634587717725403 109.7878239945218
-0.57382 2.0 1.0 0.0 0.0 0.0 0.0 0.0 49.81 2.475534205527556 24.264662506490403
-1.0296999999999998 2.0 2.0 2.0 0.0 1.0 1.0 1.0 58.36 2.309791814716797 114.77073485399345
-12.34420000000002 24.0 2.0 16.0 3.0 0.0 1.0 4.0 407.73999999999995 8.702490532815663e-06 2878.0092204595257
3.0764000000000022 2.0 0.0 11.0 2.0 0.0 0.0 2.0 18.46 4.804990568269088e-06 749.0559431822328
-1.1355999999999997 4.0 4.0 6.0 0.0 0.0 0.0 0.0 89.79 3.9888789246223633 181.65076769132014
0.6336000000000044 6.0 0.0 12.0 0.0 1.0 1.0 1.0 19.440000000000005 2.4112643666582994 254.3352357018956
-1.2463000000000002 2.0 0.0 0.0 0.0 0.0 0.0 0.0 40.129999999999995 0.0 30.629190483090685
-16.967800000000004 54.0 26.0 33.0 0.0 7.0 7.0 7.0 1017.8400000000008 5.635566244671732e-07 4303.273451852212
-0.5691999999999999 4.0 3.0 6.0 0.0 0.0 0.0 0.0 63.93000000000001 3.8742731312899434 102.25378417812814
-3.3561999999999976 3.0 3.0 5.0 0.0 0.0 0.0 0.0 89.34 -4.0499994723750714e-07 115.72120767599534
-3.383599999999997 4.0 1.0 4.0 0.0 0.0 0.0 0.0 86.29999999999998 0.0 309.6514844544032
-0.24470000000000008 4.0 2.0 0.0 0.0 1.0 1.0 1.0 58.92 2.5752262554957452 104.12640240679957
-2.7377999999999965 6.0 6.0 13.0 0.0 0.0 0.0 0.0 100.16 2.828262412638549 107.87688186441234
1.8369 3.0 2.0 5.0 0.0 1.0 1.0 1.0 27.299999999999997 2.329853601948085 217.62182137902207
-3.1237000000000004 4.0 4.0 0.0 0.0 0.0 0.0 0.0 161.18 -1.0666666581111113e-07 124.40154658752398
-2.307299999999996 7.0 0.0 8.0 0.0 0.0 0.0 0.0 109.80000000000001 0.0 430.8868957939798
-0.7500999999999969 7.0 0.0 10.0 0.0 0.0 0.0 0.0 109.80000000000001 0.0 516.5762723476628
-1.3163999999999985 4.0 0.0 7.0 0.0 0.0 0.0 0.0 66.43 0.0 215.38116894342198
-3.8496999999999995 2.0 0.0 1.0 0.0 0.0 0.0 0.0 40.129999999999995 0.0 44.057856410969926
-1.2565999999999955 23.0 4.0 15.0 6.0 0.0 1.0 7.0 393.06999999999994 3.6506588173946666e-06 3618.583722440825
2.7305200000000003 4.0 3.0 2.0 1.0 1.0 1.0 2.0 106.41 2.3087120731231932e-07 611.2305798765855
-4.073699999999999 2.0 0.0 1.0 0.0 0.0 0.0 0.0 40.129999999999995 0.0 59.813537528125096
-0.49190000000000017 2.0 1.0 2.0 0.0 0.0 0.0 0.0 50.230000000000004 0.0 48.88058452123625
1.146400000000001 13.0 2.0 9.0 6.0 0.0 0.0 6.0 230.23999999999998 2.9159947769946668e-06 2678.1809657175813
1.3462999999999998 2.0 2.0 5.0 0.0 0.0 0.0 0.0 52.04 3.636286368364619 99.73585546369786
-1.1722999999999988 4.0 0.0 8.0 0.0 0.0 0.0 0.0 66.43 0.0 203.38681888742906
7.036840000000007 4.0 3.0 7.0 2.0 0.0 1.0 3.0 73.72 1.0016125800884306e-06 1108.619239113004
3.2128000000000014 5.0 1.0 15.0 0.0 0.0 0.0 0.0 95.53 0.0 447.50658783763765
0.244 4.0 0.0 11.0 0.0 0.0 0.0 0.0 66.43 0.0 267.2509756525336
-12.04410000000002 29.0 5.0 18.0 6.0 0.0 0.0 6.0 522.6800000000001 5.9289920774810235e-06 4009.5476675283403
-13.09720000000002 29.0 4.0 16.0 6.0 0.0 2.0 8.0 516.69 4.40054870144048e-06 4401.729736023965
0.38809999999999967 4.0 0.0 12.0 0.0 0.0 0.0 0.0 66.43 0.0 254.80302513413508
-0.39209999999999967 4.0 0.0 10.0 0.0 0.0 0.0 0.0 66.43 0.0 228.9735285398626
-10.408500000000007 10.0 0.0 11.0 0.0 0.0 0.0 0.0 167.0 -1.8049992523503188e-06 327.12281476499334
3.8322000000000025 6.0 4.0 23.0 0.0 0.0 0.0 0.0 121.54 0.0 487.79848796392514
-0.9367000000000001 2.0 2.0 1.0 0.0 0.0 0.0 0.0 57.53 2.847378923087672 40.1577218810798
-4.127329999999999 1.0 3.0 0.0 0.0 0.0 0.0 0.0 91.49 -3.1999997310000237e-07 141.417843933085
-0.14085999999999999 4.0 0.0 3.0 0.0 0.0 0.0 0.0 74.61 3.6823564491504928 163.21928094887363
1.2362000000000004 3.0 0.0 17.0 0.0 0.0 0.0 0.0 60.440000000000005 0.0 372.2676904772986
0.9579 2.0 0.0 1.0 0.0 0.0 0.0 0.0 26.3 3.126006652390634 66.48040587771368
0.6688000000000001 4.0 0.0 4.0 0.0 0.0 0.0 0.0 52.6 3.467235170058121 175.23454122869498
4.915540000000004 3.0 1.0 4.0 2.0 0.0 0.0 2.0 18.46 2.1799394443598064 576.8479587106418
3.0662000000000016 3.0 1.0 10.0 0.0 1.0 1.0 1.0 32.7 2.2418389456077294 202.92561397546916
-4.244999999999997 4.0 1.0 3.0 0.0 0.0 0.0 0.0 69.22999999999999 0.0 143.1368500605771
-21.3553 0.0 0.0 0.0 0.0 0.0 0.0 0.0 0.0 -0.0 8.877840558577583
-5.049599999999993 13.0 2.0 8.0 3.0 0.0 1.0 4.0 229.95999999999995 2.8016639612388542e-06 1843.3371799457018
-1.4942000000000004 4.0 2.0 0.0 0.0 2.0 2.0 2.0 58.92 2.0917705580984776 121.70950594454669
0.6039999999999998 2.0 2.0 2.0 1.0 0.0 0.0 1.0 52.04 2.7972512629697874 167.91749419417292
-0.18600000000000017 4.0 0.0 2.0 0.0 2.0 2.0 2.0 36.92 2.009234392714208 143.1368500605771
-4.786199999999996 9.0 0.0 3.0 3.0 0.0 1.0 4.0 161.42999999999998 1.7066657458671805e-06 1417.6612182722208
1.2015199999999997 6.0 2.0 5.0 1.0 0.0 0.0 1.0 149.1 3.999997384001793e-06 653.9566519941801
-3.8612000000000006 27.0 5.0 16.0 7.0 0.0 0.0 7.0 473.98999999999995 3.900618361964849e-06 4032.5571398453944
2.383600000000003 11.0 1.0 8.0 6.0 0.0 0.0 6.0 175.86999999999998 2.4999966807962597e-06 2373.8073233239375
3.906900000000001 3.0 2.0 17.0 0.0 0.0 0.0 0.0 55.28 3.351524615685361 177.30225214572337
-5.253519999999999 27.0 15.0 28.0 5.0 0.0 0.0 5.0 502.45000000000016 5.90142794437508e-07 2902.905386773608
2.373900000000001 7.0 0.0 20.0 0.0 0.0 0.0 0.0 109.80000000000001 0.0 605.9339896508171
-2.0157599999999976 4.0 4.0 4.0 0.0 0.0 0.0 0.0 124.46000000000001 -8.44999845787529e-07 258.2531227130723
0.5884000000000025 1.0 0.0 5.0 3.0 0.0 0.0 3.0 9.23 1.919998745600848e-06 604.8170800483135
-11.6103 0.0 1.0 0.0 0.0 0.0 0.0 0.0 36.5 -0.0 7.5097750043269365
-2.2841 3.0 0.0 0.0 0.0 0.0 0.0 0.0 63.19 0.0 29.87430298092722
-1.842099999999999 8.0 4.0 0.0 0.0 0.0 0.0 0.0 220.26 -7.999999970370371e-09 82.14481635314195
-0.8238000000000003 3.0 2.0 3.0 0.0 0.0 0.0 0.0 57.53 3.763089869319169 75.74296763342026
-3.7525000000000004 8.0 7.0 13.0 0.0 0.0 0.0 0.0 157.4 0.0 136.12808598511452
-4.573300000000009 10.0 9.0 19.0 0.0 0.0 0.0 0.0 181.46 0.0 217.0760017014174
-0.10320000000000007 2.0 1.0 3.0 0.0 0.0 0.0 0.0 29.259999999999998 2.6782577431647265 35.06139398862029
-3.672019999999997 2.0 1.0 5.0 0.0 0.0 0.0 0.0 31.47 0.0 130.75488750216346
0.3794 3.0 1.0 2.0 0.0 1.0 1.0 1.0 38.69 2.440656547002161 91.02434166397533
3.847800000000002 1.0 1.0 7.0 0.0 0.0 0.0 0.0 37.3 3.1070818398002826 156.19488940668188
0.3736999999999999 1.0 0.0 0.0 0.0 1.0 1.0 1.0 23.55 2.515222059861384 112.22626787690945
-1.0214999999999987 3.0 1.0 1.0 0.0 3.0 3.0 3.0 26.71 2.0080368561488093 120.77451436272597
-0.13640000000000008 2.0 0.0 0.0 0.0 1.0 1.0 1.0 6.48 2.1923771580194713 54.928786893420316
0.6859 3.0 0.0 7.0 0.0 0.0 0.0 0.0 27.69 2.6476048489438337 48.81290899230693
0.6287 1.0 0.0 1.0 0.0 1.0 1.0 1.0 20.310000000000002 2.4190211646668525 100.70165766734146
0.09799999999999986 3.0 1.0 4.0 0.0 0.0 0.0 0.0 46.53 3.0655033793880806 98.47609517815881
0.4200999999999999 2.0 0.0 0.0 1.0 0.0 0.0 1.0 17.82 3.049648321313926 109.10850553448522
0.572600000000002 4.0 1.0 10.0 0.0 0.0 0.0 0.0 29.950000000000003 3.7934733668681853 158.04750997411435
-1.0795999999999994 3.0 2.0 4.0 0.0 0.0 0.0 0.0 61.269999999999996 2.447472887876344 28.870765403276856
0.32900000000000085 5.0 0.0 12.0 0.0 0.0 0.0 0.0 46.150000000000006 2.8079257388805243 97.98587018248573
0.3124 4.0 0.0 9.0 0.0 0.0 0.0 0.0 36.92 2.72724281291869 67.45811190640111
0.38320000000000004 2.0 1.0 0.0 0.0 1.0 1.0 1.0 21.259999999999998 2.2306376583301173 66.92878689342032
-1.0617999999999999 4.0 4.0 2.0 0.0 0.0 0.0 0.0 83.55000000000001 0.0 66.83308753677898
0.5719 2.0 2.0 4.0 0.0 0.0 0.0 0.0 74.6 3.4907296603908136 140.68324254705823
-0.8851999999999998 3.0 2.0 3.0 0.0 0.0 0.0 0.0 91.66999999999999 3.788427600543414 158.34093004940027
-2.290599999999999 5.0 4.0 6.0 0.0 0.0 0.0 0.0 90.15 3.1273714619787736 77.04182793626707
2.09112 3.0 0.0 2.0 1.0 0.0 1.0 2.0 34.89 1.279999549133501e-06 428.7281186057479
-4.802299999999996 8.0 8.0 6.0 0.0 2.0 2.0 2.0 221.53999999999996 1.754265962135002 627.2776763681841
-1.7017 3.0 3.0 2.0 0.0 0.0 0.0 0.0 66.48 2.7541847860376616 27.97416845103709
0.7181199999999999 1.0 1.0 0.0 1.0 0.0 0.0 1.0 28.68 3.049648321313926 109.10850553448522
-0.5492000000000001 2.0 1.0 2.0 0.0 0.0 0.0 0.0 60.160000000000004 3.318019590380522 85.86291712607164
-0.4859 4.0 1.0 1.0 0.0 1.0 1.0 1.0 55.760000000000005 2.3210943523789513 100.2114326716684
-0.13490000000000002 2.0 0.0 0.0 0.0 1.0 1.0 1.0 29.540000000000003 2.3121915335681975 107.62548782626678
-1.6182999999999987 6.0 3.0 11.0 0.0 0.0 0.0 0.0 88.38000000000001 3.5319246743473034 111.17019673443295
-2.673599999999997 0.0 0.0 0.0 0.0 0.0 0.0 0.0 0.0 0.0 23.019550008653873
0.05369999999999986 2.0 0.0 2.0 0.0 0.0 0.0 0.0 37.38 3.6444856791101587 129.01955000865388
-0.3159 2.0 1.0 5.0 0.0 0.0 0.0 0.0 32.34 2.8228974107357767 73.45811190640113
-0.6378000000000001 1.0 1.0 1.0 0.0 0.0 0.0 0.0 29.1 2.2968352619191386 20.0
-0.9577000000000004 3.0 2.0 1.0 0.0 0.0 0.0 0.0 76.63 0.0 46.81274391313339
-0.4127999999999917 10.0 8.0 23.0 0.0 0.0 0.0 0.0 202.45999999999998 -4.759615265867134e-07 390.0838416637501
-0.3841999999999987 3.0 2.0 6.0 0.0 0.0 0.0 0.0 55.28 2.998419094375296 57.871559018268556
-5.992 0.0 0.0 0.0 0.0 0.0 0.0 0.0 0.0 0.0 2.0
-3.1728 1.0 0.0 0.0 0.0 0.0 0.0 0.0 30.0 0.0 2.0
-9.957600000000001 16.0 8.0 8.0 0.0 2.0 2.0 2.0 279.0199999999999 5.624999846425786e-07 524.7169356825704
-1.9027999999999987 5.0 6.0 2.0 0.0 0.0 0.0 0.0 150.03 -1.0124999946562502e-07 68.2388309575275
-7.329999999999999 4.0 0.0 0.0 0.0 0.0 0.0 0.0 80.25999999999999 -7.999999835000003e-08 92.8582023226588
-2.2799999999999994 2.0 2.0 5.0 0.0 0.0 0.0 0.0 74.6 0.0 118.54397280068333
1.5133000000000039 11.0 0.0 10.0 5.0 0.0 0.0 5.0 167.07999999999998 2.8799957233066016e-06 2110.4466383536624
-6.120729999999996 11.0 4.0 5.0 1.0 0.0 2.0 3.0 205.39999999999998 2.4024985247884297e-06 1296.9629452633908
0.14579999999999949 6.0 0.0 9.0 0.0 0.0 0.0 0.0 71.06 2.9847083013580864 181.48593526684053
0.8078 3.0 0.0 1.0 0.0 1.0 1.0 1.0 46.61 2.3349440325942594 180.74199426319834
-0.020300000000000207 0.0 1.0 3.0 0.0 0.0 0.0 0.0 16.61 2.3390923149762908 15.900134529890124
-9.3688 0.0 0.0 0.0 0.0 0.0 0.0 0.0 0.0 -0.0 3.2451124978365313
-3.647899999999995 18.0 7.0 11.0 3.0 2.0 2.0 5.0 321.09000000000003 1.1576280907235283 1628.6201084376485
1.1036000000000001 2.0 0.0 0.0 0.0 1.0 1.0 1.0 26.3 2.26669651519302 78.52932501298082
0.3234 2.0 0.0 0.0 0.0 1.0 1.0 1.0 26.3 2.3673518510178746 59.94833690207419
0.7599 1.0 1.0 0.0 0.0 1.0 1.0 1.0 12.03 2.0 19.40990953421706
-2.98162 2.0 0.0 0.0 0.0 0.0 0.0 0.0 23.79 0.0 29.509775004326936
-0.10759999999999925 4.0 0.0 6.0 2.0 0.0 0.0 2.0 58.59 1.9999985042511503e-06 500.11506599229773
-0.3881000000000001 1.0 1.0 0.0 0.0 0.0 0.0 0.0 20.23 2.4330963097956344 33.03830640231605
-0.6389 2.0 2.0 2.0 0.0 0.0 0.0 0.0 40.46 2.19060968716425 12.36452797660028
0.5739 2.0 1.0 1.0 1.0 0.0 0.0 1.0 33.120000000000005 2.8320858350070908 149.87452390041133
-2.0432999999999977 2.0 0.0 5.0 0.0 0.0 0.0 0.0 40.129999999999995 0.0 104.26518047667868
0.6629600000000034 10.0 2.0 10.0 3.0 0.0 1.0 4.0 157.07999999999998 4.409991174068786e-06 1587.8492688084057
-2.059099999999998 3.0 0.0 2.0 1.0 0.0 0.0 1.0 49.36 1.4399996082001118e-06 268.69323258709176
-1.1652000000000002 4.0 0.0 4.0 0.0 0.0 0.0 0.0 18.46 0.0 111.82521876648653
0.10699999999999932 4.0 0.0 6.0 0.0 0.0 0.0 0.0 18.46 0.0 172.18009270430096
-2.98162 2.0 0.0 0.0 0.0 0.0 0.0 0.0 23.79 0.0 29.509775004326936
2.4575000000000005 1.0 0.0 2.0 0.0 0.0 0.0 0.0 9.23 3.2807108400137506 69.12704561867442
0.0707000000000006 3.0 1.0 2.0 1.0 0.0 0.0 1.0 77.43 4.373333156168897e-07 368.2118100829605
0.14559999999999995 1.0 0.0 0.0 0.0 0.0 0.0 0.0 30.0 0.0 23.019550008653873
-7.868080000000017 16.0 1.0 12.0 2.0 0.0 1.0 3.0 273.08 6.4533278783159105e-06 1811.4385617368137
-5.6517 8.0 0.0 0.0 0.0 0.0 0.0 0.0 172.5 -1.0666666581111113e-07 124.40154658752398
1.2878999999999998 2.0 2.0 0.0 0.0 1.0 1.0 1.0 32.26 2.6627384947603896 135.6417228439527
-1.1496999999999988 3.0 2.0 2.0 0.0 1.0 1.0 1.0 41.29 2.0778607554610558 65.94833690207419
0.4037 2.0 1.0 3.0 0.0 0.0 0.0 0.0 29.46 2.6782577431647265 35.06139398862029
-1.5563 3.0 3.0 5.0 0.0 0.0 0.0 0.0 75.35000000000001 2.8288681349096856 85.02718014856455
5.154390000000005 4.0 0.0 9.0 3.0 0.0 0.0 3.0 46.61 8.900571929822342e-07 885.676745167351
1.1020999999999999 3.0 0.0 2.0 0.0 0.0 0.0 0.0 35.53 3.605378627989909 82.18080946738405
0.9365999999999999 3.0 0.0 2.0 0.0 0.0 0.0 0.0 35.53 2.9881608821342693 46.75488750216347
4.314100000000004 3.0 0.0 5.0 0.0 1.0 1.0 1.0 9.72 7.634116880640294e-07 280.3761149933897
3.5859999999999994 1.0 0.0 2.0 0.0 0.0 0.0 0.0 17.07 6.059229778170063 341.886572833313
-11.761499999999998 0.0 0.0 0.0 0.0 0.0 0.0 0.0 0.0 -0.0 9.65148445440323
-0.4807000000000001 6.0 0.0 0.0 0.0 0.0 0.0 0.0 132.4 -7.199999951999999e-08 69.05865002596163
-4.4193000000000024 20.0 2.0 12.0 7.0 0.0 1.0 8.0 331.72999999999996 2.6644964515661628e-06 3810.3246681095984
2.1063999999999994 3.0 2.0 13.0 0.0 0.0 0.0 0.0 60.77 3.5186471419040246 225.43057635375237
2.850500000000001 2.0 0.0 6.0 0.0 0.0 0.0 0.0 26.3 4.0417755855254685 202.13581850944655
1.0222 3.0 2.0 2.0 2.0 0.0 0.0 2.0 74.85 2.1730283097791947 548.4110626918563
-0.1903999999999999 5.0 1.0 2.0 1.0 0.0 0.0 1.0 106.28 3.79658402512736 459.54216954175183
5.112700000000005 4.0 3.0 13.0 1.0 0.0 0.0 1.0 100.62 1.0513634433099565e-06 609.2079220791733
-0.6123999999999994 8.0 2.0 13.0 0.0 0.0 0.0 0.0 145.66 3.3974299437697586 435.94683259970986
0.8486000000000073 8.0 0.0 14.0 4.0 0.0 1.0 5.0 149.07999999999998 3.1249947812591846e-06 1818.3479531490404
-0.6346999999999992 10.0 0.0 4.0 4.0 0.0 0.0 4.0 185.23999999999998 2.04166534016755e-06 1658.8144912981957
1.3203 1.0 1.0 0.0 1.0 0.0 1.0 2.0 29.1 2.571772500455441 321.8681387531291
3.328100000000001 3.0 2.0 15.0 0.0 0.0 0.0 0.0 47.28 2.9140733561090637 162.82792280735137
-0.02109999999999379 17.0 5.0 10.0 5.0 0.0 1.0 6.0 312.46 3.599992115918139e-06 2713.1434871234583
-3.5138000000000003 4.0 0.0 0.0 0.0 0.0 0.0 0.0 80.25999999999999 -1.249999955000002e-07 78.03910001730776
3.6221000000000023 5.0 1.0 14.0 0.0 0.0 0.0 0.0 72.83000000000001 4.205043878379994 323.37363448891284
6.439600000000007 3.0 0.0 14.0 0.0 1.0 1.0 1.0 26.3 2.1910974665713616 280.8117433014581
1.919 4.0 0.0 4.0 0.0 1.0 1.0 1.0 52.60000000000001 2.3310803559126754 215.40331533468296
-2.8801 3.0 0.0 0.0 0.0 0.0 0.0 0.0 63.19 0.0 29.87430298092722
0.9475 2.0 0.0 3.0 0.0 1.0 1.0 1.0 12.47 2.0172372216570547 83.67529210449095
-0.7198000000000002 9.0 0.0 0.0 0.0 0.0 0.0 0.0 198.6 -4.4999999833333336e-08 112.40947885963234
0.20869999999999977 5.0 2.0 3.0 1.0 0.0 0.0 1.0 103.32000000000001 3.247997745400571 524.8461714783118
-0.5640800000000006 5.0 3.0 4.0 1.0 0.0 0.0 1.0 122.62000000000002 3.3088210424342672 532.2331743094577
2.0453 3.0 3.0 12.0 0.0 0.0 0.0 0.0 92.42000000000002 3.3142636189371775 257.07563168779507
-15.3236 7.0 0.0 2.0 0.0 0.0 0.0 0.0 135.61 -5.333333119166675e-08 158.93156363813893
-12.406400000000001 6.0 0.0 3.0 0.0 0.0 0.0 0.0 112.54999999999998 -1.0666666060000034e-07 160.87218755408674
1.9937999999999996 1.0 0.0 4.0 2.0 0.0 0.0 2.0 3.24 2.644998787038073e-06 714.4266561781975
-4.332599999999991 18.0 4.0 9.0 4.0 1.0 2.0 6.0 306.52 3.1359940568248527e-06 2487.6191409765934
2.4500600000000032 8.0 0.0 17.0 2.0 0.0 0.0 2.0 106.66 1.012496116515365e-05 1364.7325860659334
0.27520000000000006 4.0 1.0 2.0 0.0 0.0 0.0 0.0 80.31 5.284512595565851 384.73280282552736
-1.7935799999999973 12.0 0.0 5.0 3.0 0.0 0.0 3.0 203.05999999999997 2.7224981617294044e-06 1444.9203060334364
6.032800000000007 2.0 1.0 18.0 0.0 0.0 0.0 0.0 29.46 3.020239290983713 213.75278369089588
3.4408000000000025 5.0 2.0 4.0 3.0 0.0 0.0 3.0 88.24 2.1580375788803337 905.7275804087915
4.115100000000004 5.0 3.0 19.0 0.0 0.0 0.0 0.0 86.99000000000001 3.247472256974576 308.7765620553887
6.376320000000008 5.0 0.0 8.0 2.0 0.0 2.0 4.0 42.010000000000005 2.0115300590937086 1246.4621068037723
3.443100000000003 10.0 2.0 16.0 0.0 2.0 2.0 2.0 129.26000000000002 1.761966338133092 698.3865080379177
5.911200000000006 0.0 0.0 4.0 0.0 0.0 0.0 0.0 0.0 4.258424922755684 197.0586500259616
0.4539000000000007 3.0 2.0 6.0 1.0 0.0 0.0 1.0 67.42999999999999 2.481951907071221 392.48264694846
1.589 3.0 1.0 8.0 0.0 0.0 0.0 0.0 38.69 3.14756805789066 104.34298055646552
6.722600000000007 1.0 1.0 17.0 0.0 0.0 0.0 0.0 37.3 2.946230137734625 213.61189310154845
2.2115 1.0 0.0 3.0 0.0 0.0 0.0 0.0 9.23 3.373381552563661 57.4071655715584
2.808600000000001 1.0 1.0 4.0 1.0 0.0 0.0 1.0 20.23 2.534344075900792 230.13960945138442
3.5421000000000014 5.0 2.0 2.0 3.0 0.0 1.0 4.0 89.62 1.9015626054415962 1025.3661890201752
6.515600000000005 6.0 0.0 3.0 6.0 0.0 2.0 8.0 69.78 1.4163607285678377 1895.1629454064382
6.349400000000004 6.0 2.0 0.0 11.0 0.0 0.0 11.0 133.99999999999997 1.4895264546755813 3545.3580792878506
7.854200000000001 4.0 0.0 1.0 9.0 0.0 0.0 9.0 77.28 1.6724900427498102 2675.969295039558
2.987400000000002 6.0 1.0 7.0 2.0 0.0 0.0 2.0 101.77999999999999 2.36246829880792 863.8389676557084
6.754900000000005 6.0 3.0 4.0 9.0 0.0 0.0 9.0 142.26999999999998 1.4502711896518743 2984.2073018005044
8.3178 2.0 0.0 0.0 8.0 0.0 0.0 8.0 34.14 1.7787764608372334 2286.0746052596114
3.0356000000000014 3.0 1.0 5.0 1.0 1.0 1.0 2.0 32.7 2.250737578950777 407.50311001590353
2.5614000000000043 26.0 7.0 12.0 9.0 0.0 3.0 12.0 483.25999999999993 2.2519480085038883e-07 4880.082404970176
4.636500000000004 2.0 0.0 12.0 0.0 0.0 0.0 0.0 26.3 2.9835680853039475 187.36084112383594
-0.7397 0.0 0.0 0.0 0.0 0.0 0.0 0.0 85.5 -0.0 6.854752972273345
-8.9905 0.0 0.0 0.0 0.0 0.0 0.0 0.0 0.0 -0.0 3.2451124978365313
5.416700000000005 2.0 0.0 14.0 0.0 0.0 0.0 0.0 26.3 2.986899171275222 211.30760443279493
3.1477000000000004 3.0 0.0 0.0 0.0 2.0 3.0 3.0 43.370000000000005 2.3675748433094816 498.42106257572146
4.471400000000004 13.0 1.0 13.0 2.0 0.0 0.0 2.0 205.17 2.6110461340621867 1329.9099277320781
1.2970000000000002 5.0 1.0 1.0 1.0 0.0 0.0 1.0 76.11 3.2783037590958006 389.5836695921066
7.7338000000000084 3.0 0.0 19.0 0.0 0.0 0.0 0.0 35.53 3.140120976585324 286.60854833479624
5.520900000000006 2.0 2.0 17.0 0.0 0.0 0.0 0.0 49.33 3.1885347567297844 300.2138698754649
-4.2354 10.0 0.0 4.0 0.0 0.0 0.0 0.0 184.97 0.0 277.3288004577694
4.5811000000000055 4.0 2.0 5.0 2.0 0.0 1.0 3.0 74.6 2.05072823904524 1000.8096082280949
4.5811000000000055 4.0 2.0 5.0 2.0 0.0 1.0 3.0 74.6 2.094093121448675 1000.8096082280949
5.201500000000005 0.0 0.0 7.0 0.0 0.0 0.0 0.0 0.0 3.7439889404496993 259.76289771739914
11.443759999999989 8.0 0.0 12.0 5.0 0.0 0.0 5.0 89.52000000000001 1.5198166074230528 1717.170863190802
4.742300000000005 1.0 0.0 4.0 0.0 2.0 2.0 2.0 17.07 1.6934437798437696 227.90973364459262
12.877199999999977 0.0 0.0 28.0 0.0 0.0 0.0 0.0 0.0 4.739990559670617 280.90270413952504
11.021399999999993 0.0 0.0 9.0 9.0 0.0 0.0 9.0 0.0 1.6537499778220316e-07 1867.4699864423733
8.930500000000004 4.0 1.0 15.0 1.0 0.0 0.0 1.0 46.53 2.2946693890172356 690.5415940895131
0.8951000000000064 0.0 0.0 6.0 6.0 0.0 0.0 6.0 0.0 2.6727272075578516e-07 1184.1661819013052
6.520900000000005 2.0 2.0 2.0 4.0 0.0 1.0 5.0 52.04 1.9667039600627387 1164.4081672840841
6.472000000000001 3.0 0.0 0.0 4.0 0.0 1.0 5.0 34.89 2.047089306504154 1254.3797550754537
3.3443000000000014 4.0 2.0 0.0 2.0 0.0 2.0 4.0 66.4 1.913001875164881 869.0532174191408
7.176420000000009 9.0 3.0 6.0 4.0 0.0 0.0 4.0 126.69000000000003 2.048471338322074 1947.7022026938296
8.815640000000002 4.0 2.0 8.0 4.0 0.0 1.0 5.0 58.199999999999996 1.7267974697135808 1475.6093544423607
7.690840000000007 4.0 2.0 6.0 4.0 0.0 1.0 5.0 58.199999999999996 1.7164355149469694 1403.5807491587925
4.7451000000000025 3.0 0.0 0.0 6.0 0.0 0.0 6.0 34.370000000000005 2.0875089700182095 1501.1323639705454
8.888020000000003 3.0 1.0 18.0 1.0 0.0 0.0 1.0 20.23 2.245134376337619 501.5663651214869
10.82099999999999 7.0 2.0 18.0 2.0 0.0 0.0 2.0 70.93 2.2173540902172277 943.2307381803454
6.030800000000006 2.0 0.0 15.0 0.0 0.0 0.0 0.0 26.3 2.938980066543728 201.59490309182667
5.285800000000005 4.0 0.0 15.0 0.0 0.0 0.0 0.0 52.60000000000001 3.8562187750791503 295.6005381195605
7.233200000000009 4.0 0.0 20.0 0.0 0.0 0.0 0.0 36.92 5.460572217310901 281.28004704208803
7.878600000000009 2.0 2.0 2.0 2.0 0.0 0.0 2.0 40.46 2.7336535006709792 802.6777478129438
5.482500000000008 7.0 7.0 22.0 0.0 0.0 0.0 0.0 192.81999999999996 -2.1652057642198354e-07 533.0977500432696
4.7088000000000045 4.0 0.0 12.0 0.0 0.0 0.0 0.0 52.6 3.3700026733240147 224.86142724108407
6.921600000000004 0.0 0.0 0.0 0.0 1.0 1.0 1.0 0.0 2.5996709849747743 162.56842503028858
3.993000000000002 0.0 0.0 0.0 3.0 0.0 0.0 3.0 0.0 2.5237326453890008 488.75909858914036
10.448999999999993 8.0 4.0 8.0 5.0 0.0 2.0 7.0 141.12 1.1080294732621658 2475.4194501281495
4.837100000000006 1.0 1.0 10.0 0.0 0.0 0.0 0.0 0.0 2.7581498184332935 71.19366193720087
0.6335999999999999 0.0 0.0 0.0 0.0 0.0 0.0 0.0 0.0 0.0 2.0
2.4620000000000006 2.0 0.0 0.0 2.0 0.0 1.0 3.0 34.14 2.348767905791676 506.13733595521376
4.597040000000004 18.0 2.0 16.0 4.0 0.0 0.0 4.0 342.46 3.9999997956000113e-07 2375.7336359363367
3.279600000000002 2.0 0.0 5.0 0.0 0.0 0.0 0.0 26.3 3.3560898473295904 165.41931732199149
12.197459999999978 3.0 3.0 8.0 3.0 3.0 3.0 6.0 60.69 1.4410186958832487 1427.6479746907946
-12.197899999999992 12.0 0.0 0.0 0.0 0.0 0.0 0.0 524.28 -5.714285703061225e-09 344.16134542836966
5.082400000000002 0.0 0.0 0.0 0.0 1.0 1.0 1.0 0.0 4.13836099180743 479.175950077885
5.512600000000003 0.0 0.0 0.0 0.0 2.0 2.0 2.0 0.0 3.2320323879183146 587.1548783157999
5.922800000000002 0.0 0.0 5.0 0.0 0.0 0.0 0.0 0.0 6.612913906399524 468.289632706284
6.720900000000004 7.0 0.0 4.0 4.0 0.0 0.0 4.0 29.020000000000003 1.6106232392679265 873.6920314713949
15.9573 8.0 0.0 0.0 6.0 0.0 4.0 10.0 84.02 1.5500400164864403 3147.0846540525067
13.896299999999995 8.0 0.0 0.0 5.0 0.0 5.0 10.0 82.33 1.4833389220763613 3101.6403190541096
11.096799999999998 0.0 0.0 3.0 2.0 0.0 0.0 2.0 0.0 2.4758634295694653 699.770702950046
6.433000000000007 4.0 0.0 14.0 1.0 0.0 0.0 1.0 52.60000000000001 2.5017529827782146 513.4728097510647
-0.0025 0.0 0.0 0.0 0.0 0.0 0.0 0.0 0.0 0.0 0.0
-0.3564 0.0 0.0 0.0 0.0 0.0 0.0 0.0 85.5 -0.0 4.854752972273344
-0.2401 2.0 0.0 0.0 0.0 0.0 0.0 0.0 34.14 3.2659863237109046 23.774437510817343
9.868199999999996 6.0 0.0 4.0 2.0 2.0 2.0 4.0 55.38000000000001 1.3691352003561066 1101.1752510742103
5.640400000000006 4.0 4.0 16.0 0.0 0.0 0.0 0.0 115.06 -3.623022731803376e-07 349.27722207008446
13.793639999999977 12.0 4.0 12.0 7.0 0.0 0.0 7.0 200.7 1.1460964857510523 2957.9293263008344
6.376220000000003 4.0 2.0 4.0 3.0 0.0 1.0 4.0 70.56 1.6986215917714984 1315.5916303216036
4.236620000000003 6.0 1.0 6.0 2.0 0.0 0.0 2.0 114.03 2.237038588436778 880.831655258353
-0.0049 0.0 0.0 0.0 0.0 0.0 0.0 0.0 0.0 0.0 2.0
0.6335999999999999 0.0 0.0 0.0 0.0 0.0 0.0 0.0 0.0 0.0 2.0
5.138000000000003 9.0 4.0 10.0 4.0 0.0 1.0 5.0 170.44 1.4212047683442233 1972.3646213286536
6.039100000000005 8.0 3.0 9.0 4.0 0.0 1.0 5.0 127.35 1.4498964504882474 1820.7058505141918
5.728300000000002 2.0 0.0 3.0 1.0 0.0 0.0 1.0 26.3 3.156668476652161 455.0699807840216
2.5447999999999995 6.0 3.0 6.0 3.0 0.0 0.0 3.0 128.76999999999998 1.8065911052880557 1082.5455521535403
0.8612 0.0 0.0 0.0 0.0 0.0 0.0 0.0 0.0 0.0 0.0
9.361599999999997 12.0 2.0 15.0 4.0 0.0 0.0 4.0 178.69999999999996 1.4952873037580872 2013.1260437220872
3.561600000000002 4.0 0.0 3.0 2.0 0.0 1.0 3.0 57.39 1.8137940782868796 694.7316201646003
-0.2401 2.0 0.0 0.0 0.0 0.0 0.0 0.0 34.14 3.2659863237109046 23.774437510817343
9.482999999999997 4.0 0.0 14.0 1.0 0.0 0.0 1.0 52.60000000000001 3.1510825091743797 704.101485023122
3.2095999999999996 2.0 0.0 0.0 0.0 1.0 1.0 1.0 12.47 3.483104326553844 319.8329599472107
6.555700000000006 2.0 0.0 20.0 0.0 0.0 0.0 0.0 40.129999999999995 0.0 256.4117744776844
4.817300000000004 9.0 2.0 11.0 3.0 0.0 1.0 4.0 135.63 1.7136174520899723 1734.1890449980428
-0.3564 0.0 0.0 0.0 0.0 0.0 0.0 0.0 85.5 -0.0 4.854752972273344
4.581600000000002 6.0 1.0 6.0 2.0 0.0 0.0 2.0 114.03 2.2721955107336425 901.568523559609
2.2024999999999997 9.0 5.0 8.0 4.0 0.0 1.0 5.0 183.83999999999997 1.4934033133000613 1938.9619966727269
4.344000000000003 6.0 0.0 0.0 8.0 0.0 0.0 8.0 68.74000000000001 1.7349842701213205 2032.2833062293016
7.799720000000007 4.0 2.0 4.0 4.0 0.0 1.0 5.0 58.199999999999996 1.7108089843940566 1416.0748901045501
3.2227000000000023 0.0 0.0 1.0 0.0 1.0 1.0 1.0 0.0 2.2283621149350434 68.10749561002055
-0.5486 5.0 0.0 2.0 0.0 0.0 0.0 0.0 77.51 3.773284860851449 134.51917573667436
-1.3605999999999998 0.0 0.0 0.0 0.0 0.0 0.0 0.0 142.5 -0.0 12.919684538544
10.58209999999999 4.0 0.0 17.0 5.0 0.0 0.0 5.0 39.07 1.103311370391557 1613.847483585381
5.665200000000006 0.0 0.0 9.0 0.0 0.0 0.0 0.0 0.0 3.289958282264584 126.0
1.59148 7.0 1.0 4.0 1.0 0.0 1.0 2.0 128.7 2.47103474597584 834.5113204541669
11.39847999999999 10.0 4.0 14.0 5.0 0.0 0.0 5.0 199.98 1.269439239016777 2521.823875575149
10.912199999999988 0.0 0.0 21.0 0.0 0.0 0.0 0.0 0.0 3.7104045014643536 333.605316051644
6.3755600000000054 3.0 0.0 6.0 3.0 0.0 0.0 3.0 27.69 1.8645926784900198 734.8760692761309
24.087000000000053 27.0 6.0 36.0 12.0 0.0 0.0 12.0 453.03 2.1372133578930557e-07 6439.209944476983
4.292840000000003 2.0 2.0 0.0 5.0 0.0 0.0 5.0 65.72 1.9986959219905773 1374.7002278122811
5.414400000000004 4.0 2.0 4.0 3.0 0.0 1.0 4.0 70.56 1.692868527586419 1204.0799101429961
8.637240000000004 8.0 2.0 11.0 4.0 0.0 0.0 4.0 141.77999999999997 1.458520486315786 1704.8510619694987
0.0 0.0 0.0 0.0 0.0 0.0 0.0 0.0 0.0 0.0 0.0
7.733200000000005 4.0 0.0 8.0 5.0 0.0 0.0 5.0 52.60000000000001 1.2337304921286893 1340.2870200263526
-4.1947 6.0 3.0 0.0 0.0 0.0 0.0 0.0 181.07999999999998 -4.4999999833333336e-08 112.40947885963234
4.392800000000005 8.0 0.0 6.0 3.0 0.0 2.0 5.0 95.78000000000002 1.3316267747072017 1334.8844826491936
3.591400000000002 4.0 0.0 2.0 3.0 0.0 0.0 3.0 43.370000000000005 2.284391424886096 864.3497840043177
4.848300000000004 8.0 0.0 0.0 6.0 0.0 4.0 10.0 84.02 1.4779748357709395 2289.558974856016
-0.6783 1.0 1.0 0.0 0.0 0.0 0.0 0.0 37.3 2.1874960973678963 10.264662506490405
6.312000000000007 4.0 0.0 14.0 0.0 1.0 1.0 1.0 52.60000000000001 2.2885986870142037 386.32108539129416
-0.0025 0.0 0.0 0.0 0.0 0.0 0.0 0.0 0.0 0.0 0.0
12.764399999999979 2.0 0.0 31.0 0.0 0.0 0.0 0.0 26.3 3.1580846080147706 456.2586089723487
5.276500000000005 1.0 0.0 0.0 0.0 1.0 1.0 1.0 17.07 2.2319694073313396 197.70185952129683
3.9334000000000033 0.0 0.0 2.0 1.0 0.0 0.0 1.0 0.0 2.855624622160824 201.72015243201014
3.3744000000000023 4.0 0.0 3.0 2.0 0.0 2.0 4.0 65.34 1.6262360742183612 993.356380734105
4.632640000000003 6.0 2.0 5.0 3.0 0.0 1.0 4.0 113.69999999999999 1.672012097497269 1358.0178243042474
7.041600000000005 8.0 2.0 7.0 4.0 0.0 2.0 6.0 114.12 1.137461921619176 1767.300896835493
6.461900000000004 8.0 3.0 8.0 4.0 0.0 1.0 5.0 135.19 1.4834149219871915 1921.121870856444
4.886000000000004 4.0 2.0 8.0 2.0 0.0 1.0 3.0 58.199999999999996 2.073414075185858 758.8871148650469
6.364100000000008 1.0 1.0 13.0 0.0 0.0 0.0 0.0 20.23 3.516209888253743 254.56402909743406
6.5967000000000064 1.0 1.0 17.0 0.0 0.0 0.0 0.0 26.02 2.8896766777949185 137.84523919424234
5.447900000000003 4.0 0.0 6.0 3.0 0.0 0.0 3.0 27.69 1.868683541996186 670.9628648400081
2.4972000000000003 6.0 1.0 4.0 2.0 0.0 0.0 2.0 102.95 2.1149195974201005 761.605613779002
-9.3688 0.0 0.0 0.0 0.0 0.0 0.0 0.0 0.0 -0.0 3.2451124978365313
7.097700000000006 3.0 2.0 3.0 2.0 1.0 1.0 3.0 52.99 4.1742852121527187e-07 701.5085944359101
5.009000000000005 4.0 0.0 7.0 0.0 1.0 1.0 1.0 51.36 2.440184348638962 380.8717865971175
4.982800000000002 2.0 2.0 0.0 5.0 0.0 0.0 5.0 65.72 2.0305070183554905 1499.6191615245543
5.950760000000003 7.0 0.0 8.0 2.0 0.0 0.0 2.0 118.67999999999998 2.1858464355782146 922.5167213637144
-3.5163 4.0 0.0 0.0 0.0 0.0 0.0 0.0 80.25999999999999 0.0 75.69058447171099
4.892400000000005 3.0 0.0 8.0 0.0 0.0 0.0 0.0 35.53 4.254836312581354 263.6578358841636
7.388700000000009 1.0 1.0 5.0 0.0 3.0 4.0 4.0 20.23 1.4894525128431004 591.069705945873
5.550300000000001 0.0 0.0 6.0 0.0 0.0 0.0 0.0 0.0 6.112592581333274 395.3344952915719
4.403200000000004 1.0 1.0 3.0 0.0 0.0 0.0 0.0 0.0 5.039847128628226 170.05372307956134
6.030500000000004 7.0 3.0 8.0 4.0 0.0 1.0 5.0 118.12 1.4464871266190127 1751.2797230776239
3.3442000000000025 8.0 2.0 5.0 3.0 0.0 1.0 4.0 125.15 1.458539184773559 1188.0294211738324
14.687599999999966 6.0 2.0 46.0 0.0 0.0 0.0 0.0 93.06 3.6375138250931043 721.344226877884
9.027240000000003 8.0 0.0 7.0 4.0 0.0 2.0 6.0 114.77999999999997 1.1332127154713478 1827.3438280887203
6.312100000000003 2.0 0.0 0.0 6.0 0.0 0.0 6.0 17.07 2.0449551359956426 1507.6979345912544
3.8963000000000028 6.0 0.0 10.0 2.0 0.0 0.0 2.0 71.06 1.9297945091347875 725.6227016727873
2.50232 8.0 5.0 7.0 4.0 0.0 1.0 5.0 174.60999999999999 1.4817115077025418 1919.177247747219
3.660300000000002 5.0 1.0 3.0 2.0 0.0 1.0 3.0 84.6 1.9241773550034715 874.6242242341449
3.3153200000000016 5.0 1.0 3.0 2.0 0.0 1.0 3.0 84.6 1.990595778524911 869.1373559328891
4.2341000000000015 7.0 4.0 8.0 4.0 0.0 1.0 5.0 145.50999999999996 1.4215066417691318 1712.3088966484904
-0.311 3.0 0.0 2.0 0.0 0.0 0.0 0.0 43.370000000000005 2.6531630746803305 34.1577218810798
18.33679999999998 6.0 0.0 50.0 0.0 0.0 0.0 0.0 78.9 4.31715100695477 923.6692566357923
8.806200000000006 6.0 0.0 21.0 1.0 0.0 0.0 1.0 78.90000000000002 3.0977320648348665 848.596012940059
3.2150999999999996 6.0 3.0 6.0 3.0 0.0 1.0 4.0 122.88 1.6441847696393401 1309.9920299797861
-0.49960000000000004 1.0 0.0 0.0 0.0 0.0 0.0 0.0 17.07 2.0 2.0
6.706200000000008 6.0 0.0 17.0 0.0 0.0 0.0 0.0 71.06 4.471600150954922 442.087825286703
6.460840000000005 3.0 2.0 2.0 2.0 0.0 0.0 2.0 40.46 2.537011223267222 725.6403481817905
6.617700000000005 4.0 0.0 8.0 2.0 2.0 2.0 4.0 43.519999999999996 1.5934980318220102 803.3824923089371
0.7039199999999999 8.0 1.0 4.0 2.0 0.0 1.0 3.0 138.79 2.9999967513369343e-06 1190.8326565222305
0.8952999999999993 8.0 1.0 4.0 3.0 0.0 1.0 4.0 138.79 2.7224967437289874e-06 1396.0002841881421
3.8183000000000016 6.0 4.0 6.0 3.0 0.0 1.0 4.0 142.75 1.6211066495298816 1461.4112444548537
0.6292800000000001 3.0 0.0 2.0 0.0 0.0 0.0 0.0 50.09 3.7805908866432745 166.38689879982144
7.93470000000001 6.0 2.0 32.0 0.0 0.0 0.0 0.0 120.72 -7.27272683252069e-07 511.8587094651711
0.7899799999999995 6.0 2.0 1.0 2.0 0.0 0.0 2.0 125.19 0.0 791.2834016058565
4.068800000000002 6.0 2.0 1.0 4.0 0.0 2.0 6.0 120.32 1.6818491814256291 1525.7271044880151
4.476200000000004 4.0 0.0 9.0 0.0 0.0 0.0 0.0 44.760000000000005 3.804847863720168 225.8338811517707
5.354500000000002 1.0 0.0 5.0 0.0 0.0 0.0 0.0 9.23 6.97859688554792 456.86437822436096
5.548440000000005 12.0 2.0 6.0 4.0 0.0 2.0 6.0 197.32 2.243076845362726e-07 2261.317942691076
10.724499999999992 3.0 1.0 20.0 1.0 0.0 0.0 1.0 46.53 2.131331311862653 731.3600463441553
10.560879999999996 8.0 2.0 11.0 4.0 0.0 0.0 4.0 141.77999999999997 1.551095934674782 1935.2603661997134
8.037600000000007 10.0 2.0 13.0 4.0 0.0 0.0 4.0 160.23999999999998 1.4753095483378758 1777.956216548624
9.1211 5.0 3.0 8.0 5.0 0.0 1.0 6.0 90.78999999999999 1.3451301981934554 1891.8474687527698
0.4816 9.0 2.0 7.0 4.0 0.0 0.0 4.0 143.71 1.947559944885657 1423.6889256043708
5.211000000000004 6.0 2.0 4.0 4.0 0.0 1.0 5.0 104.63999999999999 1.7617061386059107 1260.4730148121669
7.496800000000007 12.0 0.0 11.0 4.0 0.0 2.0 6.0 167.37999999999997 1.193752609844993 2007.5767575493553
-0.3808 0.0 0.0 0.0 0.0 0.0 0.0 0.0 0.0 0.0 0.0
27.923520000000096 30.0 6.0 39.0 12.0 0.0 0.0 12.0 480.71999999999997 2.3429376089996686e-07 7305.156878506541
4.102300000000003 2.0 0.0 9.0 0.0 0.0 0.0 0.0 26.3 3.1577360871453815 206.78088106981613
3.9368000000000025 7.0 1.0 7.0 2.0 0.0 0.0 2.0 123.25999999999999 2.2787913595485714 915.9468195285781
-0.38330000000000003 0.0 0.0 0.0 0.0 0.0 0.0 0.0 0.0 2.0 2.0
6.056400000000005 12.0 2.0 8.0 4.0 0.0 2.0 6.0 197.32 2.3229628798412466e-07 2295.868781520567
11.179799999999991 8.0 4.0 8.0 5.0 0.0 2.0 7.0 141.12 1.105171991061688 2682.445856451459
5.176620000000004 0.0 0.0 4.0 3.0 0.0 0.0 3.0 0.0 1.9215259782478824 696.6178576223145
-2.4495000000000005 3.0 0.0 0.0 0.0 0.0 0.0 0.0 63.19 0.0 29.87430298092722
2.2344 6.0 4.0 6.0 3.0 0.0 0.0 3.0 156.83999999999997 1.8278573002965857 1160.382752912704
4.843600000000002 12.0 6.0 15.0 6.0 0.0 0.0 6.0 257.53999999999996 1.055766426231253 2372.150185789324
4.584000000000003 5.0 4.0 4.0 4.0 0.0 1.0 5.0 119.20999999999998 1.4773922628450773 1599.7039537366154
2.4515000000000002 9.0 1.0 7.0 2.0 0.0 0.0 2.0 171.23 4.499994076508047e-06 1124.3266719755381
-0.0025 0.0 0.0 0.0 0.0 0.0 0.0 0.0 0.0 0.0 0.0
4.681200000000004 0.0 0.0 0.0 0.0 1.0 1.0 1.0 0.0 2.0000000000000004 43.01955000865388
5.2065000000000055 5.0 1.0 11.0 2.0 0.0 0.0 2.0 66.84 2.2025575725499165 827.3804141469542
-0.3808 0.0 0.0 0.0 0.0 0.0 0.0 0.0 0.0 0.0 0.0
1.9028999999999998 4.0 0.0 10.0 0.0 0.0 0.0 0.0 80.25999999999999 -2.945454481041324e-07 230.6615312216908
5.750900000000004 4.0 0.0 8.0 0.0 1.0 2.0 2.0 52.60000000000001 2.4706119453154725 599.3348877405435
3.8584000000000023 3.0 0.0 0.0 4.0 0.0 1.0 5.0 34.89 2.0659556403449284 1054.141216988211
4.982800000000002 2.0 2.0 0.0 5.0 0.0 0.0 5.0 65.72 1.9986959219905773 1384.3691615245543
3.5550000000000006 5.0 3.0 5.0 3.0 0.0 0.0 3.0 119.53999999999999 1.837547264852792 1163.2483544195736
8.553480000000006 12.0 4.0 14.0 5.0 0.0 2.0 7.0 193.71999999999997 1.0940777819126861 2974.445629067095
3.0977999999999994 7.0 3.0 6.0 3.0 0.0 0.0 3.0 162.67999999999998 1.8412949828031655 1214.489011483136
4.345800000000004 4.0 0.0 13.0 0.0 0.0 0.0 0.0 52.6 3.2090751560800093 335.2834456879055
4.982800000000002 2.0 2.0 0.0 5.0 0.0 0.0 5.0 65.72 2.042772422360187 1384.369161524554
3.5832200000000016 6.0 1.0 6.0 2.0 0.0 0.0 2.0 114.03 2.2452940318549746 833.7964208305007
6.269200000000007 4.0 0.0 16.0 0.0 0.0 0.0 0.0 52.6 3.3411574738989427 272.0139738560716
4.977620000000003 6.0 2.0 5.0 3.0 0.0 1.0 4.0 113.69999999999999 1.7070881818761272 1364.0751290313078
4.808500000000002 5.0 2.0 4.0 6.0 0.0 0.0 6.0 119.49 2.801662043013398e-06 1768.226291337592
-0.2401 0.0 0.0 0.0 0.0 0.0 0.0 0.0 57.0 -0.0 2.7548875021634682
0.0 0.0 0.0 0.0 0.0 0.0 0.0 0.0 0.0 0.0 0.0
-0.1213 1.0 0.0 0.0 0.0 0.0 0.0 0.0 17.07 2.0 2.0
8.781240000000004 18.0 6.0 16.0 8.0 0.0 2.0 10.0 332.17999999999995 2.275555410062232e-07 4227.51451087675
3.605200000000001 6.0 3.0 7.0 3.0 0.0 1.0 4.0 122.88 1.6334356970113693 1326.6371005776964
4.324220000000003 6.0 2.0 5.0 3.0 0.0 1.0 4.0 113.70000000000002 1.6911131102648453 1296.3611803302576
2.4444 7.0 3.0 6.0 3.0 0.0 0.0 3.0 162.67999999999998 1.7594066928632683 1144.8044001075198
9.795599999999997 8.0 4.0 8.0 5.0 0.0 2.0 7.0 141.12 1.0846916110762879 2601.016335700706
5.126000000000005 4.0 0.0 15.0 0.0 0.0 0.0 0.0 52.6 3.1786627519829893 360.443029141273
2.8873999999999995 7.0 5.0 8.0 4.0 0.0 0.0 4.0 191.72999999999996 1.4040493831297947 1584.4801404092593
8.817800000000002 10.0 2.0 15.0 4.0 0.0 0.0 4.0 160.23999999999998 1.4299951008666916 1776.632090039284
6.502200000000005 8.0 0.0 5.0 0.0 2.0 2.0 2.0 6.48 1.4635793989904953 321.03541880638977
3.676000000000001 2.0 2.0 0.0 5.0 0.0 0.0 5.0 65.72 2.0481360451998234 1284.6694651914381
11.743459999999988 10.0 4.0 14.0 5.0 0.0 0.0 5.0 199.98 1.26953263225915 2525.0998418685635
6.330320000000004 6.0 3.0 7.0 4.0 0.0 1.0 5.0 108.88999999999999 1.4453144899632726 1731.175032085495
5.5609000000000055 4.0 0.0 11.0 2.0 0.0 0.0 2.0 52.60000000000001 1.841431163941236 709.3281043531855
3.2920000000000007 8.0 1.0 8.0 2.0 0.0 0.0 2.0 132.49 2.28737563375386 928.0418846224059
4.538100000000002 7.0 5.0 7.0 5.0 0.0 1.0 6.0 157.53999999999996 1.2827187439948913 2023.167254578481
7.192700000000007 1.0 0.0 4.0 3.0 0.0 0.0 3.0 3.24 2.2104400553972057 835.3535434253051
5.423000000000003 5.0 2.0 5.0 3.0 0.0 1.0 4.0 79.78999999999999 1.6929904459693188 1284.9859996578173
6.172000000000007 8.0 4.0 12.0 2.0 0.0 0.0 2.0 151.26 1.7376658182267979 1346.7712079335477
17.911499999999975 4.0 0.0 47.0 0.0 0.0 0.0 0.0 52.60000000000001 3.6995569445829224 778.7890102918893
8.840260000000002 2.0 1.0 12.0 1.0 0.0 1.0 2.0 29.46 1.7382656832927932 705.4238777923209
8.531840000000006 2.0 1.0 12.0 1.0 0.0 1.0 2.0 29.46 1.6909527051875517 663.0932036772859
12.53649999999998 5.0 1.0 36.0 0.0 0.0 0.0 0.0 72.83000000000001 3.8065576798592144 681.2990462856768
-0.1213 0.0 0.0 0.0 0.0 0.0 0.0 0.0 28.5 0.0 2.0
8.637240000000004 8.0 2.0 11.0 4.0 0.0 0.0 4.0 141.77999999999997 1.4747261454450316 1739.3510619694987
5.444200000000005 8.0 2.0 13.0 2.0 0.0 0.0 2.0 136.91 2.25262949420969 1228.4742027394575
-0.268 1.0 0.0 0.0 0.0 0.0 0.0 0.0 0.0 2.0 2.0
10.295399999999994 8.0 4.0 8.0 6.0 0.0 2.0 8.0 141.12 1.0599291653459233 2691.3456054408
-0.7688 0.0 0.0 0.0 0.0 0.0 0.0 0.0 0.0 -0.0 4.854752972273344
8.020400000000006 8.0 2.0 11.0 4.0 0.0 0.0 4.0 141.77999999999997 1.4657333102005026 1617.6221355132307
6.659600000000003 1.0 0.0 6.0 0.0 0.0 0.0 0.0 3.24 7.517309656819621 554.8893687913524
9.254080000000002 8.0 2.0 11.0 4.0 0.0 0.0 4.0 141.77999999999997 1.4723332380566303 1833.3053437444883
2.3017000000000003 8.0 2.0 5.0 2.0 0.0 1.0 3.0 125.14999999999999 1.861691785705914 935.8956764732262
4.828000000000005 4.0 0.0 8.0 0.0 0.0 0.0 0.0 36.92 5.695722146514495 266.0080735786517
10.13689999999999 2.0 0.0 10.0 2.0 0.0 0.0 2.0 18.46 2.340000902034426 785.4338481250893
-0.0025 0.0 0.0 0.0 0.0 0.0 0.0 0.0 0.0 0.0 0.0
12.058599999999986 5.0 1.0 35.0 0.0 0.0 0.0 0.0 72.83 3.393157303764362 632.1744752985591
9.993099999999997 4.0 0.0 32.0 0.0 0.0 0.0 0.0 80.25999999999999 -6.876190058793677e-07 453.97231457750024
5.8867000000000065 2.0 0.0 14.0 0.0 0.0 0.0 0.0 26.3 3.4142312020576995 213.46376185040822
5.454400000000006 2.0 0.0 7.0 0.0 0.0 0.0 0.0 26.3 3.8379297609998417 280.7737975996429
11.492199999999986 2.0 0.0 29.0 0.0 0.0 0.0 0.0 26.3 3.136019616055739 379.20833670635807
-0.917 6.0 0.0 0.0 0.0 3.0 3.0 3.0 55.38000000000001 1.9280860863982685 123.87139393909501
4.189000000000004 2.0 0.0 9.0 1.0 0.0 0.0 1.0 34.14 2.219603799293727 367.9431671967477
-0.9329999999999999 9.0 0.0 6.0 0.0 0.0 0.0 0.0 130.11 -1.4399999911800002e-07 145.26715316271063
-0.3808 0.0 0.0 0.0 0.0 0.0 0.0 0.0 0.0 0.0 0.0
6.098840000000004 4.0 0.0 0.0 2.0 0.0 2.0 4.0 34.14 1.8610157994777294 913.4986610583042
3.015500000000001 6.0 1.0 4.0 2.0 0.0 1.0 3.0 93.82999999999998 1.9781076436876752 887.1544351018292
7.749040000000008 2.0 2.0 4.0 2.0 2.0 2.0 4.0 40.46 1.7298080791677568 866.1946880297837
0.11030000000000006 0.0 0.0 0.0 0.0 0.0 0.0 0.0 0.0 0.0 2.0
5.963000000000002 2.0 0.0 0.0 4.0 0.0 2.0 6.0 34.14 2.1925833698323314 1465.1292922795546
-1.9810799999999995 6.0 4.0 3.0 1.0 1.0 2.0 3.0 141.11999999999998 1.795529858704868 825.9078337986765
8.799940000000001 6.0 2.0 6.0 4.0 0.0 0.0 4.0 85.46 1.8381160888589392 1485.0779608045466
3.0370000000000017 6.0 0.0 0.0 7.0 0.0 0.0 7.0 78.14 1.9131526012910405 1886.3470521899749
3.0497200000000015 7.0 0.0 4.0 6.0 0.0 0.0 6.0 82.66999999999999 1.8097375454671931 1834.2562704089412
12.590799999999984 6.0 4.0 8.0 7.0 0.0 0.0 7.0 148.1 1.015063732660829 2502.585941362907
9.9208 4.0 0.0 32.0 0.0 0.0 0.0 0.0 36.92 4.782099996113904 337.61748460682776
-0.2401 2.0 0.0 0.0 0.0 0.0 0.0 0.0 34.14 3.2659863237109046 23.774437510817343
5.826300000000005 9.0 1.0 11.0 2.0 0.0 0.0 2.0 152.57000000000002 2.6798155909313164 1172.8291848119884
2.8148 4.0 2.0 0.0 2.0 0.0 2.0 4.0 58.2 1.8457036734108803 738.129100962498
5.639100000000005 2.0 0.0 13.0 0.0 0.0 0.0 0.0 26.3 3.0834103763587524 199.43874567421344
10.016399999999996 1.0 1.0 18.0 2.0 0.0 0.0 2.0 12.03 1.7061237680957628 630.815963163122
3.5751800000000022 3.0 0.0 4.0 2.0 0.0 0.0 2.0 50.09 2.662526257390072 640.6631951343116
9.5 6.0 2.0 13.0 2.0 0.0 0.0 2.0 93.06 1.7125071431619932 1151.9502450543582
13.235299999999976 3.0 0.0 6.0 3.0 0.0 0.0 3.0 27.69 2.2363980730144877 1323.1193486711318
5.358700000000004 9.0 0.0 10.0 2.0 0.0 0.0 2.0 123.70000000000002 2.1708756643147806 972.6447209324232
4.481800000000003 8.0 1.0 6.0 2.0 0.0 1.0 3.0 118.55000000000001 1.7250682858296624 1005.1195476279095
5.600180000000004 8.0 0.0 9.0 2.0 0.0 0.0 2.0 121.19 2.145379685508491 966.4046657053486
7.241640000000008 2.0 2.0 4.0 2.0 0.0 0.0 2.0 40.46 2.7452745469500632 778.7023668799607
14.109199999999971 5.0 0.0 40.0 0.0 0.0 0.0 0.0 52.60000000000001 3.2446836972250335 573.7479124558402
-0.3808 0.0 0.0 0.0 0.0 0.0 0.0 0.0 0.0 0.0 0.0
5.061800000000005 4.0 0.0 14.0 0.0 0.0 0.0 0.0 52.60000000000001 4.0394042357103475 328.6503493057081
5.376400000000004 8.0 1.0 8.0 2.0 0.0 0.0 2.0 143.34 2.54386569895491 1022.3668226958641
1.0984 6.0 2.0 1.0 2.0 0.0 0.0 2.0 125.19 0.0 853.696826855354
5.587280000000005 8.0 0.0 10.0 3.0 0.0 0.0 3.0 121.19 1.598098889537239 1140.2270279712604
4.558160000000004 8.0 1.0 7.0 2.0 0.0 0.0 2.0 147.77999999999997 2.5634059930813895 1057.5496597686135
5.106500000000005 2.0 0.0 12.0 0.0 0.0 0.0 0.0 26.3 3.1249611953169443 187.53598178266955
7.613200000000009 2.0 0.0 18.0 0.0 0.0 0.0 0.0 26.3 3.198318243663203 307.21465099904316
2.7114 2.0 0.0 3.0 0.0 0.0 0.0 0.0 34.14 5.911164433043687 391.0191854193106
3.555600000000002 0.0 0.0 2.0 2.0 0.0 0.0 2.0 0.0 2.1467113756182017 385.5980616534615
16.748819999999984 12.0 4.0 18.0 7.0 0.0 0.0 7.0 218.44 1.022751176965322 3479.06934686327
3.809400000000002 12.0 1.0 12.0 2.0 0.0 0.0 2.0 195.94 2.4451826561702283 1211.1173657735571
10.917099999999987 2.0 0.0 10.0 2.0 0.0 0.0 2.0 18.46 2.3549365593318603 864.9120645302348
7.801400000000009 3.0 1.0 2.0 2.0 0.0 0.0 2.0 46.53 2.6057391534132464 965.648661657664
5.485500000000004 8.0 1.0 8.0 2.0 0.0 0.0 2.0 143.34 2.54386569895491 1022.3668226958641
5.229000000000002 4.0 0.0 2.0 2.0 0.0 0.0 2.0 52.6 2.0558554078004647 682.1178506161108
7.93760000000001 1.0 0.0 18.0 0.0 0.0 0.0 0.0 3.24 4.800478378229597 220.02724232441648
6.448400000000006 6.0 0.0 6.0 9.0 0.0 0.0 9.0 78.14 1.2857856504065845 2531.8341331039546
6.823600000000007 1.0 1.0 16.0 1.0 0.0 0.0 1.0 28.68 1.6778614050433194 305.5169625407383
3.5138000000000007 8.0 2.0 3.0 3.0 0.0 0.0 3.0 149.91 6.218730513260103e-07 1266.3296013134216
5.788900000000006 6.0 0.0 14.0 2.0 0.0 0.0 2.0 71.06 1.8083762907861318 920.9724422723726
3.912500000000003 12.0 0.0 11.0 2.0 0.0 0.0 2.0 166.83999999999997 2.14272047522032 1000.8773999271754
9.425399999999996 5.0 0.0 2.0 4.0 0.0 2.0 6.0 84.41 1.5189352496094188 1847.0675413108422
4.908180000000004 7.0 0.0 6.0 2.0 0.0 0.0 2.0 118.67999999999998 2.454800498040971 945.6651133591264
3.583900000000002 4.0 2.0 15.0 0.0 0.0 0.0 0.0 66.76 3.1582537460282154 230.82999761171374
5.100800000000003 5.0 0.0 4.0 4.0 0.0 0.0 4.0 59.480000000000004 1.8358464692578413 1158.8584676376333
2.735100000000001 3.0 0.0 2.0 3.0 0.0 0.0 3.0 58.480000000000004 1.6133323822005764e-06 799.6520294283247
-0.6184000000000001 2.0 0.0 0.0 0.0 0.0 0.0 0.0 34.14 3.2659863237109046 23.774437510817343
10.408799999999994 6.0 0.0 27.0 1.0 0.0 0.0 1.0 78.90000000000002 2.6761772166286772 849.290364048045
4.1071000000000035 3.0 0.0 9.0 0.0 0.0 0.0 0.0 27.69 4.629200103222506 196.5553185806335
9.069080000000001 8.0 4.0 8.0 5.0 0.0 2.0 7.0 141.12 1.1080294732621658 2461.5913577079305
6.576600000000004 9.0 2.0 5.0 6.0 0.0 2.0 8.0 131.01 1.2217934840599034 2158.8912611417045
-1.8951199999999986 5.0 4.0 1.0 2.0 1.0 1.0 3.0 143.95 2.50892871385067 1097.5770809264
3.0119000000000007 8.0 1.0 3.0 3.0 0.0 1.0 4.0 114.78 1.8064774328340145 1231.056112099645
-2.7986999999999984 6.0 5.0 0.0 2.0 2.0 2.0 4.0 166.32999999999998 2.136830231784024 1099.712172785407
6.081100000000006 2.0 0.0 6.0 0.0 0.0 1.0 1.0 26.3 2.665028163801521 595.459454640942
6.471200000000007 2.0 0.0 7.0 0.0 0.0 1.0 1.0 26.3 2.630791535328012 610.0040482427694
2.8596000000000013 8.0 0.0 4.0 4.0 0.0 0.0 4.0 145.10999999999999 1.814998976725591e-06 1474.4192378840746
14.087899999999973 6.0 0.0 41.0 0.0 0.0 0.0 0.0 78.9 4.325581732992714 710.9708705893565
-0.49960000000000004 1.0 0.0 0.0 0.0 0.0 0.0 0.0 17.07 2.0 2.0
6.493200000000007 0.0 0.0 7.0 1.0 1.0 1.0 2.0 0.0 1.77713703501558 354.12962966862267
5.501300000000006 4.0 1.0 5.0 3.0 0.0 0.0 3.0 50.94 2.2928669416456415 904.71039798799
2.7228 10.0 4.0 9.0 2.0 0.0 0.0 2.0 193.82 2.276510746477463 1185.158613805576
6.349400000000005 6.0 2.0 0.0 11.0 0.0 0.0 11.0 133.99999999999997 1.280164667966698 3543.858079287851
-1.3605999999999998 0.0 0.0 0.0 0.0 0.0 0.0 0.0 142.5 -0.0 12.919684538544
-0.8585 0.0 0.0 0.0 0.0 0.0 0.0 0.0 114.0 -0.0 7.5097750043269365
-1.1861 0.0 0.0 0.0 0.0 0.0 0.0 0.0 117.0 -0.0 5.5097750043269365
5.026600000000005 2.0 0.0 12.0 0.0 0.0 0.0 0.0 26.3 3.0748216968060986 221.13685006057713
-0.0025 0.0 0.0 0.0 0.0 0.0 0.0 0.0 0.0 0.0 0.0
7.367200000000008 2.0 0.0 18.0 0.0 0.0 0.0 0.0 26.3 3.0505772379377247 296.3450401437983
3.5250000000000012 7.0 3.0 3.0 3.0 0.0 1.0 4.0 129.77 1.9874650818223392 1171.058588435388
-2.699699999999999 4.0 1.0 1.0 1.0 0.0 0.0 1.0 77.43 1.2099997657000466e-06 342.3157641993789
11.492199999999986 2.0 0.0 29.0 0.0 0.0 0.0 0.0 26.3 3.136019616055739 379.20833670635807
8.852300000000003 5.0 1.0 3.0 3.0 0.0 1.0 4.0 72.83 1.868736622962992 1513.9166745715431
1.9028999999999998 4.0 0.0 10.0 0.0 0.0 0.0 0.0 80.25999999999999 -2.945454481041324e-07 230.6615312216908
2.06088 8.0 1.0 5.0 2.0 0.0 1.0 3.0 128.92999999999998 1.85590489101779 1227.3431828742407
-0.3808 0.0 0.0 0.0 0.0 0.0 0.0 0.0 0.0 0.0 0.0
9.011200000000004 8.0 0.0 28.0 0.0 0.0 0.0 0.0 105.20000000000002 6.317484763515045 676.7338635575531
-0.0025 0.0 0.0 0.0 0.0 0.0 0.0 0.0 0.0 0.0 0.0
13.751999999999972 3.0 0.0 34.0 0.0 0.0 0.0 0.0 35.53 3.2209996602538804 500.16133631063894
-0.2376 2.0 0.0 0.0 0.0 0.0 0.0 0.0 34.14 3.2659863237109046 23.774437510817343
11.1039 1.0 0.0 2.0 2.0 0.0 0.0 2.0 9.23 2.712767402893689 690.9545330792267
11.808599999999988 7.0 3.0 46.0 0.0 2.0 2.0 2.0 110.85 1.3339091888245176 1005.9990173771517
4.8312000000000035 0.0 0.0 3.0 2.0 0.0 0.0 2.0 0.0 2.2751241954898864 397.66648704843345
1.3833 3.0 0.0 4.0 0.0 0.0 0.0 0.0 52.37 3.4263044810116607 90.2038970536883
1.9671999999999998 2.0 1.0 1.0 1.0 0.0 0.0 1.0 37.3 3.1790298004027595 237.53306142431705
-0.670399999999997 3.0 0.0 3.0 1.0 1.0 1.0 2.0 29.54 1.8049995100376385e-06 405.59435726046837
1.3795000000000002 3.0 2.0 4.0 1.0 0.0 0.0 1.0 72.55000000000001 2.8043725752995514 325.8647357796279
-0.5482 2.0 2.0 1.0 0.0 0.0 0.0 0.0 57.53 3.2575861612334887 57.058650025961626
3.6092000000000026 2.0 2.0 0.0 1.0 2.0 3.0 4.0 40.46 1.7111998765070122 538.2198018097884
2.691600000000001 1.0 1.0 1.0 1.0 0.0 0.0 1.0 37.3 3.318913173486669 276.2420897763861
3.3450000000000006 1.0 1.0 1.0 1.0 0.0 0.0 1.0 37.3 3.4289308810061763 335.66852769827057
0.08779999999999993 4.0 1.0 1.0 1.0 1.0 2.0 3.0 83.55000000000001 1.9609777993868625 587.8241612955018
4.171100000000004 10.0 1.0 8.0 3.0 2.0 3.0 6.0 117.78000000000002 1.293564642858826 1526.4817827505706
3.8595000000000006 4.0 2.0 3.0 2.0 0.0 0.0 2.0 92.47 2.273996755552545 734.1063538201125
1.3747 2.0 3.0 2.0 2.0 0.0 0.0 2.0 62.040000000000006 2.576000355142546 419.7820090914246
3.3450000000000006 1.0 1.0 1.0 1.0 0.0 0.0 1.0 37.3 3.3258841466405995 335.66852769827057
2.6916 1.0 1.0 1.0 1.0 0.0 0.0 1.0 37.3 3.1960696621259195 296.492089776386
-0.17430000000000012 2.0 2.0 0.0 1.0 0.0 0.0 1.0 65.72 3.523897718994017 312.83394095677266
-1.7719999999999998 8.0 8.0 6.0 1.0 0.0 0.0 1.0 187.77999999999997 4.3830768104275983e-07 516.1765210653261
0.35060000000000013 4.0 4.0 3.0 1.0 0.0 0.0 1.0 72.72 2.8351682624881787 288.1883450849283
1.38499 2.0 2.0 2.0 1.0 0.0 0.0 1.0 48.65 3.088124235677758 310.53407724797967
1.3958 1.0 0.0 4.0 0.0 0.0 0.0 0.0 3.24 2.9196126414385533 43.693328434369654
4.0633000000000035 3.0 0.0 1.0 0.0 3.0 4.0 4.0 43.370000000000005 1.6428371150526677 683.8761264525542
4.852300000000005 5.0 0.0 1.0 0.0 4.0 5.0 5.0 60.44 1.5572210087099811 817.6983003627336
0.15770000000000017 1.0 0.0 3.0 0.0 3.0 3.0 3.0 9.03 1.8804038385945931 193.94279476994834
2.1609000000000003 4.0 1.0 3.0 0.0 0.0 0.0 0.0 55.760000000000005 4.657834605001849 183.2322192588714
-0.6719000000000002 3.0 3.0 2.0 0.0 0.0 0.0 0.0 63.32 3.3434170589539605 75.33515884998701
5.929000000000003 0.0 0.0 3.0 2.0 0.0 0.0 2.0 0.0 2.467618736944898 519.572130204195
1.8483 2.0 0.0 1.0 1.0 1.0 1.0 2.0 16.130000000000003 2.194591657785846 245.27530899395387
-1.2181 6.0 3.0 2.0 1.0 1.0 1.0 2.0 104.54999999999998 2.3353960419232735 524.8528777321775
4.476420000000004 3.0 0.0 3.0 2.0 0.0 0.0 2.0 27.96 2.136611707509363 541.9201015887003
2.9140000000000015 3.0 0.0 4.0 0.0 0.0 0.0 0.0 35.53 3.9078360952395634 143.90638535044312
0.74091 2.0 2.0 0.0 1.0 0.0 0.0 1.0 48.65 3.515622477176413 282.9743004823358
-0.19009999999999977 2.0 2.0 3.0 0.0 0.0 0.0 0.0 63.32 2.8219389370591843 62.710134480364864
0.6436 4.0 0.0 0.0 0.0 3.0 3.0 3.0 52.6 2.210427288035272 318.0311611649559
-1.6290000000000004 14.0 7.0 8.0 2.0 1.0 1.0 3.0 279.13 1.6894094002007245 1104.7844074952272
4.4311200000000035 6.0 0.0 6.0 2.0 0.0 0.0 2.0 57.900000000000006 2.43202137459269 778.6322379127124
-0.4726999999999995 3.0 3.0 5.0 0.0 0.0 0.0 0.0 89.34 3.2148768968244483 105.9209386162151
-1.5511000000000001 4.0 4.0 4.0 0.0 0.0 0.0 0.0 107.22 3.455281040689958 128.9546184423832
1.2752 2.0 0.0 2.0 0.0 0.0 0.0 0.0 12.36 3.0739155094200403 81.54887502163469
-0.5783 2.0 1.0 0.0 0.0 0.0 0.0 0.0 29.259999999999998 2.3237900077244498 8.75488750216347
2.2131 3.0 0.0 3.0 1.0 1.0 1.0 2.0 29.54 2.3130142833469614 394.21444538868286
-3.3771999999999998 6.0 5.0 5.0 0.0 0.0 0.0 0.0 118.22000000000001 4.07958305039934 146.97373660251156
-5.395599999999993 11.0 8.0 5.0 0.0 2.0 2.0 2.0 189.52999999999997 2.1772696581273263 393.2032272794937
-0.6405000000000001 2.0 2.0 1.0 0.0 0.0 0.0 0.0 40.46 2.5395388613593903 18.854752972273346
3.6126000000000023 2.0 2.0 0.0 1.0 2.0 3.0 4.0 40.46 1.721704964542758 658.1613573389167
-0.7690999999999999 3.0 3.0 2.0 1.0 0.0 0.0 1.0 124.55999999999999 3.181937534409693 445.0830683691334
5.682800000000001 0.0 0.0 0.0 0.0 2.0 3.0 3.0 0.0 2.2643842348284595 458.7940325905037
4.840100000000005 3.0 0.0 2.0 0.0 3.0 4.0 4.0 43.370000000000005 1.590853355055114 620.761871865839
3.6092000000000026 2.0 2.0 0.0 1.0 2.0 3.0 4.0 40.46 1.7111998765070122 538.2198018097884
1.8492 3.0 1.0 1.0 2.0 0.0 1.0 3.0 48.19 2.418329091565916 815.1608877592521
4.580200000000004 4.0 0.0 4.0 2.0 1.0 2.0 4.0 9.72 1.4932356446643806 743.4711667615173
1.5636 2.0 0.0 3.0 1.0 0.0 0.0 1.0 33.2 2.7845068037781697 267.5130516555259
1.5281 1.0 1.0 0.0 2.0 0.0 0.0 2.0 32.86 2.9353507979720246 430.5108208761056
2.0128 5.0 2.0 3.0 3.0 0.0 0.0 3.0 97.97 1.9473573765384262 892.2508874958666
-2.388259999999997 5.0 2.0 4.0 2.0 0.0 0.0 2.0 75.91 1.804998993633916e-06 558.6575660208005
0.7270199999999998 3.0 2.0 4.0 1.0 0.0 0.0 1.0 49.69 2.4953895881253176 260.10170031680724
2.3540200000000002 1.0 1.0 0.0 1.0 0.0 0.0 1.0 20.23 3.1716780304409156 220.15617759993404
0.1513999999999998 3.0 2.0 4.0 0.0 0.0 0.0 0.0 63.32 3.2659073992264416 96.95878455585176
0.20690000000000003 3.0 3.0 2.0 0.0 0.0 0.0 0.0 20.23 2.7541847860376616 27.974168451037094
-3.1043999999999996 7.0 6.0 3.0 0.0 1.0 1.0 1.0 156.91 2.7478463984132655 275.17277561791803
0.0 3.0 0.0 1.0 0.0 1.0 1.0 1.0 41.900000000000006 2.2166579722077144 80.10749561002055
0.05219999999999991 4.0 4.0 3.0 1.0 0.0 0.0 1.0 103.78 2.7772680269131413 350.6652327975253
0.5901000000000001 2.0 2.0 5.0 0.0 0.0 0.0 0.0 63.32 2.828868134909685 83.12704561867443
-0.5084000000000002 1.0 1.0 0.0 0.0 0.0 0.0 0.0 43.09 2.8030394876740514 29.019550008653873
-0.37100000000000005 10.0 6.0 1.0 1.0 2.0 3.0 4.0 181.62 2.0282580884561154 1144.5849748086328
4.481400000000002 1.0 0.0 0.0 0.0 4.0 5.0 5.0 12.53 1.8029074597936312 516.4228624657378
4.495600000000004 4.0 0.0 5.0 2.0 0.0 1.0 3.0 15.71 1.9870942688955264 686.8198722645237
3.7452400000000017 2.0 2.0 3.0 2.0 0.0 0.0 2.0 49.33 2.4024843007490344 590.7975148337515
0.8666000000000007 3.0 0.0 2.0 3.0 0.0 0.0 3.0 19.370000000000005 1.6133324284005299e-06 723.9230463980042
-3.3611999999999984 2.0 2.0 4.0 0.0 0.0 0.0 0.0 64.35 0.0 110.65554000224186
-0.19169999999999998 2.0 2.0 1.0 0.0 0.0 0.0 0.0 63.32 3.7911184170869663 82.18080946738405
0.9912000000000007 10.0 6.0 2.0 0.0 7.0 7.0 7.0 160.14999999999998 1.3208925754803786 1224.2834066582172
-4.290199999999999 2.0 0.0 1.0 0.0 0.0 0.0 0.0 40.129999999999995 0.0 46.81274391313339
0.4213 3.0 0.0 1.0 0.0 0.0 1.0 1.0 29.54 2.573324204324121 186.5310795617182
2.528200000000001 2.0 1.0 2.0 1.0 0.0 0.0 1.0 38.33 2.781384662198301 320.8184995540784
-1.7759999999999931 10.0 6.0 0.0 2.0 2.0 8.0 10.0 188.52 1.2109889853012326e-07 1690.3967172727075
1.2294000000000005 4.0 2.0 6.0 0.0 0.0 0.0 0.0 104.63999999999999 4.466411108446044 237.20358439446318
2.871600000000001 6.0 1.0 5.0 2.0 0.0 1.0 3.0 83.09 2.414127979948404 1001.3949196223746
-2.4830799999999997 4.0 2.0 2.0 1.0 0.0 0.0 1.0 70.42 0.0 319.6998558619279
1.5557999999999998 3.0 3.0 3.0 1.0 0.0 0.0 1.0 83.55000000000001 2.9237270307423464 371.9390010832792
2.7830000000000004 2.0 0.0 0.0 3.0 0.0 0.0 3.0 25.78 2.610318687415942 547.2925174892929
0.40041999999999983 4.0 2.0 2.0 1.0 0.0 0.0 1.0 70.42 3.3475573283489237 309.41643696177533
0.6577999999999999 5.0 1.0 3.0 1.0 0.0 0.0 1.0 97.74000000000001 2.6374009499939133 382.0415557122914
0.5952999999999999 1.0 0.0 0.0 0.0 0.0 0.0 0.0 17.07 2.8030394876740514 26.264662506490403
-0.005299999999999971 1.0 0.0 0.0 0.0 0.0 0.0 0.0 17.07 2.8030394876740514 29.019550008653873
-0.3036999999999995 6.0 2.0 1.0 0.0 4.0 5.0 5.0 81.08000000000001 1.8995701742172304 621.2925177262188
3.4925000000000024 2.0 1.0 0.0 0.0 3.0 4.0 4.0 37.3 1.6520192857313454 583.0048893946201
-0.35380000000000006 3.0 2.0 0.0 2.0 0.0 0.0 2.0 74.43 3.0929120500200673 400.94019739120694
-5.397199999999993 11.0 8.0 4.0 0.0 2.0 2.0 2.0 189.52999999999997 2.114861902481824 378.01843836179484
6.609000000000001 2.0 2.0 2.0 2.0 0.0 0.0 2.0 40.46 2.641450020385574 615.5770288071316
1.6421 4.0 0.0 2.0 1.0 0.0 0.0 1.0 86.28 3.267052212361691 378.8970430243959
0.9221000000000046 9.0 6.0 23.0 0.0 0.0 0.0 0.0 205.84 3.7506113991547503 739.3513782599549
-0.6359000000000006 3.0 3.0 3.0 1.0 0.0 0.0 1.0 92.0 2.4987607772382447 231.9852514925044
-0.6479000000000001 3.0 2.0 0.0 1.0 0.0 0.0 1.0 71.77 3.277417459528498 228.72507399518807
3.247300000000002 13.0 5.0 7.0 0.0 7.0 8.0 8.0 182.82999999999998 0.8263083726243678 1374.4176851913944
-4.878899999999998 3.0 1.0 1.0 0.0 0.0 0.0 0.0 60.36 0.0 61.20035947603792
5.205900000000002 2.0 0.0 4.0 2.0 0.0 0.0 2.0 18.46 2.4145368579066235 526.466238471707
1.8732000000000002 4.0 2.0 0.0 2.0 0.0 1.0 3.0 74.6 2.3767550120547685 700.9353339687134
-0.0648999999999999 4.0 2.0 0.0 2.0 0.0 0.0 2.0 80.47999999999999 2.950090305322589 351.5657969317911
1.6254 5.0 3.0 3.0 2.0 0.0 1.0 3.0 118.35999999999999 2.108091332338603 1085.2804921773177
0.8788 4.0 3.0 2.0 1.0 0.0 1.0 2.0 101.28999999999999 2.5759478838468004 615.039073944342
0.6361 0.0 0.0 0.0 0.0 0.0 0.0 0.0 0.0 0.0 0.0
0.13978 1.0 0.0 0.0 0.0 0.0 0.0 0.0 23.79 3.0 6.754887502163469
0.6395 0.0 0.0 0.0 0.0 0.0 0.0 0.0 0.0 2.475534205527556 21.509775004326936
-0.03499999999999981 1.0 1.0 0.0 0.0 0.0 0.0 0.0 26.02 1.6329931618554523 2.7548875021634682
0.07619999999999999 2.0 1.0 0.0 0.0 0.0 0.0 0.0 32.59 2.1874960973678963 12.264662506490405
0.016600000000000004 1.0 0.0 0.0 0.0 1.0 1.0 1.0 12.53 2.25 7.509775004326937
2.4547 0.0 0.0 0.0 0.0 0.0 0.0 0.0 0.0 2.3237900077244498 8.0
1.8298 0.0 0.0 0.0 0.0 0.0 0.0 0.0 0.0 2.3237900077244498 8.0
0.35350000000000004 1.0 1.0 0.0 0.0 0.0 0.0 0.0 26.02 2.3237900077244498 8.0
2.575 0.0 0.0 0.0 0.0 0.0 0.0 0.0 0.0 2.3237900077244498 8.0
-0.021899999999999975 1.0 1.0 0.0 0.0 1.0 1.0 1.0 21.94 2.171098317873574 22.464393446710154
0.11099999999999993 1.0 1.0 0.0 0.0 0.0 0.0 0.0 37.3 3.472066495600119 53.783539865693655
0.2808800000000001 2.0 1.0 0.0 0.0 0.0 0.0 0.0 44.019999999999996 3.552734354515761 74.52932501298082
1.7874999999999999 0.0 0.0 0.0 0.0 0.0 0.0 0.0 0.0 3.1684898726705697 38.54808140664299
0.5748 2.0 0.0 0.0 0.0 0.0 0.0 0.0 40.129999999999995 3.7911184170869663 83.42592196522058
1.6215 1.0 0.0 0.0 0.0 0.0 0.0 0.0 17.07 3.7911184170869663 76.67103446305711
1.2648000000000001 1.0 1.0 1.0 0.0 0.0 0.0 0.0 37.3 3.7911184170869663 83.42592196522058
1.7374 1.0 1.0 0.0 0.0 0.0 0.0 0.0 20.23 3.541196965079901 55.69058447171098
0.9026000000000001 1.0 1.0 1.0 0.0 0.0 0.0 0.0 37.3 3.7911184170869663 86.18080946738405
3.1882 0.0 0.0 0.0 0.0 0.0 0.0 0.0 0.0 4.020391543176799 67.01955000865388
3.1882 0.0 0.0 1.0 0.0 0.0 0.0 0.0 0.0 4.020391543176799 67.01955000865388
2.401700000000001 1.0 0.0 0.0 0.0 2.0 2.0 2.0 17.07 2.4741517243797513 216.91266689075218
-4.819399999999998 8.0 6.0 1.0 0.0 2.0 2.0 2.0 191.0 2.5655828576955138 503.28429258442094
2.4188000000000005 6.0 2.0 2.0 0.0 4.0 5.0 5.0 93.06000000000002 1.6368996691130526 925.030308713443
0.033999999999999975 3.0 1.0 2.0 0.0 0.0 0.0 0.0 63.37 3.9084966379068447 99.45654516950495
1.0982999999999998 2.0 2.0 2.0 0.0 0.0 0.0 0.0 40.46 4.0137374978541 81.8135375281251
5.2415 0.0 0.0 0.0 0.0 1.0 3.0 3.0 0.0 2.317184279672631 467.2748718023595
1.5011 4.0 1.0 1.0 1.0 1.0 4.0 5.0 41.93 1.8223654238415254 685.154996148535
1.8911999999999998 4.0 1.0 2.0 1.0 1.0 4.0 5.0 41.93 1.7782656164724602 700.1002951306716
3.0258200000000004 4.0 4.0 3.0 3.0 0.0 0.0 3.0 98.28999999999999 2.247180317893434 809.557368102885
3.970800000000003 1.0 1.0 3.0 3.0 0.0 0.0 3.0 20.23 2.2388084635451477 563.2391420701314
0.31029999999999963 3.0 2.0 1.0 1.0 1.0 1.0 2.0 75.27000000000001 2.4809749690175766 447.3778361097199
3.560100000000002 4.0 2.0 2.0 3.0 0.0 1.0 4.0 66.76 2.030290845763751 865.6287032132533
0.9609999999999999 3.0 2.0 4.0 0.0 1.0 1.0 1.0 75.27000000000001 3.0548516358409223 327.1388378978494
0.9242000000000007 4.0 3.0 2.0 2.0 0.0 1.0 3.0 109.49000000000001 2.229556596462052 897.4658924470712
-0.9936 4.0 2.0 3.0 0.0 0.0 0.0 0.0 83.6 4.090340515801205 109.13526283059372
1.5574 1.0 1.0 2.0 0.0 0.0 0.0 0.0 20.23 3.3604351426960575 42.14170945007629
1.25868 3.0 0.0 3.0 0.0 0.0 0.0 0.0 53.330000000000005 4.290343871518226 184.57719722681782
3.0984000000000016 8.0 0.0 15.0 0.0 0.0 0.0 0.0 105.2 5.405774618963106 476.4341545895363
0.18700000000000006 7.0 1.0 8.0 0.0 0.0 0.0 0.0 99.13000000000001 4.846201470660812 304.03958829237104
-0.6403000000000001 3.0 3.0 4.0 0.0 0.0 0.0 0.0 60.69 3.824684203207495 51.19344939991072
-1.1939999999999997 12.0 0.0 12.0 0.0 0.0 0.0 0.0 209.48 5.01638998398724 332.94219141264887
1.6604 2.0 1.0 3.0 0.0 0.0 0.0 0.0 52.32 3.924503442864204 118.77451436272597
6.256760000000005 4.0 0.0 6.0 3.0 0.0 0.0 3.0 44.760000000000005 1.8769606130888221 777.8125787062978
2.0227 4.0 2.0 7.0 0.0 0.0 0.0 0.0 90.65 4.239056776558339 281.25097565253355
4.613000000000004 3.0 0.0 11.0 0.0 0.0 0.0 0.0 35.53 3.9708178718633502 180.7028942458906
0.7865 9.0 2.0 5.0 1.0 0.0 0.0 1.0 109.17 2.708345052445902 389.65541027740545
2.6698000000000013 1.0 1.0 4.0 0.0 0.0 0.0 0.0 20.23 3.705911539178391 150.2557123669929
2.4972000000000003 0.0 0.0 1.0 0.0 0.0 0.0 0.0 0.0 2.5395388613593908 18.854752972273346
2.1647 0.0 0.0 1.0 0.0 0.0 0.0 0.0 0.0 2.5395388613593903 18.854752972273346
0.6011000000000001 1.0 1.0 1.0 0.0 0.0 0.0 0.0 26.02 2.5395388613593903 17.609640474436812
1.9777 0.0 0.0 1.0 0.0 0.0 0.0 0.0 0.0 2.847378923087672 40.1577218810798
0.8142 1.0 0.0 1.0 0.0 0.0 0.0 0.0 17.07 2.8473789230876716 42.1577218810798
-0.6741000000000001 2.0 2.0 1.0 0.0 0.0 0.0 0.0 46.25 2.5395388613593903 20.854752972273346
2.2001 0.0 0.0 1.0 0.0 0.0 0.0 0.0 0.0 2.5395388613593908 18.854752972273346
0.46590000000000004 1.0 1.0 1.0 0.0 0.0 0.0 0.0 37.3 2.8473789230876716 42.91260938324327
0.02249999999999991 3.0 1.0 0.0 0.0 0.0 0.0 0.0 46.53 2.8473789230876716 40.1577218810798
0.8747 1.0 1.0 1.0 0.0 0.0 0.0 0.0 37.3 3.2575861612334887 60.568425030288566
-1.0432999999999995 4.0 4.0 6.0 0.0 0.0 0.0 0.0 106.86000000000001 4.050539880408987 238.6572029354464
-0.9219999999999999 4.0 0.0 1.0 0.0 1.0 1.0 1.0 66.43 2.817106564307271 206.48611332922962
2.0445 6.0 2.0 4.0 2.0 0.0 0.0 2.0 97.97 2.2290446982809278 662.2585618674996
4.805200000000005 2.0 0.0 5.0 2.0 0.0 0.0 2.0 18.46 2.080213974786274 478.35938487514255
3.0798000000000014 1.0 1.0 2.0 1.0 0.0 0.0 1.0 20.23 2.9642864574405583 246.21155198252438
3.694300000000003 3.0 1.0 1.0 0.0 3.0 4.0 4.0 54.370000000000005 1.7233351689464649 620.5733968704452
1.6155 3.0 0.0 1.0 1.0 1.0 1.0 2.0 54.45 2.4600462696750736 538.3399004379567
3.6199400000000033 5.0 0.0 3.0 1.0 0.0 0.0 1.0 103.35 4.1661356749355996 615.3038176152639
3.4487000000000023 4.0 4.0 4.0 0.0 4.0 4.0 4.0 97.99000000000001 1.6063269488351186 636.7605586006101
1.5787999999999995 5.0 3.0 0.0 2.0 0.0 1.0 3.0 94.83 2.4251758065888405 745.7418105144527
4.263000000000003 4.0 1.0 4.0 3.0 0.0 0.0 3.0 67.50999999999999 2.242640220213431 957.2578858098649
3.976200000000002 3.0 3.0 4.0 3.0 0.0 0.0 3.0 77.75999999999999 2.2070448331967043 806.0671431072121
2.35262 3.0 1.0 0.0 2.0 0.0 1.0 3.0 60.16 2.3767550120547685 701.634943943392
0.9554000000000002 6.0 2.0 2.0 2.0 0.0 1.0 3.0 142.88 2.463892691270332 1039.8595702093128
3.0234000000000014 2.0 0.0 3.0 2.0 1.0 1.0 3.0 6.48 1.9195611561338586 476.12919033320236
2.2970000000000006 3.0 0.0 1.0 1.0 0.0 1.0 2.0 51.21 2.473696164244312 485.51401432612516
1.8036 5.0 3.0 2.0 0.0 3.0 4.0 4.0 94.83000000000001 1.781065864389522 753.802096834946
4.477900000000005 3.0 3.0 4.0 0.0 4.0 4.0 4.0 77.76 1.5625279212635272 605.412568486979
1.5385 2.0 0.0 0.0 2.0 0.0 0.0 2.0 22.0 3.0484072358912115 470.46742834865574
3.7033000000000023 6.0 0.0 3.0 2.0 0.0 3.0 5.0 63.22 1.581624927135841 1040.1489593987324
-3.132600000000001 12.0 12.0 12.0 0.0 1.0 1.0 1.0 400.56000000000006 4.0413777388734875 817.8311269922161
-1.7235599999999989 9.0 5.0 5.0 1.0 0.0 2.0 3.0 161.56 2.2752894120966243 1075.453994856704
5.0206000000000035 0.0 0.0 2.0 3.0 0.0 0.0 3.0 0.0 2.177338239934605 565.9660655475085
3.3225000000000025 4.0 0.0 4.0 2.0 3.0 3.0 5.0 42.43 1.7020947986550299 801.3254722669026
1.8732 4.0 2.0 0.0 2.0 0.0 1.0 3.0 74.6 2.3147588544522666 639.4353339687134
4.125000000000003 4.0 0.0 4.0 3.0 0.0 0.0 3.0 52.60000000000001 1.8205415109696528 769.2824078454845
8.281600000000006 4.0 0.0 20.0 1.0 0.0 0.0 1.0 52.60000000000001 2.2375678668586367 558.2048653628334
2.985800000000002 4.0 0.0 1.0 2.0 0.0 1.0 3.0 48.67 2.3616699691729646 737.6293642377805
-0.3863000000000005 5.0 1.0 0.0 2.0 0.0 0.0 2.0 72.68 3.1743854173727075 620.8771075398187
3.2692000000000014 2.0 1.0 3.0 2.0 0.0 0.0 2.0 54.37 2.459795907470056 602.6910984790119
2.945520000000001 2.0 2.0 3.0 2.0 0.0 0.0 2.0 66.4 2.2795684071549243 634.7927427712116
0.9154000000000002 5.0 3.0 2.0 2.0 0.0 0.0 2.0 134.76 2.978954274654044 870.2731742836017
0.9154000000000002 5.0 3.0 2.0 2.0 0.0 0.0 2.0 134.76 2.9324305727929096 870.2731742836017
3.342080000000002 1.0 0.0 2.0 2.0 0.0 0.0 2.0 23.79 2.3923079888567993 414.2023031575267
1.9329999999999998 2.0 1.0 1.0 2.0 0.0 0.0 2.0 50.19 2.8309756583676706 459.93632858848656
1.5248999999999997 4.0 0.0 4.0 1.0 0.0 0.0 1.0 44.760000000000005 3.309285566741771 307.88903760611623
2.5951000000000017 3.0 1.0 4.0 1.0 0.0 0.0 1.0 46.53 2.50866447696668 331.39404607382073
0.5412999999999999 4.0 2.0 3.0 1.0 0.0 0.0 1.0 66.76 2.710721902361315 295.42110525079596
-0.035000000000000364 3.0 2.0 4.0 2.0 0.0 0.0 2.0 85.02000000000001 2.255584922915833 588.6888111996076
1.0062999999999998 3.0 1.0 0.0 2.0 0.0 0.0 2.0 54.46 2.950090305322589 355.1754374062279
2.2411200000000004 4.0 0.0 2.0 2.0 0.0 0.0 2.0 47.36000000000001 2.346473820907022 546.6189292272288
2.3540200000000007 1.0 1.0 0.0 1.0 0.0 0.0 1.0 20.23 3.2478347337367026 199.9061775999341
0.8033999999999997 3.0 3.0 0.0 1.0 0.0 0.0 1.0 60.69 3.2478347337367026 199.2929995478469
6.261600000000001 0.0 0.0 0.0 1.0 0.0 0.0 1.0 0.0 3.6035674514745475 226.30309024251744
-0.8226000000000001 6.0 0.0 0.0 1.0 0.0 0.0 1.0 66.0 3.998306133327459 380.520360129432
3.3523999999999994 1.0 1.0 0.0 1.0 0.0 0.0 1.0 20.23 3.310532874722407 236.16499587006643
1.9506999999999999 2.0 0.0 1.0 1.0 0.0 0.0 1.0 17.07 2.9283752374267684 176.41842212960407
2.3192000000000004 3.0 1.0 1.0 1.0 0.0 0.0 1.0 63.37 3.3771158134046155 374.93303613863793
2.7221000000000024 5.0 1.0 4.0 1.0 0.0 0.0 1.0 106.50999999999999 3.4804705364557766 472.0092160085263
-0.11559999999999981 2.0 2.0 2.0 1.0 0.0 0.0 1.0 86.18 3.267076195703771 300.58467465916425
1.0119 2.0 2.0 3.0 1.0 0.0 0.0 1.0 74.6 3.0435273546341013 343.22286772671646
1.8304 3.0 1.0 1.0 1.0 0.0 0.0 1.0 69.16 3.232208870305491 300.6337992264624
1.9538 3.0 1.0 1.0 1.0 0.0 0.0 1.0 63.37 3.232208870305491 299.8789117242989
-3.6523 7.0 5.0 3.0 0.0 1.0 1.0 1.0 127.45000000000002 2.65785076373889 218.0838499786226
3.4774200000000026 1.0 1.0 1.0 1.0 0.0 0.0 1.0 20.23 3.231552503570132 292.1352079833958
3.6023000000000014 0.0 0.0 0.0 2.0 0.0 0.0 2.0 0.0 2.9131611636048604 374.03449039867854
2.3451000000000004 2.0 0.0 0.0 0.0 4.0 4.0 4.0 6.48 1.5611579447848867 262.6464070845272
0.7464999999999999 3.0 1.0 4.0 0.0 0.0 0.0 0.0 63.6 4.678586387965393 249.78347512548117
-3.0132 6.0 4.0 1.0 0.0 1.0 1.0 1.0 107.22000000000001 2.700156133679265 178.8771237954945
3.0496000000000016 3.0 0.0 4.0 2.0 0.0 0.0 2.0 23.550000000000004 2.2190020999743023 529.8919984605118
1.6297999999999997 2.0 0.0 0.0 2.0 0.0 0.0 2.0 25.78 2.8880516016579914 278.23446335792846
2.4220000000000006 1.0 1.0 0.0 2.0 0.0 0.0 2.0 26.02 2.8289012156206956 379.2844903986785
2.7113000000000014 4.0 0.0 6.0 2.0 0.0 0.0 2.0 19.37 2.0732034269229183 439.32736809121815
2.764800000000001 2.0 2.0 1.0 2.0 0.0 0.0 2.0 40.46 2.483814803753657 435.32964673815036
5.0206000000000035 0.0 0.0 2.0 3.0 0.0 0.0 3.0 0.0 2.0535802172902335 569.7160655475084
0.6912200000000012 3.0 1.0 1.0 3.0 0.0 0.0 3.0 42.150000000000006 1.4699992770170363e-06 786.7646959811065
2.251000000000001 2.0 2.0 0.0 2.0 0.0 0.0 2.0 40.46 2.8395199428108353 380.60813525322834
1.5051999999999999 2.0 1.0 4.0 1.0 0.0 0.0 1.0 23.47 2.6628956429165638 210.33838110546367
2.5524000000000004 3.0 2.0 0.0 3.0 0.0 0.0 3.0 64.93 2.4397721399992816 632.1378427386805
3.5562000000000022 1.0 0.0 2.0 2.0 0.0 0.0 2.0 17.07 2.361069147232481 454.4571906596901
3.261800000000002 2.0 0.0 2.0 2.0 0.0 0.0 2.0 43.14 2.361069147232481 462.7406095598427
1.5163 3.0 0.0 3.0 1.0 0.0 0.0 1.0 35.53 3.0999386159446907 281.102178757748
1.9329999999999998 2.0 1.0 1.0 2.0 0.0 0.0 2.0 50.19 2.6860346638769905 465.18632858848656
2.8516400000000006 1.0 0.0 0.0 2.0 0.0 0.0 2.0 12.89 2.797846408466882 381.5236683970916
1.4258 1.0 0.0 5.0 0.0 0.0 0.0 0.0 20.310000000000002 3.9526129511041805 146.17104785693348
3.8904000000000014 2.0 1.0 5.0 1.0 0.0 0.0 1.0 46.53 2.537807527581172 393.1407987110952
1.8484 2.0 0.0 3.0 1.0 0.0 0.0 1.0 34.14 2.725078186491341 287.9667060215555
2.6838000000000006 3.0 0.0 2.0 2.0 0.0 0.0 2.0 43.370000000000005 2.079926562733872 468.17829035170257
3.323800000000002 3.0 0.0 4.0 1.0 0.0 0.0 1.0 35.53 2.5137710721643542 377.49246638571486
2.0816 3.0 1.0 3.0 1.0 0.0 0.0 1.0 52.32 2.5660357728607748 303.5684995540784
2.5839000000000008 4.0 0.0 8.0 1.0 0.0 0.0 1.0 38.77 2.4032661185674624 371.4820059877595
-3.3058999999999985 2.0 1.0 1.0 0.0 0.0 1.0 1.0 34.28 9.999998160000349e-07 220.4804633852226
3.7155000000000022 3.0 0.0 6.0 1.0 0.0 0.0 1.0 35.53 2.366463998272113 380.01353248332697
2.8920200000000005 2.0 1.0 5.0 1.0 0.0 0.0 1.0 46.53 2.404692996477169 349.6863125286536
4.229200000000002 3.0 0.0 5.0 2.0 0.0 0.0 2.0 35.53 1.778825888320389 584.9274267055372
1.1659 2.0 2.0 5.0 0.0 0.0 0.0 0.0 40.46 3.529930309226677 69.65784284662087
2.9784000000000015 6.0 0.0 15.0 0.0 0.0 0.0 0.0 71.06 3.428758790005351 291.4706749870192
0.9830000000000001 4.0 2.0 2.0 0.0 0.0 0.0 0.0 61.69 4.027243339066914 119.20671786825557
1.88564 1.0 1.0 0.0 1.0 0.0 0.0 1.0 26.02 3.171678030440915 215.80766205433727
2.6990000000000007 1.0 1.0 0.0 1.0 0.0 0.0 1.0 20.23 3.1716780304409156 222.29788705001033
0.11260000000000003 4.0 0.0 2.0 0.0 0.0 0.0 0.0 52.60000000000001 3.6012554446032645 113.70950594454669
1.1371 1.0 1.0 2.0 0.0 0.0 0.0 0.0 20.23 2.7541847860376616 27.974168451037094
2.0713999999999997 0.0 0.0 2.0 0.0 0.0 0.0 0.0 0.0 2.7541847860376616 25.219280948873624
-0.2840000000000001 2.0 2.0 2.0 0.0 0.0 0.0 0.0 46.25 2.7541847860376616 26.72905595320056
-0.4216 2.0 2.0 2.0 0.0 0.0 0.0 0.0 40.46 2.7541847860376616 27.974168451037094
1.2465 2.0 1.0 1.0 0.0 0.0 0.0 0.0 32.59 3.2188150560434132 58.568425030288566
1.1853 1.0 0.0 0.0 0.0 1.0 1.0 1.0 9.23 2.184105569636068 37.20310343869659
3.230000000000002 2.0 0.0 2.0 0.0 0.0 0.0 0.0 26.3 4.097767717974698 167.7696121417746
1.0975 2.0 1.0 4.0 0.0 0.0 0.0 0.0 23.47 3.728002409310191 73.32677655889418
0.2316999999999998 2.0 2.0 3.0 0.0 0.0 0.0 0.0 66.4 4.11529460833615 165.0686213592998
5.862600000000001 3.0 2.0 2.0 2.0 0.0 0.0 2.0 40.46 2.4729202264566297 590.6118891901951
1.5072 1.0 1.0 3.0 0.0 0.0 0.0 0.0 37.3 3.3180871972839956 78.59772060569361
-0.06970000000000004 3.0 1.0 2.0 0.0 0.0 0.0 0.0 46.53 3.329150037184473 77.74296763342026
1.8416000000000001 2.0 0.0 3.0 0.0 0.0 0.0 0.0 26.3 3.4037533061532064 105.82521876648653
0.7719 2.0 1.0 1.0 1.0 0.0 0.0 1.0 33.370000000000005 2.762608341443769 120.63609436412281
2.3953000000000015 2.0 2.0 0.0 1.0 0.0 0.0 1.0 40.46 3.138261335720987 284.3803204812324
2.5037000000000007 1.0 1.0 1.0 0.0 0.0 1.0 1.0 20.23 2.5385757360885064 162.20181564730422
2.2187 2.0 0.0 1.0 1.0 0.0 0.0 1.0 34.14 3.2015159310664942 343.3499619957353
1.7399 1.0 1.0 1.0 1.0 0.0 0.0 1.0 20.23 2.848234050597751 167.1823264341432
3.1628000000000016 0.0 0.0 1.0 1.0 0.0 0.0 1.0 0.0 2.848234050597751 169.53084197973996
0.7797999999999999 2.0 1.0 1.0 1.0 0.0 0.0 1.0 50.19 2.981454614041131 207.5576620543373
0.22229999999999983 8.0 4.0 6.0 2.0 1.0 1.0 3.0 125.68000000000002 1.6715106818270646 780.7849710428459
0.5899999999999996 5.0 3.0 1.0 1.0 0.0 0.0 1.0 86.99000000000001 3.20372282479125 321.3827772609335
2.4838000000000005 3.0 1.0 1.0 1.0 0.0 0.0 1.0 69.16 3.306535412749064 317.31512465051026
0.036199999999999954 4.0 2.0 2.0 1.0 0.0 0.0 1.0 104.81 3.350192975980872 379.9860982921892
2.4879000000000007 1.0 0.0 1.0 0.0 0.0 1.0 1.0 17.07 2.698294200312726 223.02727634487286
2.9057000000000013 1.0 1.0 2.0 1.0 0.0 0.0 1.0 20.23 2.8057445316140472 212.81931585565167
3.308900000000002 0.0 0.0 1.0 0.0 0.0 1.0 1.0 0.0 2.5385118917425267 170.4773317567079
1.083 2.0 2.0 2.0 1.0 0.0 0.0 1.0 74.6 3.0061498337295465 279.3346746591642
0.32050000000000006 2.0 1.0 4.0 0.0 0.0 0.0 0.0 23.47 3.0743734120651833 43.79319390447952
0.9532799999999999 2.0 0.0 0.0 1.0 0.0 0.0 1.0 36.68 3.049388908161901 197.51856203702957
0.9532799999999999 2.0 0.0 0.0 1.0 0.0 0.0 1.0 36.68 3.049388908161901 197.51856203702957
0.5478000000000001 2.0 1.0 1.0 0.0 1.0 1.0 1.0 29.46 2.1250162554146717 57.548875021634686
0.3385 2.0 0.0 1.0 0.0 1.0 1.0 1.0 12.47 2.1250162554146717 59.548875021634686
2.1919 2.0 1.0 3.0 1.0 0.0 0.0 1.0 46.53 2.688220172626696 311.4830532803017
1.9309 4.0 1.0 4.0 1.0 2.0 2.0 3.0 49.769999999999996 1.632677623313254 476.06840462966727
2.9830000000000005 1.0 1.0 2.0 2.0 0.0 0.0 2.0 20.23 2.155110851234288 389.34055657608894
3.3306000000000013 1.0 2.0 2.0 2.0 0.0 0.0 2.0 41.13 1.9521941477943936 410.3735146257326
3.373800000000002 0.0 0.0 3.0 1.0 0.0 0.0 1.0 0.0 3.011257354290591 192.98255553483457
1.6275 2.0 0.0 6.0 0.0 0.0 0.0 0.0 6.48 3.5812931166119077 65.63191840205
-0.8863999999999979 6.0 4.0 11.0 0.0 0.0 0.0 0.0 87.4 4.3489258420552614 191.21379302355632
1.8464 1.0 0.0 6.0 0.0 0.0 0.0 0.0 3.24 3.5761876073373 92.12223629333103
3.6887000000000025 1.0 0.0 9.0 0.0 0.0 0.0 0.0 3.24 3.467990238339422 72.1057163358342
2.6240000000000006 0.0 0.0 2.0 1.0 0.0 0.0 1.0 0.0 2.61489994009295 157.4784207656209
1.406 1.0 1.0 2.0 1.0 0.0 0.0 1.0 12.03 2.61489994009295 157.4784207656209
1.95342 1.0 1.0 1.0 1.0 0.0 0.0 1.0 29.1 2.7362980721056545 250.77017257091032
0.8120999999999998 3.0 3.0 3.0 1.0 0.0 0.0 1.0 79.51 2.6043534448757444 413.33213547053845
1.24172 2.0 1.0 1.0 1.0 0.0 0.0 1.0 54.37 3.2015159310664942 336.4533650434956
2.2881 4.0 0.0 7.0 1.0 0.0 0.0 1.0 44.760000000000005 2.3520273849290265 381.2853943754878
1.072 3.0 2.0 4.0 1.0 0.0 0.0 1.0 49.69 2.411261457917634 247.54165625270005
5.369800000000005 0.0 0.0 9.0 1.0 0.0 0.0 1.0 0.0 1.8867858752137914 237.4750399341736
-0.4814000000000002 3.0 2.0 2.0 0.0 1.0 1.0 1.0 49.69 2.204974083399939 74.37215811651096
0.7806 1.0 1.0 2.0 0.0 0.0 0.0 0.0 20.23 3.040482576057923 70.7394300557699
0.7883 2.0 0.0 2.0 0.0 0.0 0.0 0.0 26.3 3.002590528674132 62.710134480364864
0.13849999999999985 3.0 0.0 2.0 0.0 0.0 0.0 0.0 43.370000000000005 3.3954996118673995 106.24140984101263
1.3479999999999999 2.0 0.0 2.0 0.0 0.0 0.0 0.0 26.3 3.2364267831001374 78.59772060569361
1.6729999999999998 4.0 0.0 7.0 0.0 0.0 0.0 0.0 52.6 3.2823051857661723 156.96081175542733
0.9259999999999999 6.0 0.0 11.0 0.0 0.0 0.0 0.0 71.06 3.3233194240262938 204.60752504759637
2.5199000000000007 2.0 0.0 6.0 0.0 0.0 0.0 0.0 26.3 3.040425665876032 99.73585546369786
2.910000000000001 2.0 0.0 7.0 0.0 0.0 0.0 0.0 26.3 3.0296226214745263 110.40620687739315
1.3483999999999998 4.0 2.0 0.0 1.0 0.0 1.0 2.0 74.6 1.5999999778750008e-07 381.59149412625413
2.1557000000000004 1.0 0.0 4.0 0.0 0.0 0.0 0.0 17.07 2.988598647973156 66.78707744334402
-1.7675999999999992 2.0 2.0 0.0 0.0 1.0 1.0 1.0 58.2 2.400854042379075 104.0
-0.2354 3.0 2.0 4.0 0.0 0.0 0.0 0.0 49.69 3.0608205611627866 63.32331253245203
2.5458000000000007 1.0 0.0 5.0 0.0 0.0 0.0 0.0 17.07 2.9730624080867365 76.63682062300136
2.4532000000000007 4.0 0.0 9.0 0.0 0.0 0.0 0.0 52.60000000000001 3.0976081049326942 179.19544121138722
1.0145 0.0 0.0 0.0 0.0 0.0 0.0 0.0 0.0 2.4330963097956344 33.03830640231605
1.0295999999999998 0.0 0.0 0.0 0.0 0.0 0.0 0.0 0.0 2.4330963097956344 29.793193904479523
1.3262 1.0 1.0 1.0 0.0 0.0 0.0 0.0 0.0 1.9747448713915894 5.245112497836532
1.6200999999999999 0.0 0.0 1.0 0.0 0.0 0.0 0.0 0.0 1.9747448713915894 8.0
1.4112 0.0 0.0 1.0 0.0 0.0 0.0 0.0 0.0 2.2968352619191386 17.24511249783653
0.13110000000000005 1.0 1.0 1.0 0.0 0.0 0.0 0.0 26.02 2.2968352619191386 17.24511249783653
-1.0962 2.0 2.0 1.0 0.0 0.0 0.0 0.0 52.04 1.9747448713915894 6.0
0.16469999999999996 1.0 1.0 1.0 0.0 0.0 0.0 0.0 20.23 2.2968352619191386 17.24511249783653
-1.0290000000000001 2.0 2.0 1.0 0.0 0.0 0.0 0.0 40.46 1.9747448713915894 6.0
-0.6158000000000001 2.0 0.0 1.0 0.0 0.0 0.0 0.0 34.14 2.7320508075688776 25.019550008653873
-1.1670999999999996 3.0 2.0 2.0 0.0 0.0 0.0 0.0 80.39 3.602196822415083 125.87033355475131
-1.1334999999999997 3.0 2.0 2.0 0.0 0.0 0.0 0.0 74.6 3.602196822415083 122.62522105691478
0.5282 2.0 2.0 2.0 0.0 0.0 0.0 0.0 40.46 3.388924101358251 61.419011889093376
2.2038 2.0 0.0 2.0 0.0 0.0 0.0 0.0 26.3 3.5623157642674084 106.6059378176129
3.3652000000000024 7.0 0.0 10.0 0.0 0.0 0.0 0.0 80.29 4.786871873258736 245.59828156425175
3.391200000000002 2.0 0.0 4.0 0.0 0.0 0.0 0.0 18.46 4.252851184729936 149.20840262051135
1.4519 2.0 1.0 1.0 0.0 0.0 0.0 0.0 52.32000000000001 3.394970924416841 110.11571282193987
1.3905 2.0 0.0 3.0 0.0 0.0 0.0 0.0 26.3 3.713999809664675 105.4837783761905
2.4274000000000004 0.0 0.0 2.0 0.0 0.0 0.0 0.0 0.0 2.6272148478988635 25.11941547876375
-0.25039999999999996 2.0 2.0 2.0 0.0 0.0 0.0 0.0 40.46 2.6272148478988635 26.72905595320056
-0.043800000000000006 2.0 1.0 2.0 0.0 0.0 0.0 0.0 37.3 2.8141442217770303 40.81274391313339
-0.6146200000000002 2.0 1.0 1.0 0.0 0.0 0.0 0.0 66.88 3.1275799516775433 91.45654516950492
0.8711 1.0 1.0 2.0 0.0 0.0 0.0 0.0 37.3 2.831257109931365 49.50977500432694
-0.7096000000000002 2.0 2.0 2.0 0.0 0.0 0.0 0.0 49.33 2.831257109931365 52.75488750216347
-0.45970000000000016 2.0 1.0 2.0 0.0 0.0 0.0 0.0 23.47 2.6272148478988635 28.72905595320056
2.6885000000000012 0.0 0.0 2.0 0.0 0.0 0.0 0.0 0.0 2.9532231745612925 29.302968908806456
1.4133 1.0 1.0 2.0 0.0 0.0 0.0 0.0 20.23 2.9532231745612925 33.44467835888275
0.09600000000000009 3.0 0.0 0.0 0.0 0.0 0.0 0.0 43.370000000000005 3.318019590380522 83.10802962390817
0.6131 2.0 0.0 0.0 0.0 0.0 1.0 1.0 26.3 2.759543614305127 128.15914403188967
2.2780199999999997 5.0 1.0 6.0 1.0 0.0 0.0 1.0 73.44 2.6981710261565124 342.1657978425027
2.6484200000000007 0.0 0.0 0.0 1.0 0.0 0.0 1.0 0.0 3.077660437970554 164.24662946459569
1.4504 4.0 0.0 0.0 0.0 1.0 1.0 1.0 36.92 2.450052921667673 99.01955000865388
1.5956000000000001 2.0 0.0 3.0 0.0 0.0 0.0 0.0 26.3 3.2711920488970017 86.91694057588533
2.00686 1.0 0.0 0.0 1.0 0.0 0.0 1.0 12.89 3.165670309917317 165.32984016148868
1.9841 2.0 0.0 3.0 0.0 0.0 0.0 0.0 26.3 3.4313807383393122 107.82521876648654
1.39002 1.0 0.0 0.0 1.0 0.0 0.0 1.0 12.89 3.0214653097240864 134.10736969541455
1.9752999999999996 1.0 1.0 0.0 1.0 0.0 0.0 1.0 0.0 3.0214653097240864 134.10736969541455
1.39002 1.0 0.0 0.0 1.0 0.0 0.0 1.0 12.89 3.0214653097240864 134.10736969541455
-0.05160000000000009 2.0 0.0 0.0 0.0 1.0 1.0 1.0 12.47 2.1229179499593664 50.041843979966416
-0.4323000000000001 2.0 2.0 0.0 0.0 1.0 1.0 1.0 24.06 2.1229179499593664 48.041843979966416
0.7850199999999998 2.0 0.0 0.0 1.0 0.0 0.0 1.0 25.78 3.0214653097240864 136.00750422530467
4.7938000000000045 4.0 0.0 15.0 0.0 0.0 0.0 0.0 52.60000000000001 3.2259727928316795 248.26072121928476
1.7062 6.0 0.0 13.0 0.0 0.0 0.0 0.0 71.06 3.3244017748416343 228.0486833279507
0.7806 1.0 1.0 0.0 0.0 0.0 0.0 0.0 20.23 3.236502566584802 84.08847961525429
1.8025 1.0 0.0 3.0 0.0 0.0 0.0 0.0 9.23 2.8099823316091586 48.14170945007629
2.1663000000000006 0.0 0.0 2.0 0.0 0.0 0.0 0.0 0.0 2.19060968716425 12.36452797660028
1.9725 0.0 0.0 1.0 0.0 0.0 0.0 0.0 0.0 2.622415807990217 27.019550008653873
0.7452000000000001 1.0 1.0 2.0 0.0 0.0 0.0 0.0 26.02 2.19060968716425 11.119415478763749
-0.10762000000000005 2.0 1.0 1.0 0.0 0.0 0.0 0.0 44.019999999999996 2.483699570591265 45.344977967946406
1.7163 1.0 1.0 2.0 0.0 0.0 0.0 0.0 0.0 2.19060968716425 11.119415478763749
-1.5579999999999998 3.0 3.0 2.0 0.0 0.0 0.0 0.0 58.28 2.19060968716425 15.119415478763749
-0.37489999999999996 2.0 1.0 2.0 0.0 0.0 0.0 0.0 29.46 2.19060968716425 12.36452797660028
1.2055 2.0 0.0 2.0 0.0 0.0 0.0 0.0 26.3 3.0500782919131915 76.59772060569361
0.050500000000000156 2.0 2.0 1.0 0.0 0.0 0.0 0.0 67.47999999999999 3.4467148844381015 114.45183036609208
3.6902000000000026 2.0 0.0 9.0 0.0 0.0 0.0 0.0 26.3 3.0148257844595356 132.28341890015258
3.2334000000000023 4.0 0.0 11.0 0.0 0.0 0.0 0.0 52.60000000000001 3.162653055346669 201.8338811517707
1.2055 2.0 0.0 4.0 0.0 0.0 0.0 0.0 26.3 2.814002148389726 59.54887502163469
0.19590000000000019 3.0 0.0 3.0 0.0 0.0 0.0 0.0 35.53 2.822354554248032 70.07403392114696
2.2442 0.0 0.0 3.0 0.0 0.0 0.0 0.0 0.0 2.3390923149762908 17.509775004326936
2.0202 0.0 0.0 2.0 0.0 0.0 0.0 0.0 0.0 2.7343859935615478 34.81274391313339
1.1353 1.0 1.0 3.0 0.0 0.0 0.0 0.0 26.02 2.3390923149762908 15.900134529890124
2.1064000000000003 1.0 1.0 3.0 0.0 0.0 0.0 0.0 0.0 2.3390923149762908 15.900134529890124
1.3853 1.0 0.0 3.0 0.0 0.0 0.0 0.0 9.23 2.4884037718761123 36.529325012980806
0.015200000000000047 2.0 1.0 3.0 0.0 0.0 0.0 0.0 29.46 2.3390923149762908 17.509775004326936
-0.8208 2.0 2.0 0.0 0.0 1.0 1.0 1.0 24.06 2.0 21.019550008653873
-0.3938000000000001 2.0 1.0 0.0 0.0 1.0 1.0 1.0 21.259999999999998 2.0 23.019550008653873
1.1468 0.0 1.0 4.0 0.0 0.0 0.0 0.0 16.61 3.2230469044906185 53.587975038942446
-0.8277999999999999 3.0 2.0 4.0 0.0 0.0 0.0 0.0 83.83000000000001 3.1028259423155773 104.12640240679957
2.0414 1.0 1.0 5.0 0.0 0.0 0.0 0.0 37.3 2.828868134909685 78.98533616859814
0.5860000000000001 3.0 0.0 4.0 0.0 0.0 0.0 0.0 35.53 2.828868134909685 80.37215811651096
2.2763999999999998 2.0 2.0 9.0 0.0 0.0 0.0 0.0 74.6 2.9895441287192144 156.96081175542733
-0.5638000000000001 8.0 0.0 11.0 0.0 0.0 0.0 0.0 123.20000000000002 2.9847083013580864 188.70521621571416
-1.506599999999999 3.0 3.0 4.0 0.0 0.0 0.0 0.0 64.07 2.447472887876344 26.115877901113386
-0.3583 3.0 1.0 5.0 0.0 0.0 0.0 0.0 38.69 2.53006045688352 32.655022032053594
3.7569000000000026 0.0 0.0 6.0 0.0 0.0 0.0 0.0 0.0 2.595082706793886 33.30296890880646
0.031799999999999884 3.0 1.0 6.0 0.0 0.0 0.0 0.0 38.69 2.595082706793886 41.567631415296866
1.4547 2.0 0.0 6.0 0.0 0.0 0.0 0.0 18.46 2.595082706793886 46.22265344735047
1.3662 3.0 0.0 6.0 0.0 0.0 0.0 0.0 35.53 2.8497612822334424 101.51029297451521
1.4971999999999999 2.0 0.0 7.0 0.0 0.0 0.0 0.0 18.46 2.6476048489438337 53.70950594454669
0.812 3.0 1.0 8.0 0.0 0.0 0.0 0.0 38.69 2.6909155266923976 58.35751032880843
-0.34170000000000006 4.0 1.0 8.0 0.0 0.0 0.0 0.0 47.92 2.6909155266923976 59.460913376568676
1.076 3.0 0.0 8.0 0.0 0.0 0.0 0.0 27.69 2.6909155266923976 58.35751032880843
0.04839999999999983 4.0 1.0 9.0 0.0 0.0 0.0 0.0 47.92 2.72724281291869 67.45811190640111
1.5922 3.0 1.0 10.0 0.0 0.0 0.0 0.0 38.69 2.7581498184332935 76.23904349481765
8.048000000000007 0.0 0.0 17.0 0.0 0.0 0.0 0.0 0.0 2.8896766777949185 132.11730005192322
2.192 3.0 1.0 3.0 1.0 0.0 0.0 1.0 47.56 2.809453207323335 336.3598482774643
1.1872 1.0 0.0 2.0 0.0 0.0 0.0 0.0 23.550000000000004 4.208996984237657 124.5293250129808
3.2335000000000003 2.0 2.0 2.0 0.0 1.0 2.0 2.0 74.6 2.8385185499997143 486.8028747958183
-1.3116 3.0 3.0 2.0 0.0 0.0 0.0 0.0 66.48 3.3604351426960584 47.65148445440323
0.7773999999999999 2.0 2.0 4.0 0.0 0.0 0.0 0.0 40.46 3.824684203207495 49.8066274519979
6.629600000000007 4.0 0.0 12.0 2.0 0.0 0.0 2.0 44.760000000000005 1.9078310024202128 585.1591174087094
3.898900000000002 4.0 0.0 5.0 2.0 0.0 0.0 2.0 44.760000000000005 2.1376638619969057 481.7022121515442
2.8607000000000014 4.0 0.0 9.0 0.0 0.0 0.0 0.0 44.760000000000005 3.9659458850842926 151.93022690019149
1.373 5.0 1.0 6.0 0.0 0.0 0.0 0.0 47.56 3.8574536511485706 204.05604504938486
1.4698 4.0 1.0 3.0 0.0 0.0 0.0 0.0 50.69 3.8317472942012736 180.24518934974517
-0.43229999999999996 2.0 1.0 1.0 0.0 0.0 0.0 0.0 37.3 2.8473789230876716 40.1577218810798
1.1664 1.0 0.0 1.0 0.0 0.0 0.0 0.0 9.23 2.847378923087672 38.912609383243264
1.991 0.0 0.0 0.0 0.0 0.0 0.0 0.0 0.0 3.675948764555208 55.617270614347476
-0.7334 3.0 2.0 1.0 0.0 1.0 1.0 1.0 69.64 2.9323631493301465 211.87293527714246
5.133000000000001 2.0 0.0 2.0 2.0 0.0 0.0 2.0 34.14 2.6298309324423976 724.1397573912055
1.7498 4.0 2.0 0.0 2.0 0.0 1.0 3.0 80.39 2.4094150669454457 644.1804464665498
0.9554000000000002 6.0 2.0 2.0 2.0 0.0 1.0 3.0 142.88 2.4389762983347767 1035.8595702093128
2.0442 3.0 1.0 0.0 2.0 0.0 1.0 3.0 60.160000000000004 2.3304909398632216 659.0218277807028
1.2930000000000001 6.0 0.0 8.0 1.0 0.0 0.0 1.0 71.06 2.7123913375014235 402.0451982557764
6.721200000000008 4.0 0.0 16.0 1.0 0.0 0.0 1.0 52.60000000000001 2.3497229976940814 504.29105939397755
2.8732000000000015 7.0 0.0 3.0 2.0 0.0 3.0 5.0 66.46000000000001 1.633963267268561 971.8535482014224
3.271600000000001 1.0 1.0 2.0 2.0 0.0 0.0 2.0 12.03 2.6138711904545664 401.28971348226935
1.3368 2.0 0.0 0.0 0.0 1.0 1.0 1.0 40.620000000000005 3.0578545444003207 228.52230736518896
3.2670000000000003 2.0 0.0 1.0 1.0 0.0 0.0 1.0 43.14 3.3771158134046155 377.6879236408014
2.908800000000001 7.0 0.0 7.0 2.0 0.0 0.0 2.0 62.58 2.3361423655169005 710.2828184809703
2.9522000000000004 6.0 2.0 4.0 2.0 0.0 0.0 2.0 118.54000000000002 2.378017974613423 669.2930539431334
3.535700000000002 4.0 3.0 3.0 3.0 0.0 0.0 3.0 86.63 2.0556376875946096 937.0219636828156
1.83282 4.0 0.0 2.0 1.0 0.0 0.0 1.0 47.36000000000001 2.8885521759023276 355.5495160170421
5.900440000000006 2.0 2.0 2.0 2.0 0.0 0.0 2.0 40.46 2.5841516969341103 719.7059188024998
2.095000000000001 4.0 0.0 9.0 0.0 2.0 2.0 2.0 65.56 1.954914838775001 423.12203943328154
3.421700000000002 1.0 1.0 2.0 2.0 0.0 0.0 2.0 20.23 2.285395295562661 422.04875793845486
1.4264999999999999 2.0 2.0 2.0 1.0 0.0 0.0 1.0 49.33 3.121219318886157 270.54949758389114
3.1348400000000014 2.0 2.0 1.0 2.0 0.0 0.0 2.0 52.04 2.5020803743746223 480.75370517390644
1.5162999999999998 3.0 0.0 3.0 1.0 0.0 0.0 1.0 35.53 3.097737020758659 281.102178757748
1.9063999999999999 3.0 0.0 4.0 1.0 0.0 0.0 1.0 35.53 2.998837782975782 294.22137431057615
3.6364000000000027 1.0 1.0 2.0 2.0 0.0 0.0 2.0 20.23 2.28073295107281 451.34806165346157
0.35290000000000005 3.0 1.0 0.0 2.0 0.0 0.0 2.0 54.46 2.954659790285104 282.93578074630994
5.705400000000002 6.0 0.0 3.0 4.0 0.0 0.0 4.0 25.78 1.5677796561680746 740.7970847579146
4.558200000000005 3.0 0.0 6.0 0.0 1.0 2.0 2.0 43.370000000000005 2.0518747256603906 641.9950082515711
3.711300000000003 5.0 0.0 7.0 0.0 1.0 2.0 2.0 69.67000000000002 2.070106032515514 750.6648264739564
1.3701999999999999 5.0 3.0 3.0 1.0 0.0 0.0 1.0 86.99000000000001 2.908546519248324 349.07065170154243
-1.6463999999999996 6.0 0.0 3.0 0.0 1.0 1.0 1.0 139.14000000000001 2.7681908301661284 251.6934821381869
1.9576 3.0 0.0 1.0 0.0 0.0 1.0 1.0 46.61 2.705885156094803 315.79472362695407
3.1256000000000013 2.0 2.0 3.0 2.0 0.0 0.0 2.0 24.06 1.9574758959875327 330.55201670962913
1.0908 2.0 2.0 3.0 1.0 0.0 0.0 1.0 32.26 2.4265223465879537 173.872282370036
-0.28260000000000046 6.0 2.0 6.0 0.0 0.0 0.0 0.0 127.20000000000002 3.6251656523165843 264.41343573651113
3.3001000000000023 2.0 0.0 8.0 0.0 0.0 0.0 0.0 26.3 3.021081245629661 121.2586863990795
3.4750000000000023 0.0 0.0 4.0 0.0 0.0 0.0 0.0 0.0 3.4629046970868087 145.42124551085624
0.7363999999999999 2.0 1.0 2.0 0.0 0.0 0.0 0.0 37.3 3.5512529243669313 89.19188266301451
6.354200000000008 4.0 0.0 19.0 0.0 0.0 0.0 0.0 52.60000000000001 3.3077689470971436 296.10393706164785
-1.0844999999999994 3.0 3.0 4.0 0.0 0.0 0.0 0.0 58.28 2.715842761293259 47.693328434369654
1.5956000000000001 2.0 0.0 3.0 0.0 0.0 0.0 0.0 26.3 3.006105030052141 86.91694057588533
-0.11120000000000002 3.0 2.0 4.0 0.0 0.0 0.0 0.0 74.6 3.1028259423155773 107.73604288123639
2.5458000000000007 1.0 0.0 6.0 0.0 0.0 0.0 0.0 17.07 2.663883887398184 59.58797503894244
1.3828 4.0 0.0 9.0 0.0 0.0 0.0 0.0 44.760000000000005 2.884064614706359 136.08368795993283
4.147000000000004 0.0 0.0 7.0 0.0 0.0 0.0 0.0 0.0 2.6476048489438337 40.0
3.8660000000000023 1.0 1.0 10.0 0.0 0.0 0.0 0.0 26.02 2.7581498184332935 71.19366193720087
-1.0298 1.0 2.0 0.0 0.0 0.0 0.0 0.0 57.53 3.472066495600119 53.028652363530185
-4.1927999999999965 4.0 4.0 4.0 0.0 0.0 0.0 0.0 80.92 0.0 60.14806784229394
-0.2840000000000001 2.0 2.0 1.0 0.0 0.0 0.0 0.0 46.25 3.1684898726705697 37.30296890880646
2.9618 0.0 0.0 1.0 0.0 0.0 0.0 0.0 0.0 4.020391543176799 67.01955000865388
-1.071299999999999 4.0 0.0 2.0 0.0 1.0 1.0 1.0 80.25999999999999 3.0816750060746867 281.846585677332
-0.9291999999999958 13.0 3.0 2.0 0.0 10.0 10.0 10.0 190.95 1.210973990580018e-07 1500.406312219199
-0.8291999999999908 19.0 0.0 13.0 0.0 2.0 2.0 2.0 238.08999999999995 2.7831467412322763 1214.084515370298
1.4178 2.0 1.0 1.0 0.0 1.0 1.0 1.0 52.32000000000001 2.6146255050426754 211.0586500259616
-3.070399999999999 7.0 6.0 10.0 0.0 0.0 0.0 0.0 130.61 4.276302630183746 152.56410964170607
5.619500000000003 4.0 0.0 12.0 0.0 0.0 0.0 0.0 44.760000000000005 4.4484182258014355 254.8173499961941
3.653800000000002 5.0 0.0 9.0 0.0 0.0 0.0 0.0 35.53 3.7767972529836142 167.96932691749925
1.3347 2.0 0.0 0.0 0.0 1.0 1.0 1.0 34.14 2.68468675394851 161.69661270558157
0.8193999999999999 2.0 1.0 4.0 0.0 1.0 1.0 1.0 55.62 2.494019373924044 169.47499331586653
-0.9561000000000002 2.0 3.0 0.0 0.0 0.0 0.0 0.0 75.35000000000001 2.8473789230876716 42.91260938324327
-0.3399999999999999 2.0 1.0 1.0 0.0 0.0 0.0 0.0 54.37 3.5677034550432034 72.03910001730776
0.37359999999999993 3.0 0.0 0.0 0.0 1.0 1.0 1.0 46.61 2.920820853904207 197.1696096624243
1.3875 4.0 2.0 3.0 2.0 0.0 0.0 2.0 89.25999999999999 2.2268919853722347 679.5880857015135
-1.1827 2.0 1.0 1.0 0.0 0.0 0.0 0.0 60.36 0.0 61.20035947603792
0.44530000000000003 2.0 0.0 0.0 0.0 1.0 1.0 1.0 37.38 2.7003421243315966 128.97373660251156
0.2892 2.0 0.0 0.0 0.0 1.0 1.0 1.0 37.38 2.7003421243315966 128.97373660251156
4.477900000000004 3.0 3.0 4.0 0.0 4.0 4.0 4.0 77.76 1.5548220176091474 605.412568486979
2.881800000000001 8.0 0.0 4.0 2.0 0.0 3.0 5.0 75.69000000000001 1.6852290238580119 1034.8766093427325
2.1676 3.0 1.0 0.0 2.0 0.0 1.0 3.0 54.37 2.374093930060625 656.2669402785393
1.1094000000000002 7.0 1.0 4.0 1.0 0.0 0.0 1.0 166.72 3.7641788837453345 545.0484750158275
2.5938000000000008 2.0 1.0 0.0 2.0 0.0 0.0 2.0 33.120000000000005 2.946471324842402 387.2980911891212
3.256300000000002 5.0 1.0 3.0 1.0 1.0 1.0 2.0 106.50999999999999 2.507758804021516 523.0961821950036
3.6000000000000014 2.0 1.0 2.0 3.0 0.0 0.0 3.0 50.19 2.309670859666423 751.0486079861878
3.790300000000002 2.0 2.0 3.0 3.0 0.0 0.0 3.0 66.39999999999999 1.9924860950657606 865.5950842823037
2.2509999999999994 2.0 2.0 0.0 2.0 0.0 0.0 2.0 40.46 2.8920650451735157 421.10813525322834
2.913500000000001 3.0 0.0 1.0 0.0 1.0 2.0 2.0 37.38 2.179857528512065 340.2558236666764
3.2585000000000015 3.0 0.0 1.0 1.0 0.0 1.0 2.0 37.38 2.356719300888469 437.06705661543674
2.5752000000000006 1.0 2.0 4.0 2.0 0.0 0.0 2.0 53.089999999999996 2.1105774136828446 473.1817844230892
3.3158400000000015 1.0 1.0 0.0 1.0 0.0 0.0 1.0 20.23 3.4555464838177836 268.3837992264624
2.2996000000000003 2.0 2.0 1.0 1.0 0.0 0.0 1.0 57.53 3.3738590108748685 335.66852769827057
2.831100000000001 4.0 0.0 3.0 2.0 0.0 0.0 2.0 52.60000000000001 2.214823158107694 590.1043864233072
3.5892000000000017 1.0 1.0 1.0 2.0 0.0 0.0 2.0 26.02 2.396509039726096 373.5796467381504
3.7974000000000023 2.0 1.0 3.0 2.0 0.0 0.0 2.0 36.75 1.968643821266043 423.1349242656352
1.5756999999999999 4.0 1.0 3.0 1.0 0.0 0.0 1.0 78.38999999999999 2.9807441303986697 325.1652197817895
2.1940600000000003 1.0 1.0 0.0 1.0 0.0 0.0 1.0 26.02 3.2824629074535228 200.900333363576
-3.6203999999999974 3.0 3.0 4.0 0.0 0.0 0.0 0.0 100.62 -4.0499995185000584e-07 154.38364613672863
0.7104999999999999 3.0 1.0 4.0 0.0 0.0 0.0 0.0 46.53 3.222476034247819 99.02434166397533
0.21890000000000004 4.0 3.0 2.0 1.0 0.0 0.0 1.0 92.41999999999999 3.1985659922950855 374.1345171707861
-0.20729999999999993 3.0 2.0 2.0 1.0 0.0 0.0 1.0 86.18 3.090461034734354 355.4976952228733
-1.6424000000000003 7.0 5.0 4.0 1.0 1.0 1.0 2.0 119.61000000000001 2.1504764393251574 436.48277752692195
-1.4577999999999993 4.0 3.0 6.0 0.0 0.0 0.0 0.0 115.14000000000001 4.095996370610992 187.12526634448807
0.9102999999999999 3.0 2.0 1.0 1.0 0.0 0.0 1.0 57.53 3.158901732156222 255.02817392215357
0.7024999999999999 3.0 2.0 3.0 1.0 0.0 0.0 1.0 63.32 2.4987607772382447 232.59842954459157
-2.1241999999999983 2.0 3.0 5.0 0.0 0.0 0.0 0.0 44.900000000000006 3.1753410823958332 53.01955000865388
0.6747000000000001 8.0 0.0 5.0 1.0 2.0 2.0 3.0 110.65 1.5414337097331927 609.360844736158
1.1927 5.0 2.0 3.0 1.0 0.0 0.0 1.0 97.16 2.594539636377339 350.6007453106909
2.5660000000000007 2.0 2.0 7.0 2.0 0.0 0.0 2.0 24.06 1.5431740953316218 381.8646528682864
-1.6994999999999976 5.0 0.0 3.0 1.0 0.0 0.0 1.0 85.16 2.2499990861253845e-06 455.92180891040334
2.4237 1.0 0.0 3.0 1.0 0.0 0.0 1.0 9.23 2.7366739543410024 223.13302247817728
2.0414000000000003 1.0 1.0 3.0 0.0 1.0 1.0 1.0 37.3 2.0664853449426195 114.42599881712918
2.4532000000000007 4.0 0.0 9.0 0.0 0.0 0.0 0.0 52.60000000000001 3.3998242191485164 179.19544121138722
0.6688 4.0 0.0 4.0 0.0 0.0 0.0 0.0 52.60000000000001 3.7281604099567245 163.49688176536182
1.673 4.0 0.0 7.0 0.0 0.0 0.0 0.0 52.60000000000001 3.2823051857661723 156.96081175542733
4.109600000000003 3.0 0.0 6.0 0.0 0.0 0.0 0.0 27.69 4.590458727161032 227.2570749583921
1.3959 5.0 0.0 5.0 0.0 0.0 0.0 0.0 65.07000000000001 4.5464432183205945 291.4071541962021
0.8961000000000001 1.0 1.0 2.0 0.0 0.0 0.0 0.0 37.3 2.8312571099313644 52.75488750216347
-0.4543 2.0 2.0 2.0 0.0 0.0 0.0 0.0 74.6 3.318019590380522 83.10802962390817
0.13430000000000003 3.0 1.0 0.0 0.0 1.0 1.0 1.0 29.1 2.5537050272065858 108.10331482049533
0.43248999999999993 2.0 2.0 0.0 1.0 0.0 0.0 1.0 48.65 3.5021170388304435 248.361953762075
0.37490000000000007 1.0 1.0 0.0 1.0 0.0 0.0 1.0 32.86 3.27532977603021 173.77657195858635
-0.8852 2.0 2.0 2.0 0.0 0.0 0.0 0.0 49.33 2.8219389370591843 62.71013448036486
-1.4322 2.0 4.0 0.0 0.0 0.0 0.0 0.0 76.1 3.1818458670936187 96.60593781761291
-6.162799999999998 4.0 2.0 3.0 0.0 0.0 0.0 0.0 24.06 -4.0499994510000764e-07 127.01955000865388
-6.587799999999998 2.0 2.0 0.0 0.0 1.0 1.0 1.0 24.06 -4.499999898750002e-08 34.72905595320056
2.1298000000000004 2.0 0.0 5.0 0.0 0.0 0.0 0.0 26.3 2.8385891218139165 89.25838096618138
3.736600000000003 1.0 1.0 10.0 0.0 0.0 0.0 0.0 12.03 2.7581498184332935 71.19366193720087
0.8286 4.0 1.0 11.0 0.0 0.0 0.0 0.0 47.92 2.7847655305545773 86.12278797724058
4.6182 1.0 0.0 0.0 0.0 6.0 6.0 6.0 17.07 2.0846484126260205 630.626975453629
-1.4169999999999996 3.0 1.0 3.0 0.0 1.0 1.0 1.0 77.34 2.2499991566253275e-06 297.1860027929492
-0.7944999999999998 5.0 2.0 4.0 0.0 1.0 1.0 1.0 110.13 2.8308892123975444 265.7628977173992
-8.285800000000002 3.0 0.0 0.0 0.0 0.0 0.0 0.0 63.19 -7.999999807500004e-08 59.070496343496615
0.040500000000000036 1.0 1.0 1.0 0.0 0.0 0.0 0.0 37.3 2.8473789230876716 42.91260938324327
-1.2208999999999997 3.0 3.0 2.0 0.0 0.0 0.0 0.0 83.55000000000001 3.6376825478398387 91.28421251514428
-2.1226 4.0 4.0 3.0 0.0 0.0 0.0 0.0 115.06 4.069511908932011 133.82680599646994
0.9103200000000002 5.0 1.0 3.0 1.0 0.0 0.0 1.0 129.37 3.5727545380551327 461.442304071642
0.49530000000000046 5.0 2.0 1.0 1.0 0.0 1.0 2.0 118.69 2.890827149181857 812.1042317345174
2.686400000000001 3.0 1.0 1.0 3.0 0.0 0.0 3.0 41.57 2.2440947752499047 520.5285963600785
2.1916 4.0 1.0 5.0 1.0 0.0 0.0 1.0 72.83 2.434902784656965 459.49651615830777
0.5015999999999998 4.0 4.0 1.0 1.0 0.0 0.0 1.0 97.99000000000001 3.306535412749064 307.56377472599723
1.5758999999999999 2.0 2.0 3.0 1.0 0.0 0.0 1.0 64.35 2.635972640607562 282.1711052507959
-8.725600000000002 4.0 0.0 3.0 0.0 0.0 0.0 0.0 80.25999999999999 -2.449999807500016e-07 99.82521876648654
-2.8996299999999997 1.0 0.0 0.0 0.0 0.0 0.0 0.0 23.79 0.0 9.509775004326936
1.4655999999999998 3.0 0.0 6.0 0.0 0.0 0.0 0.0 56.330000000000005 5.391868472314589 287.66199267675023
-3.886999999999999 10.0 7.0 3.0 1.0 1.0 1.0 2.0 197.16999999999996 2.2454098055453877 562.827459562259
1.157 3.0 1.0 5.0 0.0 0.0 0.0 0.0 61.77 3.76615173955013 155.62875863456514
1.3035 2.0 0.0 0.0 0.0 2.0 2.0 2.0 18.46 2.04093977448264 81.97400337186356
6.2314000000000025 0.0 0.0 0.0 5.0 0.0 1.0 6.0 0.0 2.0282017866463833 1211.2161722814694
5.627500000000004 0.0 1.0 0.0 5.0 0.0 0.0 5.0 15.79 2.178301949101568 1041.9691570759294
5.146200000000003 0.0 0.0 0.0 4.0 0.0 0.0 4.0 0.0 2.3809343150199185 801.7526221384024
6.793600000000004 0.0 0.0 0.0 5.0 0.0 1.0 6.0 0.0 1.9505429539969086 1291.9954058134356
3.8972000000000016 0.0 0.0 0.0 3.0 0.0 1.0 4.0 0.0 2.42195639158053 632.0421980027127
5.640400000000003 0.0 0.0 0.0 4.0 0.0 1.0 5.0 0.0 2.0829764986101216 987.8657323868964
5.640400000000003 0.0 0.0 0.0 4.0 0.0 1.0 5.0 0.0 2.120569654932486 993.1157323868965
5.640400000000003 0.0 0.0 0.0 4.0 0.0 1.0 5.0 0.0 2.022617790879174 915.8657323868963
6.201200000000003 2.0 1.0 0.0 4.0 0.0 1.0 5.0 12.03 1.80413923819318 952.8917298804256
6.201200000000003 2.0 1.0 0.0 4.0 0.0 1.0 5.0 12.03 1.8041392381931805 952.8917298804256
5.048000000000002 2.0 1.0 0.0 3.0 0.0 1.0 4.0 12.03 1.9787199317432071 748.9230670745937
5.048000000000003 2.0 1.0 0.0 3.0 0.0 1.0 4.0 12.03 1.978719931743207 748.9230670745937
5.6944000000000035 1.0 0.0 0.0 5.0 0.0 0.0 5.0 12.89 2.0194254860819045 1076.6666469437955
3.388000000000001 1.0 0.0 0.0 3.0 0.0 0.0 3.0 12.89 2.610318687415942 544.2063511621126
-0.25210000000000016 4.0 1.0 0.0 2.0 0.0 0.0 2.0 67.35 2.9546597902851044 282.93578074630994
-0.3824000000000001 2.0 0.0 0.0 0.0 3.0 3.0 3.0 6.48 2.0315872925159697 61.50977500432693
0.6746000000000001 2.0 0.0 0.0 1.0 0.0 0.0 1.0 26.03 3.1250000000000004 63.369930610534254
0.4765999999999999 2.0 0.0 0.0 1.0 0.0 0.0 1.0 25.78 3.000000000000001 77.47078006212229
0.4765999999999999 2.0 0.0 0.0 1.0 0.0 0.0 1.0 25.78 3.000000000000001 77.47078006212229
2.7307000000000015 0.0 0.0 0.0 0.0 1.0 1.0 1.0 0.0 2.0416666666666665 19.651484454403228
2.1529 6.0 0.0 6.0 1.0 0.0 0.0 1.0 53.47 2.706849273086979 325.91848358463807
2.7426000000000013 5.0 0.0 7.0 0.0 0.0 0.0 0.0 65.07000000000001 5.01806028081648 359.2795397887988
3.053600000000001 5.0 0.0 9.0 0.0 0.0 0.0 0.0 27.69 3.7767972529836142 167.96932691749925
-0.21599999999999997 2.0 0.0 1.0 0.0 2.0 2.0 2.0 25.06 1.9155467020454342 53.94833690207419
1.8716000000000002 3.0 3.0 3.0 1.0 0.0 0.0 1.0 83.55000000000001 2.9237270307423464 371.9390010832792
1.8890999999999998 5.0 0.0 7.0 0.0 0.0 0.0 0.0 52.60000000000001 3.7437098947519436 200.81093255154832
-1.1812 2.0 2.0 0.0 0.0 0.0 0.0 0.0 52.04 1.0 0.0
0.6481000000000052 12.0 3.0 9.0 1.0 6.0 6.0 7.0 153.45000000000002 1.529326211999944 1363.559419221025
0.8836000000000002 2.0 1.0 2.0 0.0 0.0 0.0 0.0 52.32 4.099978336000516 170.93514528563796
-10.783999999999999 6.0 2.0 3.0 0.0 0.0 0.0 0.0 120.72 -4.049999586000043e-07 143.6270750562502
2.3524000000000003 0.0 0.0 0.0 0.0 0.0 0.0 0.0 0.0 3.5411969650799016 56.44547197387445
2.8941000000000017 4.0 0.0 6.0 0.0 0.0 0.0 0.0 44.760000000000005 4.07767269290778 172.38689879982144
1.57852 3.0 1.0 2.0 1.0 0.0 0.0 1.0 54.86 3.5290815358714664 447.1056682573318
1.1884199999999998 3.0 1.0 1.0 1.0 0.0 0.0 1.0 54.86 3.641474186869312 430.75065909617945
2.08764 3.0 1.0 2.0 1.0 0.0 0.0 1.0 41.57 3.0480394338762635 377.0003882453518
0.44439999999999996 2.0 2.0 3.0 0.0 0.0 0.0 0.0 63.32 3.7161367711827205 103.23098268032228
1.7437999999999998 2.0 2.0 1.0 1.0 0.0 0.0 1.0 57.53 3.232208870305491 295.7372022742226
2.978900000000001 0.0 0.0 0.0 2.0 0.0 0.0 2.0 0.0 2.9131611636048604 374.03449039867854
2.0925199999999995 1.0 1.0 1.0 1.0 0.0 0.0 1.0 29.1 2.9348021246299894 309.39688695312145
2.0925199999999995 1.0 1.0 1.0 1.0 0.0 0.0 1.0 29.1 2.9348021246299894 309.39688695312145
2.2430000000000003 0.0 0.0 0.0 1.0 0.0 0.0 1.0 0.0 3.2824629074535228 205.9198833722299
0.5884999999999998 2.0 2.0 4.0 0.0 0.0 0.0 0.0 63.32 3.2659073992264416 93.05865002596164
-0.6459000000000004 8.0 6.0 4.0 1.0 1.0 1.0 2.0 164.75 2.05888368559587 698.8458476325027
0.44439999999999996 2.0 2.0 3.0 0.0 0.0 0.0 0.0 63.32 3.5016884512730915 101.23098268032228
3.1281000000000017 2.0 0.0 2.0 0.0 1.0 1.0 1.0 26.3 2.301757339685183 159.82350886146332
2.5645000000000007 0.0 0.0 1.0 1.0 0.0 0.0 1.0 0.0 3.0065240073265844 197.86256853719752
2.4791000000000007 0.0 0.0 0.0 1.0 0.0 0.0 1.0 0.0 3.134861511345448 164.63833891467198
2.430300000000001 0.0 0.0 0.0 1.0 0.0 0.0 1.0 0.0 3.0324555320336755 147.38833891467198
0.9758 0.0 0.0 0.0 0.0 0.0 0.0 0.0 0.0 1.6329931618554523 2.7548875021634682
-0.6255000000000002 4.0 2.0 3.0 1.0 0.0 0.0 1.0 81.14000000000001 2.636975221308557 281.9337850187939
5.553580000000002 1.0 0.0 0.0 1.0 0.0 0.0 1.0 28.15 2.64999996436756e-07 351.22982928386824
-0.05180000000000007 1.0 1.0 1.0 0.0 0.0 0.0 0.0 20.23 1.9747448713915894 8.0
2.0599999999999996 1.0 2.0 4.0 0.0 0.0 0.0 0.0 41.13 3.9078360952395634 146.6612728526066
0.9295 1.0 1.0 0.0 0.0 0.0 0.0 0.0 20.23 3.541196965079901 55.69058447171098
2.6496 0.0 0.0 0.0 0.0 0.0 0.0 0.0 0.0 4.020391543176799 67.01955000865388
0.3361 1.0 1.0 1.0 0.0 0.0 0.0 0.0 37.3 3.2575861612334887 60.568425030288566
3.2664000000000017 3.0 0.0 0.0 0.0 3.0 4.0 4.0 51.21 1.7719840088155432 616.1698355860838
2.483800000000001 1.0 1.0 2.0 1.0 0.0 0.0 1.0 20.23 2.927939142435774 245.3180909119066
-0.10529999999999967 6.0 2.0 5.0 1.0 0.0 0.0 1.0 135.20000000000002 2.733254794853641 440.8788672571375
2.403600000000001 1.0 1.0 1.0 1.0 0.0 0.0 1.0 37.3 3.2832639201778533 330.40617847985413
3.8826000000000027 2.0 1.0 0.0 0.0 3.0 4.0 4.0 37.3 1.7024099249747309 626.2430525943431
5.507100000000006 2.0 2.0 4.0 0.0 4.0 4.0 4.0 57.53 1.50972179567481 573.9735940164148
3.4891000000000028 2.0 1.0 0.0 0.0 3.0 4.0 4.0 37.3 1.6303925026216401 466.0386807761662
1.4703 4.0 1.0 0.0 0.0 2.0 3.0 3.0 63.6 2.0519233414309705 478.5372462613826
2.793100000000001 3.0 3.0 4.0 1.0 0.0 0.0 1.0 95.5 3.5445652835027213 631.6639332347906
0.44439999999999996 2.0 2.0 3.0 0.0 0.0 0.0 0.0 63.32 3.7161367711827205 103.23098268032228
0.7248999999999999 3.0 3.0 2.0 1.0 0.0 0.0 1.0 77.76 2.9694149923977777 305.92621196610224
-0.06490000000000012 4.0 2.0 0.0 2.0 0.0 0.0 2.0 80.48 2.860781632079713 351.5657969317911
-0.23239999999999994 2.0 1.0 0.0 0.0 1.0 1.0 1.0 29.46 2.184105569636068 38.8127439131334
1.4320999999999997 3.0 1.0 2.0 1.0 0.0 0.0 1.0 80.44 3.267052212361691 376.7553335743196
2.5645000000000007 0.0 0.0 1.0 1.0 0.0 0.0 1.0 0.0 2.9368661023365914 197.86256853719752
1.9286 1.0 1.0 2.0 0.0 1.0 1.0 1.0 12.03 2.0778607554610558 62.2129994085646
0.8979000000000001 1.0 0.0 2.0 0.0 0.0 0.0 0.0 9.23 2.6272148478988635 29.974168451037094
-1.2591199999999998 2.0 2.0 0.0 0.0 0.0 0.0 0.0 88.19 3.5072228538686434 92.60593781761291
0.6638000000000001 2.0 1.0 0.0 1.0 0.0 0.0 1.0 38.91 3.0214653097240864 136.00750422530467
-1.2607 2.0 3.0 2.0 0.0 0.0 0.0 0.0 92.42000000000002 3.1818458670936187 97.09616281328597
-0.8706 2.0 3.0 3.0 0.0 0.0 0.0 0.0 92.42000000000002 3.1028259423155773 108.9811553790729
2.1935000000000002 1.0 1.0 0.0 0.0 2.0 2.0 2.0 20.23 2.396254979141823 185.3117986128446
2.401700000000001 1.0 0.0 0.0 0.0 2.0 2.0 2.0 17.07 2.4741517243797513 216.91266689075218
2.3127000000000004 4.0 2.0 2.0 1.0 4.0 5.0 6.0 44.730000000000004 1.570266042750253 662.5246273909811
3.7264000000000026 3.0 0.0 2.0 1.0 3.0 4.0 5.0 32.78 1.7705855206035035 762.5091846085681
1.9875000000000003 2.0 2.0 1.0 2.0 0.0 1.0 3.0 57.53 2.429981977237712 570.869316754306
4.275500000000004 3.0 0.0 8.0 2.0 0.0 0.0 2.0 29.54 2.526296518136546 654.2421416714783
0.8788 2.0 0.0 4.0 0.0 0.0 0.0 0.0 34.14 3.734562819666556 139.95057052383706
-1.1103999999999996 1.0 2.0 0.0 0.0 0.0 0.0 0.0 64.39999999999999 3.1431973062780685 42.854752972273346
1.1403 6.0 2.0 2.0 2.0 0.0 0.0 2.0 99.07000000000001 2.509149455148257 601.9392649922655
1.7124 2.0 1.0 3.0 0.0 1.0 1.0 1.0 54.37 2.585646200478558 242.55441322813397
4.477900000000004 3.0 3.0 4.0 0.0 4.0 4.0 4.0 77.76 1.5548220176091474 605.412568486979
3.7375000000000025 2.0 1.0 0.0 1.0 2.0 3.0 4.0 37.3 1.774238222952189 628.3054350603156
1.3296 6.0 4.0 0.0 1.0 0.0 3.0 4.0 107.22 2.02947500695494 829.2829404511175
2.564899999999999 5.0 5.0 6.0 0.0 4.0 4.0 4.0 127.09000000000002 1.4868660433893965 759.0641407508059
2.4092000000000002 8.0 1.0 4.0 2.0 1.0 3.0 5.0 92.68 1.7415109606075292 991.4325050884056
0.44994000000000145 3.0 2.0 1.0 4.0 0.0 0.0 4.0 68.81 1.82249878500084e-06 1087.7380792410195
5.244800000000003 0.0 0.0 0.0 4.0 0.0 1.0 5.0 0.0 2.102237440474606 992.7859948151674
1.0391 8.0 0.0 5.0 1.0 0.0 0.0 1.0 175.79999999999998 3.769454572555376 592.636916840488
-2.8014999999999985 9.0 6.0 4.0 0.0 1.0 3.0 3.0 149.07 1.7493468910990027 505.1731947398697
2.31006 1.0 1.0 1.0 1.0 0.0 0.0 1.0 37.3 3.3798143363005275 303.6056187059636
1.1044199999999997 3.0 3.0 1.0 1.0 0.0 0.0 1.0 77.76 3.3798143363005266 306.8248996548372
-2.0023 5.0 2.0 1.0 0.0 1.0 1.0 1.0 118.41 2.878898348986729 264.4179197494528
2.419600000000001 3.0 0.0 0.0 0.0 2.0 3.0 3.0 43.370000000000005 2.0989565315857823 499.8681035469155
3.959100000000003 2.0 1.0 0.0 0.0 4.0 4.0 4.0 37.3 1.6375393766570927 458.4827066363416
-0.0854000000000002 3.0 2.0 1.0 0.0 2.0 2.0 2.0 60.77 2.2145938689633917 230.89970385530546
-1.5777999999999999 7.0 0.0 0.0 2.0 0.0 0.0 2.0 82.66999999999999 3.1901494179651735 611.4867558573088
3.3103000000000016 3.0 0.0 3.0 2.0 0.0 0.0 2.0 39.44 2.6731144179947726 646.3265679125369
3.888100000000004 6.0 0.0 6.0 1.0 0.0 0.0 1.0 112.58000000000001 3.5541562107782054 676.7898291174962
1.8416000000000001 2.0 0.0 0.0 0.0 2.0 2.0 2.0 26.3 2.136193163680383 200.0152602798213
0.8336000000000001 4.0 1.0 0.0 2.0 0.0 1.0 3.0 55.120000000000005 2.4613620410536785 588.6478823313821
0.8972 3.0 0.0 0.0 1.0 1.0 2.0 3.0 25.240000000000002 2.0969111742330933 437.4934141923096
-0.9936000000000003 4.0 2.0 0.0 2.0 0.0 0.0 2.0 91.5 3.0939322696636298 526.5493904512041
-0.17589999999999995 3.0 2.0 3.0 0.0 0.0 1.0 1.0 83.47 2.7216330943056946 316.1057163358342
-2.8054 5.0 5.0 0.0 0.0 1.0 1.0 1.0 101.15 2.625358332036857 124.93433232624652
4.531640000000004 0.0 0.0 1.0 0.0 0.0 2.0 2.0 0.0 2.712014364325654 452.09173176137165
-2.884799999999998 12.0 6.0 6.0 1.0 2.0 2.0 3.0 184.6 1.6778960743635525 744.3533378081979
1.5281 1.0 1.0 0.0 2.0 0.0 0.0 2.0 32.86 3.0307899009392414 425.2608208761056
3.4182200000000016 3.0 3.0 0.0 3.0 0.0 0.0 3.0 60.69 2.613927720326788 775.6298966071573
-2.1181000000000005 5.0 4.0 0.0 2.0 0.0 0.0 2.0 137.48999999999998 3.1145073823856793 663.4469161804845
1.7844 1.0 1.0 2.0 1.0 0.0 0.0 1.0 37.3 2.9479803431399967 274.87402422213546
1.0672000000000001 2.0 2.0 2.0 1.0 0.0 0.0 1.0 46.25 2.7679177813074443 208.06253483771286
-3.2214000000000005 6.0 5.0 1.0 0.0 1.0 1.0 1.0 110.38000000000001 2.6344089870615974 146.2188491003481
2.575000000000001 2.0 1.0 1.0 1.0 0.0 1.0 2.0 37.3 2.221777160345017 365.1679360709387
1.8961999999999999 2.0 1.0 1.0 1.0 1.0 1.0 2.0 24.92 2.082510086938828 226.8537121839843
0.5900999999999998 3.0 3.0 1.0 1.0 0.0 0.0 1.0 60.69 3.090683646458197 232.29287048965844
2.841400000000001 4.0 2.0 4.0 2.0 0.0 0.0 2.0 70.56 1.9482522697622489 537.9226316891575
0.8950000000000001 4.0 2.0 3.0 1.0 0.0 1.0 2.0 71.09 1.9135277150001913 544.6146011340021
1.6545999999999998 1.0 1.0 0.0 1.0 0.0 1.0 2.0 12.03 2.53519473965517 194.56254955650076
1.1515 1.0 0.0 1.0 0.0 0.0 0.0 0.0 17.07 3.5040318284625833 72.00763013991067
0.3792 2.0 0.0 0.0 0.0 1.0 1.0 1.0 18.46 2.184105569636068 38.8127439131334
1.3755 1.0 0.0 0.0 0.0 2.0 2.0 2.0 17.07 2.216563489909098 128.34851554559677
-0.5915999999999999 6.0 3.0 1.0 0.0 0.0 1.0 1.0 121.13 3.186501178171849 382.8424910217124
1.6034 3.0 1.0 2.0 1.0 0.0 0.0 1.0 46.53 3.1343002499495434 304.64199945095794
0.19839999999999997 2.0 2.0 3.0 0.0 0.0 0.0 0.0 63.32 3.3180871972839956 82.49785513558373
0.10189999999999999 2.0 2.0 2.0 0.0 0.0 0.0 0.0 74.6 4.169214533734282 167.79680833403847
2.824020000000001 1.0 1.0 1.0 1.0 0.0 0.0 1.0 20.23 3.051645448959173 251.0497317859833
2.762500000000001 3.0 1.0 2.0 1.0 1.0 1.0 2.0 38.33 1.9927138380762042 413.76159501340936
0.7096999999999998 2.0 2.0 1.0 1.0 0.0 0.0 1.0 66.39999999999999 2.6503977732748716 294.4310994682657
1.9317 1.0 1.0 4.0 1.0 0.0 0.0 1.0 29.1 2.310042822879905 260.88707266800486
-1.1779000000000002 3.0 3.0 2.0 0.0 0.0 0.0 0.0 109.49000000000001 3.8779586826574968 220.52230736518902
3.010600000000001 6.0 0.0 2.0 0.0 0.0 0.0 0.0 18.46 3.402570682630092 141.6270750562502
0.40670000000000006 1.0 0.0 0.0 0.0 1.0 1.0 1.0 9.23 2.0 11.245112497836532
0.6471 1.0 1.0 1.0 0.0 0.0 0.0 0.0 37.3 3.301627871993482 73.61727061434749
0.6638000000000001 2.0 1.0 0.0 1.0 0.0 0.0 1.0 38.91 3.0214653097240864 136.00750422530467
0.6638000000000001 2.0 1.0 0.0 1.0 0.0 0.0 1.0 38.91 3.0214653097240864 136.00750422530467
1.4664 2.0 0.0 0.0 0.0 1.0 1.0 1.0 0.0 2.0 21.019550008653873
1.4962000000000002 2.0 2.0 7.0 0.0 0.0 0.0 0.0 74.6 3.0073056362946593 135.1368500605771
2.1972000000000005 1.0 0.0 4.0 0.0 0.0 0.0 0.0 0.0 2.447472887876344 28.870765403276856
0.2680000000000002 2.0 2.0 3.0 0.0 0.0 0.0 0.0 74.6 3.730805714767907 167.9244971645878
0.9024800000000001 1.0 0.0 0.0 0.0 0.0 0.0 0.0 23.79 2.475534205527556 26.264662506490403
2.1798 0.0 0.0 0.0 0.0 0.0 0.0 0.0 0.0 3.0237157840738176 19.11941547876375
2.1935000000000002 1.0 1.0 0.0 0.0 2.0 2.0 2.0 20.23 2.396254979141823 185.3117986128446
3.7687000000000026 6.0 2.0 4.0 0.0 3.0 4.0 4.0 100.90000000000002 1.5453793324674707 883.5326935794543
-1.2954999999999997 8.0 0.0 4.0 0.0 0.0 0.0 0.0 172.56 5.601028023813307 231.00937706801835
1.2034999999999998 6.0 1.0 4.0 1.0 2.0 5.0 6.0 54.400000000000006 1.328591223763308 836.4118943712936
-0.012900000000000245 4.0 2.0 2.0 0.0 2.0 2.0 2.0 78.51 2.300555877244798 340.97315667806623
5.713900000000006 3.0 1.0 0.0 0.0 5.0 6.0 6.0 38.69 1.2821987670487944 736.3902102956507
-7.571399999999989 16.0 11.0 8.0 0.0 3.0 3.0 3.0 268.67999999999995 1.6897643338729131 653.442936810205
3.3743000000000025 4.0 0.0 9.0 0.0 0.0 0.0 0.0 44.760000000000005 3.9659458850842926 143.6655643937011
2.1489000000000003 0.0 0.0 0.0 0.0 0.0 0.0 0.0 0.0 3.1431973062780685 41.60964047443681
0.5548 1.0 1.0 1.0 0.0 0.0 0.0 0.0 20.23 2.8473789230876716 38.912609383243264
1.7147 1.0 1.0 1.0 0.0 0.0 0.0 0.0 0.0 2.5395388613593908 17.609640474436812
2.1386000000000003 0.0 0.0 1.0 0.0 0.0 0.0 0.0 0.0 3.5677034550432034 66.03910001730776
-0.043800000000000006 2.0 1.0 1.0 0.0 0.0 0.0 0.0 37.3 3.2575861612334887 56.568425030288566
5.206200000000004 1.0 1.0 2.0 0.0 1.0 3.0 3.0 37.3 1.998747240485634 541.9104984355639
2.9299000000000017 3.0 2.0 0.0 0.0 4.0 4.0 4.0 57.53 1.689597318472698 489.0719677925114
0.9787000000000001 2.0 2.0 2.0 1.0 0.0 0.0 1.0 57.53 3.0600131896297444 277.0849389236156
-0.20829999999999999 2.0 2.0 2.0 0.0 0.0 0.0 0.0 74.6 3.827495625290436 103.20671786825557
0.05430000000000007 2.0 2.0 2.0 0.0 0.0 0.0 0.0 63.32 3.6376825478398387 90.42945954287093
2.623900000000001 8.0 1.0 4.0 2.0 1.0 3.0 5.0 92.68 1.7455842376920236 1005.2780937971359
3.6658000000000026 5.0 2.0 0.0 3.0 0.0 2.0 5.0 75.99000000000001 1.9124059346588247 1002.2022048152163
1.2145 4.0 1.0 4.0 1.0 0.0 0.0 1.0 72.83 3.508120619291252 397.0443757648231
0.5010999999999997 3.0 0.0 1.0 1.0 0.0 0.0 1.0 60.93000000000001 3.174545745222108 485.1666259699996
3.4654000000000007 2.0 1.0 0.0 2.0 0.0 0.0 2.0 33.120000000000005 2.9668729339241464 470.3665095200525
3.3972000000000024 4.0 1.0 4.0 2.0 3.0 3.0 5.0 45.59 1.6755568373637346 732.650671102026
1.3332000000000002 4.0 2.0 2.0 2.0 0.0 0.0 2.0 108.73999999999998 2.84556310002879 820.5667690519531
2.5775000000000006 3.0 2.0 6.0 2.0 0.0 0.0 2.0 41.489999999999995 1.9779417823071141 519.6427894422642
0.5172999999999994 3.0 3.0 3.0 2.0 0.0 0.0 2.0 92.0 2.3234873713898962 492.1280872682805
-3.4008 6.0 6.0 5.0 0.0 0.0 0.0 0.0 155.52 4.4503778597717565 201.87139393909504
-7.823799999999995 7.0 5.0 5.0 0.0 0.0 0.0 0.0 141.28 0.0 175.56295496093253
-9.658100000000001 14.0 10.0 10.0 0.0 0.0 0.0 0.0 282.55999999999995 -4.114285611122452e-07 384.9019346626658
1.4463000000000001 2.0 1.0 1.0 1.0 0.0 0.0 1.0 37.3 2.9283752374267684 178.3185566594942
3.118420000000002 0.0 0.0 1.0 1.0 0.0 0.0 1.0 0.0 3.0313278985819716 211.03322454351996
1.9798000000000004 8.0 2.0 5.0 2.0 0.0 0.0 2.0 160.88 2.493645208779581 816.8383344942785
1.006 4.0 3.0 1.0 1.0 0.0 0.0 1.0 77.76 3.361225110466304 330.0748996548373
0.7811999999999999 3.0 3.0 3.0 1.0 0.0 0.0 1.0 111.9 3.3963489782409875 447.9158332869801
1.2011999999999998 5.0 1.0 3.0 1.0 0.0 0.0 1.0 123.58000000000001 3.3963489782409875 454.7936738455577
1.0296 2.0 2.0 4.0 0.0 0.0 0.0 0.0 72.19 4.270512086460438 211.660241301476
3.6986000000000017 1.0 1.0 0.0 3.0 0.0 0.0 3.0 20.23 2.5979683595627105 586.9571121386949
3.7481000000000018 0.0 0.0 2.0 2.0 0.0 0.0 2.0 0.0 2.348637604509715 370.80600284232474
1.9073 4.0 2.0 2.0 0.0 0.0 1.0 1.0 61.69 2.7116520729574307 177.27938714610153
1.8016 3.0 0.0 1.0 2.0 0.0 0.0 2.0 39.44 2.746434018430034 484.73899475620004
0.5302000000000002 5.0 2.0 6.0 1.0 0.0 0.0 1.0 91.00999999999999 2.4107583404005677 368.6343524510428
-2.945899999999998 2.0 0.0 1.0 1.0 0.0 0.0 1.0 40.129999999999995 8.099998872750162e-07 208.1059085401538
0.38290000000000013 4.0 2.0 2.0 2.0 0.0 0.0 2.0 76.75999999999999 1.4449996808250724e-06 516.7407894086176
2.9353000000000016 3.0 0.0 4.0 1.0 0.0 0.0 1.0 35.53 2.5396182727640744 352.5207793847902
2.830500000000002 2.0 2.0 4.0 1.0 0.0 0.0 1.0 40.46 2.561779868632507 268.7928308075413
1.9008999999999998 1.0 0.0 4.0 0.0 0.0 0.0 0.0 20.310000000000002 3.7915708474241723 116.73114066028502
0.7967 3.0 0.0 0.0 0.0 1.0 1.0 1.0 6.48 2.438362799199123 126.12640240679957
1.2173 1.0 1.0 2.0 0.0 0.0 0.0 0.0 20.23 2.7541847860376616 27.974168451037094
-0.28990000000000027 1.0 2.0 0.0 0.0 0.0 0.0 0.0 24.06 2.9881608821342693 46.75488750216347
0.6252 2.0 0.0 2.0 0.0 0.0 0.0 0.0 18.46 2.7541847860376616 24.72905595320056
0.962 2.0 2.0 5.0 0.0 0.0 0.0 0.0 74.6 3.9029770084530906 138.51956340253025
3.1184200000000013 0.0 0.0 1.0 1.0 0.0 0.0 1.0 0.0 2.955063748648017 211.03322454351996
1.5044199999999999 3.0 0.0 1.0 1.0 0.0 0.0 1.0 29.020000000000003 3.0834305113926055 239.61264077829023
1.1319999999999995 8.0 6.0 3.0 2.0 0.0 0.0 2.0 164.75 2.390995742087407 787.1306201236207
1.644 1.0 0.0 1.0 1.0 0.0 0.0 1.0 12.89 2.8320858350070908 145.73281445033504
2.7215 2.0 0.0 0.0 0.0 0.0 1.0 1.0 29.43 3.07423953829466 268.95740853719445
0.6072999999999997 3.0 3.0 4.0 1.0 0.0 0.0 1.0 69.56 2.6716306900583486 307.6480789080516
1.7858999999999998 1.0 0.0 5.0 0.0 0.0 0.0 0.0 3.24 3.1753410823958332 53.01955000865388
3.0431000000000017 2.0 0.0 5.0 1.0 0.0 0.0 1.0 26.3 2.344827166745183 314.5676547509674
1.8330000000000002 1.0 0.0 2.0 1.0 0.0 0.0 1.0 9.23 2.61489994009295 157.4784207656209
3.750200000000002 4.0 1.0 3.0 2.0 0.0 0.0 2.0 53.980000000000004 2.1096551630526696 526.7253791161851
1.3774 2.0 1.0 2.0 1.0 0.0 0.0 1.0 50.44 2.6373377790142882 233.36371489517828
1.7397 2.0 0.0 4.0 0.0 0.0 0.0 0.0 26.3 3.0613168393721577 78.98533616859814
1.5956000000000001 2.0 0.0 3.0 0.0 0.0 0.0 0.0 26.3 3.168818865415548 86.91694057588533
0.7952 1.0 0.0 1.0 0.0 1.0 1.0 1.0 9.23 1.9989394851788977 30.62919048309069
2.2474 0.0 0.0 0.0 0.0 0.0 0.0 0.0 0.0 2.549193338482967 19.219280948873624
0.3736 1.0 1.0 1.0 0.0 0.0 0.0 0.0 20.23 1.9747448713915894 8.0
0.6527000000000001 1.0 0.0 1.0 0.0 0.0 0.0 0.0 9.23 1.9747448713915894 5.245112497836532
-0.6598000000000002 2.0 2.0 1.0 0.0 0.0 0.0 0.0 24.06 1.9747448713915894 6.0
3.0786000000000016 0.0 0.0 1.0 0.0 0.0 0.0 0.0 0.0 3.388924101358251 54.928786893420316
1.3479999999999999 2.0 0.0 0.0 0.0 0.0 0.0 0.0 26.3 3.5512529243669313 89.19188266301451
4.310400000000003 6.0 0.0 0.0 0.0 1.0 1.0 1.0 55.38000000000001 3.240339766523186 332.38623848312733
3.5920000000000023 5.0 0.0 0.0 0.0 1.0 1.0 1.0 46.150000000000006 3.150538530787341 267.78232786509
2.2439 0.0 0.0 1.0 0.0 0.0 0.0 0.0 0.0 3.032354946742984 50.75488750216347
2.590200000000001 0.0 0.0 2.0 0.0 0.0 0.0 0.0 0.0 2.6272148478988635 26.72905595320056
-3.6486 4.0 0.0 0.0 0.0 0.0 0.0 0.0 80.25999999999999 -3.999999981250001e-08 30.671034463057104
-0.19170000000000004 2.0 2.0 2.0 0.0 0.0 0.0 0.0 63.32 3.126006652390634 70.09004635215048
0.05009999999999998 2.0 1.0 2.0 0.0 0.0 0.0 0.0 54.37 3.318019590380522 83.10802962390817
-0.9367999999999999 2.0 3.0 0.0 0.0 0.0 0.0 0.0 64.07 3.318019590380522 87.10802962390817
0.4062 3.0 0.0 0.0 0.0 0.0 1.0 1.0 43.370000000000005 2.7871437051215744 190.47965372653147
2.557900000000001 0.0 0.0 0.0 0.0 1.0 1.0 1.0 0.0 2.1229179499593664 46.14170945007629
-0.3468000000000003 3.0 3.0 5.0 0.0 0.0 0.0 0.0 100.62 3.3876453290370208 156.66127285260657
0.8154 2.0 0.0 3.0 0.0 0.0 0.0 0.0 26.3 2.8099823316091586 50.041843979966416
2.2215 0.0 0.0 2.0 0.0 0.0 0.0 0.0 0.0 2.19060968716425 11.119415478763749
1.3956 1.0 0.0 2.0 0.0 0.0 0.0 0.0 9.23 2.19060968716425 15.119415478763749
1.5025 0.0 0.0 0.0 0.0 0.0 1.0 1.0 0.0 2.609648108945015 58.10749561002055
-1.8523999999999994 3.0 3.0 3.0 0.0 0.0 0.0 0.0 118.77000000000001 3.6924780724169923 215.14742793111944
0.8507 3.0 0.0 3.0 0.0 0.0 0.0 0.0 52.37 3.0500782919131915 81.35260810785708
2.415400000000001 0.0 0.0 3.0 0.0 0.0 0.0 0.0 0.0 2.3390923149762908 15.900134529890124
-2.8683999999999994 4.0 0.0 0.0 0.0 0.0 0.0 0.0 80.25999999999999 -7.199999951999999e-08 70.56842503028855
1.1278000000000001 2.0 1.0 3.0 0.0 0.0 0.0 0.0 52.32 3.006105030052141 91.05865002596163
1.2408 3.0 0.0 4.0 0.0 0.0 0.0 0.0 52.37 3.006105030052141 92.20389705368828
-2.8683999999999994 4.0 0.0 0.0 0.0 0.0 0.0 0.0 80.25999999999999 -7.199999951999999e-08 70.56842503028855
1.20386 2.0 0.0 2.0 0.0 0.0 0.0 0.0 47.58 2.7683855790457867 90.2290118395681
6.487600000000007 0.0 0.0 13.0 0.0 0.0 0.0 0.0 0.0 2.828262412638549 92.6059378176129
0.7170000000000003 5.0 3.0 4.0 2.0 0.0 0.0 2.0 132.35 2.2670283397663433 842.3804816155572
-0.45980000000000015 3.0 1.0 1.0 0.0 0.0 0.0 0.0 46.53 3.3530759537985286 67.33515884998701
0.4895 2.0 0.0 0.0 0.0 1.0 1.0 1.0 26.3 2.6513102204228143 101.24856184822198
3.4487000000000023 4.0 4.0 4.0 0.0 4.0 4.0 4.0 97.99000000000001 1.592996071933069 636.7605586006101
3.005600000000002 8.0 2.0 4.0 4.0 0.0 0.0 4.0 127.18 2.0897954140740493 1296.9342325074479
2.5222200000000012 2.0 2.0 2.0 1.0 0.0 0.0 1.0 57.53 3.4105045818157524 367.0405477923578
-0.2947000000000004 5.0 1.0 2.0 1.0 0.0 0.0 1.0 70.02 3.4447593927753366 481.81092593541393
-1.5622000000000007 8.0 3.0 2.0 2.0 1.0 1.0 3.0 113.52 2.001953419518878 559.5561848825051
2.4536000000000007 3.0 1.0 1.0 2.0 0.0 0.0 2.0 63.37 2.895160176988298 507.69331220127367
3.6608200000000006 1.0 1.0 0.0 1.0 0.0 0.0 1.0 20.23 3.4555464838177836 269.97742726989566
1.2022000000000002 2.0 0.0 0.0 0.0 2.0 2.0 2.0 20.310000000000002 2.1227671281724665 162.40154658752397
-0.3149000000000006 3.0 2.0 1.0 1.0 0.0 0.0 1.0 68.00999999999999 2.8526279288191434 221.69435494406167
1.9657999999999998 4.0 1.0 4.0 1.0 0.0 0.0 1.0 78.38999999999999 2.8414580221504524 338.828993542009
-0.6676000000000002 4.0 0.0 0.0 0.0 0.0 0.0 0.0 52.60000000000001 3.6432249455719163 92.60593781761291
0.4423000000000001 4.0 4.0 3.0 1.0 0.0 0.0 1.0 103.78 2.905062365401662 387.0088201517134
1.2658999999999998 2.0 2.0 3.0 1.0 0.0 0.0 1.0 66.39999999999999 2.5403535849792562 356.8896771549849
0.5468999999999999 5.0 1.0 3.0 1.0 1.0 1.0 2.0 100.97999999999999 2.0507091679266773 452.6457168551664
0.3466 3.0 3.0 3.0 1.0 0.0 0.0 1.0 83.55000000000001 2.641763904889644 294.23305328030176
0.3466 3.0 3.0 3.0 1.0 0.0 0.0 1.0 83.55000000000001 2.641763904889644 294.23305328030176
-0.14949999999999974 4.0 0.0 6.0 0.0 0.0 0.0 0.0 80.25999999999999 -1.7999999704687503e-07 141.5013780371774
-0.6225 2.0 1.0 1.0 0.0 1.0 1.0 1.0 32.76 1.9989394851788977 31.87430298092722
-0.23009999999999997 2.0 1.0 0.0 1.0 0.0 0.0 1.0 45.75 3.27532977603021 175.38621243302316
1.0428 1.0 0.0 2.0 0.0 0.0 0.0 0.0 9.23 2.19060968716425 11.119415478763749
-0.3170999999999998 4.0 2.0 5.0 0.0 0.0 0.0 0.0 66.76 3.298262292410384 113.00820116821995
-2.490099999999999 4.0 0.0 0.0 0.0 0.0 0.0 0.0 80.25999999999999 -7.199999951999999e-08 70.56842503028855
1.375 1.0 0.0 4.0 0.0 0.0 0.0 0.0 9.23 2.679549206552144 49.20035947603791
-3.2702999999999998 4.0 0.0 0.0 0.0 0.0 0.0 0.0 80.25999999999999 -3.999999981250001e-08 30.671034463057104
3.1773000000000002 0.0 0.0 0.0 0.0 0.0 0.0 0.0 0.0 3.0237157840738176 19.11941547876375
-0.08449999999999991 2.0 0.0 0.0 0.0 0.0 0.0 0.0 34.14 4.062942298971397 92.81635834269238
0.9961 1.0 1.0 1.0 0.0 0.0 0.0 0.0 20.23 3.1684898726705697 37.30296890880646
-0.17730000000000007 6.0 0.0 3.0 0.0 0.0 0.0 0.0 129.42000000000002 4.985152095352672 187.82818531582762
1.9886 6.0 0.0 2.0 1.0 1.0 4.0 5.0 65.07 1.713086629534262 877.5680970288363
2.832600000000001 0.0 0.0 2.0 0.0 0.0 0.0 0.0 0.0 3.3604351426960575 38.0
5.005300000000004 8.0 0.0 12.0 0.0 0.0 0.0 0.0 36.92 4.359571541268355 279.3414689864336
1.8284 0.0 0.0 1.0 0.0 0.0 0.0 0.0 0.0 2.825749368745867 27.019550008653876
1.9725 0.0 0.0 1.0 0.0 0.0 0.0 0.0 0.0 2.847378923087672 35.302968908806456
1.8013 0.0 0.0 1.0 0.0 0.0 0.0 0.0 0.0 2.8473789230876716 38.912609383243264
2.3253000000000004 0.0 0.0 0.0 0.0 0.0 0.0 0.0 0.0 3.1431973062780685 42.854752972273346
0.9944999999999999 1.0 1.0 1.0 0.0 0.0 0.0 0.0 20.23 2.9934972434784735 28.52932501298081
-0.21599999999999997 2.0 0.0 1.0 0.0 2.0 2.0 2.0 25.06 1.9155467020454342 53.94833690207419
3.0786000000000016 0.0 0.0 1.0 0.0 0.0 0.0 0.0 0.0 3.623281003705976 56.92878689342031
2.6885000000000012 0.0 0.0 2.0 0.0 0.0 0.0 0.0 0.0 3.1442082073698243 37.30296890880646
1.4133 1.0 1.0 2.0 0.0 0.0 0.0 0.0 20.23 3.1442082073698243 41.444678358882754
1.6215 1.0 0.0 2.0 0.0 0.0 0.0 0.0 17.07 3.3434170589539596 66.58027134782354
1.4133 1.0 1.0 2.0 0.0 0.0 0.0 0.0 20.23 3.1442082073698243 41.444678358882754
1.6215 1.0 0.0 2.0 0.0 0.0 0.0 0.0 17.07 3.3530759537985286 64.58027134782355
-1.6094000000000002 3.0 3.0 2.0 0.0 0.0 0.0 0.0 83.55000000000001 3.3434170589539596 72.58027134782354
1.4905000000000002 1.0 1.0 2.0 0.0 0.0 0.0 0.0 37.3 3.6376825478398387 90.42945954287093
2.9345000000000017 0.0 0.0 2.0 0.0 0.0 0.0 0.0 0.0 3.464226847231096 45.05865002596162
1.8675 1.0 0.0 2.0 0.0 0.0 0.0 0.0 17.07 3.65123357893369 72.38761556290451
-1.2208999999999997 3.0 3.0 2.0 0.0 0.0 0.0 0.0 83.55000000000001 3.6376825478398387 91.28421251514428
2.3209 8.0 2.0 3.0 2.0 1.0 3.0 5.0 103.68000000000002 1.7512594142247215 989.2211783083526
1.3741999999999999 4.0 0.0 2.0 1.0 0.0 1.0 2.0 44.760000000000005 2.625252291498254 383.9535426242286
-0.19390000000000002 3.0 3.0 2.0 1.0 0.0 0.0 1.0 103.28 3.1577040058576493 274.68599164240635
-3.7176000000000005 7.0 7.0 2.0 0.0 1.0 1.0 1.0 167.91 2.867032609706742 273.72379770009144
1.1529 4.0 1.0 3.0 1.0 0.0 0.0 1.0 55.760000000000005 2.710721902361315 295.42110525079596
-0.6187 3.0 3.0 2.0 0.0 1.0 1.0 1.0 86.63 2.665364343758954 181.58305677429175
2.970200000000001 2.0 1.0 0.0 3.0 0.0 0.0 3.0 38.91 2.5325611743067453 644.1543647116673
2.4536 2.0 2.0 3.0 2.0 0.0 0.0 2.0 40.46 2.2014614601293316 381.5030339335183
2.3936 1.0 1.0 2.0 1.0 0.0 0.0 1.0 26.02 3.0951982523070996 218.37813497601377
3.6023000000000014 0.0 0.0 0.0 2.0 0.0 0.0 2.0 0.0 2.8289012156206956 379.2844903986785
1.9403999999999997 2.0 1.0 0.0 2.0 0.0 0.0 2.0 33.120000000000005 2.8289012156206956 383.97444633457127
0.7274999999999998 1.0 0.0 0.0 2.0 0.0 0.0 2.0 37.2 2.8289012156206956 383.97444633457127
2.2173999999999996 5.0 0.0 6.0 1.0 0.0 0.0 1.0 45.150000000000006 3.0835350187100214 319.4650689235082
1.6722 2.0 1.0 1.0 1.0 0.0 1.0 2.0 24.92 2.1465524794439075 266.4268853283456
2.1435999999999993 2.0 0.0 1.0 2.0 0.0 0.0 2.0 25.78 2.457149480139045 305.23158955045676
1.01549 3.0 2.0 0.0 2.0 0.0 0.0 2.0 57.36 3.007619546803024 364.9401973912069
-9.505799999999999 4.0 0.0 0.0 0.0 0.0 0.0 0.0 80.25999999999999 -1.249999955000002e-07 78.03910001730776
4.002000000000003 3.0 0.0 5.0 0.0 1.0 2.0 2.0 43.370000000000005 2.067252683908675 573.4877160391027
-0.8721999999999999 2.0 3.0 2.0 0.0 0.0 0.0 0.0 92.41999999999999 3.632432151939845 133.77443751081734
2.689700000000001 1.0 1.0 0.0 1.0 0.0 0.0 1.0 20.23 3.0599016922179834 245.29484428381983
2.3573000000000004 2.0 0.0 1.0 1.0 0.0 0.0 1.0 43.14 3.069899265759275 261.67965837655686
-0.4433000000000001 3.0 3.0 4.0 0.0 0.0 0.0 0.0 111.9 4.552105266699234 250.7639251168273
-5.761199999999992 11.0 9.0 8.0 0.0 1.0 1.0 1.0 200.52999999999997 2.8851034466565175 340.96862717564704
-5.397199999999993 11.0 8.0 4.0 0.0 2.0 2.0 2.0 189.52999999999997 1.9398102917255935 380.01843836179484
1.2086000000000003 5.0 1.0 2.0 1.0 0.0 0.0 1.0 106.50999999999999 3.2634076130998966 343.037402549959
1.8455000000000001 2.0 2.0 2.0 1.0 0.0 0.0 1.0 74.6 3.2021054375890703 372.40681802872274
0.5739 2.0 1.0 1.0 1.0 0.0 0.0 1.0 33.120000000000005 2.8320858350070908 149.87452390041133
0.9279000000000001 2.0 1.0 3.0 0.0 0.0 0.0 0.0 52.32000000000001 3.4263044810116603 94.56842503028858
1.48732 1.0 1.0 1.0 1.0 0.0 0.0 1.0 20.23 2.9368661023365914 193.51405299160075
2.4568000000000003 2.0 1.0 3.0 1.0 0.0 0.0 1.0 46.53 2.7132421927666166 304.91521978178946
1.8034000000000001 2.0 1.0 3.0 1.0 0.0 0.0 1.0 46.53 2.5749361542074807 285.3863912728923
3.857000000000003 0.0 0.0 2.0 2.0 0.0 0.0 2.0 0.0 2.159341417811232 357.0681482751901
0.6712 2.0 2.0 2.0 1.0 0.0 0.0 1.0 40.46 2.7972512629697874 167.91749419417292
2.832600000000001 0.0 0.0 3.0 0.0 0.0 0.0 0.0 0.0 2.8318199660707846 31.019550008653873
1.7656 1.0 0.0 3.0 0.0 0.0 0.0 0.0 17.07 3.002590528674132 57.200359476037924
3.2227000000000023 0.0 0.0 4.0 0.0 0.0 0.0 0.0 0.0 2.862065598305084 39.30296890880645
2.832600000000001 0.0 0.0 0.0 0.0 1.0 1.0 1.0 0.0 2.1923771580194713 48.438561897747256
1.7397 2.0 0.0 4.0 0.0 0.0 0.0 0.0 26.3 2.9730624080867365 78.98533616859814
2.3276000000000003 0.0 0.0 0.0 0.0 0.0 0.0 0.0 0.0 2.549193338482967 19.219280948873624
-4.629899999999999 2.0 0.0 0.0 0.0 0.0 0.0 0.0 40.129999999999995 0.0 13.509775004326936
2.832600000000001 0.0 0.0 1.0 0.0 0.0 0.0 0.0 0.0 3.154490065368808 38.49022499567306
1.5574 1.0 1.0 2.0 0.0 0.0 0.0 0.0 20.23 3.154490065368808 42.63193444574935
-2.819599999999996 2.0 1.0 3.0 0.0 0.0 0.0 0.0 52.32 0.0 144.83202715243524
3.2227000000000023 0.0 0.0 2.0 0.0 0.0 0.0 0.0 0.0 3.1117661943884265 47.548875021634686
-3.9757999999999996 4.0 8.0 0.0 0.0 0.0 0.0 0.0 289.58000000000004 -2.057142842351474e-07 409.8596166554816
1.7656 1.0 0.0 0.0 0.0 1.0 1.0 1.0 17.07 2.336356083029012 96.55994821726517
2.5067000000000004 0.0 0.0 0.0 0.0 0.0 1.0 1.0 0.0 2.4026860869140862 80.03910001730775
2.832600000000001 0.0 0.0 3.0 0.0 0.0 0.0 0.0 0.0 2.678257743164726 29.01955000865387
0.7355 2.0 0.0 2.0 0.0 0.0 0.0 0.0 26.3 2.9670528832697767 76.14933958998697
1.8013 0.0 0.0 1.0 0.0 0.0 0.0 0.0 0.0 2.622415807990217 30.62919048309069
2.752700000000001 0.0 0.0 3.0 0.0 0.0 0.0 0.0 0.0 2.6891574118399517 44.0
0.9595 2.0 0.0 4.0 0.0 0.0 0.0 0.0 26.3 2.558780869327957 43.34481288877288
1.1522 0.0 0.0 0.0 0.0 0.0 0.0 0.0 0.0 1.6329931618554523 4.754887502163468
0.7867999999999999 0.0 0.0 0.0 0.0 0.0 0.0 0.0 0.0 1.6329931618554523 2.7548875021634682
1.3102 1.0 1.0 0.0 0.0 0.0 0.0 0.0 43.09 3.7911184170869663 85.42592196522058
0.8418999999999999 1.0 1.0 0.0 0.0 0.0 0.0 0.0 43.09 3.7911184170869663 85.42592196522058
1.4144 2.0 0.0 1.0 0.0 0.0 0.0 0.0 43.14 3.7911184170869663 86.18080946738405
1.8034 1.0 1.0 2.0 0.0 0.0 0.0 0.0 20.23 3.708324167474306 64.78707744334403
1.8045000000000002 2.0 0.0 2.0 0.0 0.0 0.0 0.0 43.14 3.9084966379068447 103.45654516950493
-0.6034999999999999 4.0 2.0 4.0 0.0 0.0 0.0 0.0 83.6 4.305619426082996 112.55169583620197
0.20380000000000004 2.0 1.0 2.0 0.0 0.0 0.0 0.0 37.3 3.575471150366868 66.48040587771368
1.215 1.0 1.0 2.0 0.0 0.0 0.0 0.0 20.23 3.3604351426960584 47.65148445440323
0.2251999999999994 8.0 0.0 8.0 0.0 0.0 0.0 0.0 105.20000000000002 5.01638998398724 323.46566555990535
2.3376 1.0 1.0 4.0 0.0 0.0 0.0 0.0 20.23 3.4310512772790966 58.96788691072806
1.0141 1.0 0.0 1.0 0.0 1.0 1.0 1.0 12.53 2.276327168621918 58.568425030288566
2.341100000000001 0.0 0.0 1.0 0.0 0.0 0.0 0.0 0.0 2.5395388613593903 21.609640474436812
1.0412 1.0 0.0 1.0 0.0 0.0 0.0 0.0 9.23 2.5395388613593908 17.609640474436812
0.5876 1.0 1.0 1.0 0.0 0.0 0.0 0.0 43.09 3.2575861612334887 62.568425030288566
2.4174000000000007 0.0 0.0 1.0 0.0 0.0 0.0 0.0 0.0 2.9934972434784735 27.019550008653873
0.6983 1.0 1.0 1.0 0.0 0.0 0.0 0.0 37.3 3.2575861612334887 59.813537528125096
0.8479 2.0 0.0 1.0 0.0 0.0 0.0 0.0 43.14 3.2575861612334887 62.568425030288566
3.0711400000000015 3.0 0.0 3.0 2.0 0.0 0.0 2.0 43.370000000000005 2.332705665940394 642.9942511477956
2.755700000000001 2.0 0.0 4.0 0.0 0.0 0.0 0.0 18.46 3.875658580581269 96.49074296586133
1.2379999999999998 2.0 0.0 2.0 0.0 0.0 0.0 0.0 43.14 3.3434170589539596 75.33515884998701
1.6593 1.0 1.0 2.0 0.0 0.0 0.0 0.0 20.23 3.464226847231096 49.40716557155839
0.18180000000000007 2.0 2.0 3.0 0.0 0.0 0.0 0.0 74.6 3.9899920112031126 114.919684538544
2.8466000000000014 2.0 0.0 1.0 2.0 0.0 1.0 3.0 43.14 2.4838594029714876 564.8389820858141
2.0266 4.0 4.0 1.0 1.0 0.0 0.0 1.0 97.99000000000001 3.682463305848331 386.0265607659981
1.4252200000000008 7.0 1.0 3.0 1.0 0.0 0.0 1.0 149.64999999999998 3.7562550919635713 500.5091268239616
-1.185499999999999 7.0 1.0 2.0 2.0 0.0 0.0 2.0 82.04999999999998 2.858792204521248 677.1414431382049
0.9911999999999999 4.0 2.0 3.0 1.0 0.0 0.0 1.0 117.74000000000001 3.55594512931231 420.1951582999609
3.594800000000002 3.0 2.0 2.0 2.0 0.0 1.0 3.0 57.53 2.183559110463215 726.0788697398173
3.0943000000000014 3.0 0.0 4.0 2.0 0.0 0.0 2.0 43.370000000000005 2.401903395514127 587.9528578552716
2.1676 3.0 1.0 0.0 2.0 0.0 1.0 3.0 54.37 2.3304909398632216 656.2669402785393
2.704200000000001 3.0 0.0 3.0 2.0 0.0 0.0 2.0 43.370000000000005 2.4583992544506077 573.3024023359151
0.03279999999999972 6.0 2.0 2.0 2.0 0.0 0.0 2.0 151.99999999999997 3.037497527380838 788.2542591603229
1.5385 2.0 0.0 0.0 2.0 0.0 0.0 2.0 22.0 3.005244075626373 470.46742834865574
1.8365199999999997 1.0 1.0 0.0 2.0 0.0 0.0 2.0 32.86 2.9921752601559244 470.46742834865574
3.9741 0.0 0.0 0.0 1.0 0.0 0.0 1.0 0.0 3.2478347337367026 199.2929995478469
-3.4008 6.0 6.0 5.0 0.0 0.0 0.0 0.0 155.52 4.4503778597717565 201.87139393909504
-0.31830000000000025 5.0 0.0 4.0 0.0 0.0 0.0 0.0 69.67 4.010084471791907 175.97341629985493
0.033999999999999975 3.0 1.0 3.0 0.0 0.0 0.0 0.0 63.37 3.5208600674451374 79.35260810785708
2.6071999999999997 3.0 1.0 1.0 1.0 0.0 0.0 1.0 63.37 3.3738590108748694 339.8102371483468
0.9028999999999998 3.0 2.0 2.0 1.0 0.0 0.0 1.0 74.6 3.3188809690716057 329.82978715700074
1.2011999999999998 5.0 1.0 3.0 1.0 0.0 0.0 1.0 123.58000000000001 3.3963489782409866 454.7936738455577
4.301420000000002 0.0 0.0 0.0 3.0 0.0 0.0 3.0 0.0 2.5325611743067453 635.6567221133737
1.2652 4.0 0.0 1.0 1.0 0.0 1.0 2.0 69.44 2.535184302783738 399.1305420920034
0.6712 2.0 2.0 2.0 1.0 0.0 0.0 1.0 40.46 2.964000093923802 185.1674941941729
0.8771 2.0 2.0 2.0 1.0 0.0 0.0 1.0 57.53 3.121219318886157 267.7946100817276
2.1572000000000005 2.0 0.0 2.0 1.0 0.0 0.0 1.0 43.14 3.121219318886157 270.54949758389114
1.0871 3.0 1.0 2.0 1.0 0.0 0.0 1.0 63.37 3.121219318886157 272.1431256273244
3.5752000000000015 1.0 1.0 0.0 3.0 0.0 0.0 3.0 26.02 2.474936442179002 640.957112138695
1.2583 3.0 0.0 2.0 1.0 0.0 0.0 1.0 39.19 2.6930079504145 233.10719092921434
2.9446000000000003 0.0 0.0 0.0 1.0 0.0 0.0 1.0 0.0 3.134861511345448 164.63833891467198
0.7561 4.0 0.0 2.0 0.0 0.0 0.0 0.0 58.97 3.583388067911339 114.38037532843023
3.974100000000001 0.0 0.0 0.0 1.0 0.0 0.0 1.0 0.0 3.1716780304409156 219.54299954784685
0.5884999999999998 2.0 2.0 4.0 0.0 0.0 0.0 0.0 63.32 3.2659073992264416 93.05865002596164
2.4138 0.0 0.0 2.0 0.0 0.0 0.0 0.0 0.0 2.7541847860376616 23.11941547876375
0.9433 1.0 1.0 2.0 0.0 0.0 0.0 0.0 20.23 2.964900494759057 41.20310343869659
-0.10360000000000008 1.0 1.0 0.0 0.0 1.0 1.0 1.0 29.1 2.3673518510178746 61.94833690207419
0.5719 2.0 2.0 4.0 0.0 0.0 0.0 0.0 74.6 3.981406257698735 126.68324254705824
0.9142000000000001 6.0 2.0 2.0 1.0 0.0 0.0 1.0 126.74000000000001 3.4178886149330863 379.7779106905112
0.9028999999999998 3.0 2.0 2.0 1.0 0.0 0.0 1.0 74.6 3.254192991842129 329.82978715700074
1.3521 2.0 2.0 6.0 0.0 0.0 0.0 0.0 74.6 3.8048997047333883 150.44079551951015
1.8034 1.0 1.0 3.0 0.0 0.0 0.0 0.0 20.23 3.170819357347939 50.34851554559677
0.9993000000000001 3.0 1.0 2.0 1.0 0.0 0.0 1.0 57.61 3.212578736587859 397.6050956283562
0.29650000000000004 3.0 0.0 1.0 1.0 0.0 0.0 1.0 53.269999999999996 2.977648531786832 227.8619085587166
-1.3222000000000005 7.0 4.0 4.0 1.0 1.0 1.0 2.0 116.45 2.1705786914097764 461.7878229798333
0.6669399999999999 2.0 0.0 1.0 1.0 0.0 0.0 1.0 40.129999999999995 3.1515496683060507 289.61424921780844
1.0871 3.0 1.0 2.0 1.0 0.0 0.0 1.0 63.37 3.0058892189147386 272.1431256273244
1.2564799999999998 2.0 1.0 1.0 1.0 0.0 0.0 1.0 61.089999999999996 3.0316389681074445 307.8590974511937
1.0871 3.0 1.0 2.0 1.0 0.0 0.0 1.0 63.37 2.9138015626758045 254.89312562732442
1.4507999999999999 2.0 1.0 2.0 1.0 0.0 0.0 1.0 40.54 2.9291455995407594 277.08493892361554
0.8844999999999998 2.0 2.0 1.0 1.0 0.0 0.0 1.0 40.46 2.9368661023365914 195.86256853719752
1.5387799999999998 2.0 1.0 2.0 1.0 0.0 0.0 1.0 52.89 2.5418299611801958 300.0546159437918
1.0193 2.0 2.0 2.0 1.0 0.0 0.0 1.0 57.53 2.7909314514807626 267.7946100817276
4.859000000000005 1.0 0.0 12.0 0.0 0.0 0.0 0.0 3.24 3.57988974451701 98.82892142331043
2.7293200000000004 2.0 0.0 1.0 1.0 0.0 0.0 1.0 12.36 2.9960277321018163 257.0910097152755
2.638020000000001 0.0 0.0 1.0 1.0 0.0 0.0 1.0 0.0 3.0097819477866006 193.78322454351996
0.8845000000000001 2.0 2.0 1.0 1.0 0.0 0.0 1.0 40.46 2.881555877646136 178.61256853719752
1.3115999999999999 2.0 0.0 2.0 1.0 0.0 0.0 1.0 34.14 2.999871950290996 208.93943338088377
0.9595 2.0 0.0 2.0 0.0 0.0 0.0 0.0 26.3 3.002590528674132 59.10049400592805
0.5011000000000001 4.0 0.0 3.0 0.0 0.0 0.0 0.0 52.6 3.4425479949638413 152.51956340253028
3.266600000000002 6.0 0.0 17.0 0.0 0.0 0.0 0.0 71.06 3.2401387407628253 275.8841107235303
2.843300000000001 4.0 0.0 10.0 0.0 0.0 0.0 0.0 52.60000000000001 3.18321125293434 191.46500194404416
1.3496000000000001 2.0 0.0 3.0 0.0 0.0 0.0 0.0 26.3 2.988598647973156 68.92878689342031
2.8958000000000013 0.0 0.0 0.0 1.0 0.0 0.0 1.0 0.0 3.0324555320336755 145.38833891467198
2.7277000000000013 1.0 1.0 6.0 0.0 0.0 0.0 0.0 20.23 2.8861627976234385 61.74860596185444
1.8564 0.0 0.0 1.0 0.0 0.0 0.0 0.0 0.0 1.9747448713915894 6.0
1.4149 1.0 1.0 1.0 0.0 0.0 0.0 0.0 20.23 3.154490065368808 42.63193444574935
1.8034 1.0 1.0 2.0 0.0 0.0 0.0 0.0 20.23 3.388924101358251 59.277302439017085
0.8433000000000002 1.0 2.0 2.0 0.0 0.0 0.0 0.0 55.12 3.713999809664675 109.62548782626679
1.9475000000000002 1.0 1.0 3.0 0.0 0.0 0.0 0.0 20.23 3.1117661943884265 51.897390567231454
2.3376000000000006 1.0 1.0 4.0 0.0 0.0 0.0 0.0 20.23 3.072989461365733 61.45811190640112
1.2888000000000002 1.0 0.0 2.0 0.0 0.0 0.0 0.0 9.23 2.6272148478988635 25.11941547876375
-0.2826 2.0 1.0 2.0 0.0 0.0 0.0 0.0 46.53 2.831257109931365 50.0
-0.7445999999999999 3.0 1.0 2.0 0.0 0.0 0.0 0.0 63.37 2.831257109931365 52.75488750216347
1.4313 1.0 0.0 2.0 0.0 0.0 0.0 0.0 9.23 2.6272148478988635 25.11941547876375
0.5678 2.0 0.0 2.0 0.0 0.0 0.0 0.0 26.3 2.8141442217770303 40.81274391313339
2.9446000000000003 0.0 0.0 0.0 1.0 0.0 0.0 1.0 0.0 3.077660437970554 168.38833891467198
0.08049999999999996 2.0 2.0 0.0 1.0 0.0 0.0 1.0 53.089999999999996 3.277417459528498 227.8703210229147
0.6712 2.0 2.0 2.0 1.0 0.0 0.0 1.0 40.46 2.8711457287957725 188.91749419417292
-0.6283800000000002 2.0 2.0 0.0 1.0 0.0 0.0 1.0 65.72 3.515622477176413 280.9743004823358
0.37490000000000007 1.0 1.0 0.0 1.0 0.0 0.0 1.0 32.86 3.27532977603021 173.77657195858635
2.4727000000000006 3.0 1.0 10.0 0.0 0.0 0.0 0.0 38.69 3.2103367863514576 130.11313276451386
1.1945000000000001 3.0 1.0 6.0 0.0 0.0 0.0 0.0 63.6 3.1924992871320796 153.1368500605771
1.4149 1.0 1.0 3.0 0.0 0.0 0.0 0.0 20.23 2.6782577431647265 33.16125945873016
1.0372000000000001 1.0 1.0 2.0 0.0 0.0 0.0 0.0 37.3 3.2641672832723474 84.08094399727418
1.8214000000000001 1.0 0.0 3.0 0.0 0.0 0.0 0.0 9.23 2.678257743164726 33.16125945873016
0.6047 3.0 0.0 3.0 0.0 0.0 0.0 0.0 52.37 2.8219389370591843 63.200359476037924
0.7637 1.0 1.0 2.0 0.0 0.0 0.0 0.0 20.23 2.19060968716425 14.364527976600282
0.6075999999999999 1.0 1.0 2.0 0.0 0.0 0.0 0.0 20.23 2.19060968716425 14.364527976600282
0.8716 1.0 0.0 2.0 0.0 0.0 0.0 0.0 9.23 2.19060968716425 14.364527976600282
1.8034 1.0 1.0 3.0 0.0 0.0 0.0 0.0 20.23 2.9278193611827583 40.34851554559677
0.40229999999999994 3.0 2.0 6.0 0.0 0.0 0.0 0.0 49.69 3.014446818437732 83.40635591286735
0.8927999999999998 4.0 0.0 5.0 0.0 0.0 0.0 0.0 52.60000000000001 3.211729783466108 135.13685006057713
1.4329 1.0 0.0 3.0 0.0 0.0 0.0 0.0 9.23 2.3390923149762908 15.900134529890124
1.4329 1.0 0.0 3.0 0.0 0.0 0.0 0.0 9.23 2.3390923149762908 15.900134529890124
1.7397 2.0 0.0 4.0 0.0 0.0 0.0 0.0 26.3 2.828868134909685 78.98533616859814
0.5026999999999999 4.0 0.0 4.0 0.0 0.0 0.0 0.0 52.6 3.0256083367235656 125.3759999531186
2.1999000000000004 0.0 0.0 3.0 0.0 0.0 0.0 0.0 0.0 2.599038279224843 56.92878689342031
2.5900000000000007 0.0 0.0 4.0 0.0 0.0 0.0 0.0 0.0 2.646949873687806 66.59772060569361
5.317300000000005 0.0 0.0 10.0 0.0 0.0 0.0 0.0 0.0 2.7581498184332935 66.10749561002055
6.097500000000006 0.0 0.0 12.0 0.0 0.0 0.0 0.0 0.0 2.8079257388805243 84.21143267166839
5.069900000000006 1.0 1.0 13.0 0.0 0.0 0.0 0.0 20.23 2.828262412638549 98.00257888348511
10.388599999999993 0.0 0.0 23.0 0.0 0.0 0.0 0.0 0.0 2.94691201256248 196.07820003461558
14.289599999999968 0.0 0.0 33.0 0.0 0.0 0.0 0.0 0.0 3.000382126868542 311.94747320502313
2.5954000000000006 0.0 0.0 0.0 0.0 0.0 0.0 0.0 0.0 3.168489872670569 35.30296890880646
1.1869 1.0 1.0 1.0 0.0 0.0 0.0 0.0 37.3 3.2575861612334887 60.568425030288566
1.8345199999999997 5.0 2.0 3.0 2.0 0.0 0.0 2.0 85.08 2.276726283674452 617.2554968564319
0.22960000000000003 1.0 0.0 0.0 0.0 0.0 0.0 0.0 23.550000000000004 3.65123357893369 78.42945954287093
3.6966 2.0 2.0 2.0 1.0 0.0 0.0 1.0 74.6 3.8318799145935873 452.54705704391523
4.531240000000003 4.0 6.0 12.0 2.0 0.0 2.0 4.0 164.38 1.8045680576138412 1705.9496132769698
1.9984 4.0 1.0 0.0 1.0 0.0 2.0 3.0 63.330000000000005 2.4567938837279555 702.1986770175091
0.74091 2.0 2.0 0.0 1.0 0.0 0.0 1.0 48.65 3.523897718994017 311.2243004823359
1.5714000000000001 1.0 1.0 1.0 0.0 0.0 1.0 1.0 37.3 2.5651030326084734 146.99514061050084
1.7900999999999998 3.0 1.0 1.0 1.0 0.0 0.0 1.0 49.660000000000004 3.0097819477866 204.80277455217384
1.3479999999999999 2.0 0.0 2.0 0.0 0.0 0.0 0.0 26.3 3.2455794433140843 76.59772060569361
1.8214000000000001 1.0 0.0 1.0 0.0 0.0 0.0 0.0 9.23 3.154490065368808 42.63193444574935
2.094 3.0 1.0 0.0 0.0 1.0 1.0 1.0 12.03 2.3408516164378748 72.03910001730775
-0.6214 3.0 2.0 0.0 0.0 0.0 0.0 0.0 75.27000000000001 3.6488831196816527 157.73187676776786
4.382000000000003 1.0 1.0 11.0 0.0 0.0 0.0 0.0 37.3 2.8946809694676436 143.47137920080513
2.990000000000001 5.0 0.0 7.0 0.0 0.0 0.0 0.0 18.46 3.5223947479401634 145.72862410467505
-0.5588000000000002 1.0 1.0 1.0 0.0 0.0 0.0 0.0 43.09 2.8473789230876716 44.912609383243264
3.594100000000001 4.0 4.0 6.0 0.0 4.0 4.0 4.0 106.86000000000001 1.4383940208981985 727.0057983269172
1.3215 4.0 0.0 1.0 1.0 0.0 0.0 1.0 52.6 2.544573341953591 304.6505572752991
2.3447000000000005 1.0 1.0 2.0 1.0 0.0 0.0 1.0 20.23 2.693803452362809 188.3881691811921
-1.6707 5.0 3.0 0.0 1.0 0.0 0.0 1.0 110.68 3.332334626732985 241.9007718109344
-0.009299999999999975 2.0 0.0 0.0 0.0 1.0 1.0 1.0 18.46 2.083333333333333 16.464393446710154
0.20000000000000012 2.0 2.0 4.0 0.0 0.0 0.0 0.0 63.32 2.822354554248032 72.82892142331043
-1.2193000000000003 3.0 3.0 3.0 0.0 0.0 0.0 0.0 83.55000000000001 3.3180871972839956 83.35260810785708
0.7437999999999999 6.0 2.0 5.0 1.0 0.0 0.0 1.0 71.96000000000001 2.8800387311360462 266.8101696986081
0.7792999999999999 1.0 0.0 3.0 0.0 0.0 0.0 0.0 26.790000000000006 4.690791012693442 138.6810057963953
1.0892 3.0 0.0 3.0 0.0 0.0 0.0 0.0 34.14 3.755111608192775 136.11730005192322
4.506400000000004 0.0 0.0 6.0 0.0 0.0 0.0 0.0 0.0 3.4340255805815305 84.09284782231803
2.9060000000000006 0.0 0.0 1.0 0.0 0.0 0.0 0.0 0.0 2.9934972434784735 30.52932501298081
0.2754 1.0 1.0 1.0 0.0 0.0 0.0 0.0 43.09 3.2575861612334887 62.568425030288566
-0.3216999999999998 3.0 1.0 1.0 0.0 0.0 0.0 0.0 75.75999999999999 3.551713608029699 90.93569696954752
-2.6249999999999987 7.0 5.0 7.0 0.0 0.0 0.0 0.0 136.32 4.434827287389607 247.49886832260793
0.8055999999999999 0.0 0.0 0.0 0.0 0.0 0.0 0.0 0.0 2.9217836800202113 45.548875021634686
2.2184999999999997 0.0 0.0 2.0 0.0 0.0 0.0 0.0 0.0 2.8141442217770303 35.302968908806456
0.38529999999999986 2.0 0.0 0.0 1.0 0.0 0.0 1.0 22.0 3.3466073908691203 225.97018649302458
2.0536 2.0 0.0 1.0 1.0 0.0 0.0 1.0 34.14 3.1264726818773076 243.0201872896982
2.03672 1.0 1.0 1.0 1.0 0.0 0.0 1.0 12.03 2.9368661023365914 193.51405299160075
2.26302 1.0 1.0 1.0 1.0 0.0 0.0 1.0 20.23 3.061688151345299 207.91991743324436
1.6088199999999997 3.0 1.0 1.0 1.0 0.0 0.0 1.0 63.37 3.1960696621259204 295.7372022742227
-0.28689999999999993 4.0 1.0 0.0 2.0 0.0 0.0 2.0 71.53 3.0307899009392414 430.28037088475946
0.0019999999999998352 5.0 1.0 0.0 2.0 0.0 0.0 2.0 77.58 2.8289012156206956 385.38435586878836
5.2109 0.0 0.0 0.0 0.0 0.0 1.0 1.0 0.0 3.3850408671123398 248.25897357879657
-1.7568000000000001 4.0 3.0 0.0 2.0 0.0 0.0 2.0 103.50999999999999 3.1928379794973214 625.5923872590882
1.2503 3.0 2.0 2.0 1.0 0.0 0.0 1.0 81.19 2.9143561914867706 353.34582078313053
2.8870400000000016 4.0 0.0 2.0 2.0 0.0 0.0 2.0 47.25 2.5990816045647405 488.0341831446438
3.691200000000001 1.0 1.0 1.0 3.0 0.0 0.0 3.0 37.3 2.606456150492522 675.1558752388429
3.314420000000002 3.0 0.0 5.0 1.0 0.0 0.0 1.0 40.620000000000005 3.2412240324996495 529.4557883959
5.284700000000005 1.0 1.0 0.0 1.0 0.0 0.0 1.0 20.23 3.6764828130596046 426.92947976472794
3.7726000000000024 6.0 1.0 10.0 1.0 0.0 0.0 1.0 64.63 2.553910805634569 606.169366771198
2.1658 0.0 0.0 0.0 0.0 0.0 0.0 0.0 0.0 3.0237157840738176 23.11941547876375
5.687600000000006 13.0 0.0 18.0 0.0 0.0 0.0 0.0 151.35 5.88708098496001 579.7057510019242
0.06840000000000013 3.0 1.0 2.0 0.0 0.0 0.0 0.0 75.75999999999999 3.6923370937539612 102.70165766734146
2.1323000000000003 2.0 2.0 8.0 0.0 0.0 0.0 0.0 74.6 3.622554555305487 174.56101971664077
2.5223999999999998 2.0 2.0 9.0 0.0 0.0 0.0 0.0 74.6 3.5480303389238355 186.7646023491586
1.1947 0.0 0.0 1.0 0.0 0.0 0.0 0.0 0.0 1.9747448713915894 8.0
2.3626000000000005 0.0 0.0 2.0 0.0 0.0 0.0 0.0 0.0 2.831257109931365 44.0
2.918800000000002 0.0 0.0 1.0 0.0 0.0 0.0 0.0 0.0 3.760065916884882 92.0
-0.41590000000000005 2.0 0.0 1.0 0.0 1.0 1.0 1.0 29.6 2.2145461012997294 46.854752972273346
2.3486000000000002 1.0 0.0 1.0 1.0 0.0 0.0 1.0 9.23 3.0065240073265844 197.86256853719752
0.6756399999999999 3.0 1.0 0.0 1.0 0.0 0.0 1.0 51.8 3.165670309917317 169.06517765499825
1.9286 1.0 1.0 0.0 0.0 2.0 2.0 2.0 12.03 1.9253677344386608 85.29589375350572
3.452200000000002 0.0 0.0 0.0 2.0 0.0 1.0 3.0 0.0 2.2875830783649636 423.46945595723986
1.7613999999999999 2.0 2.0 2.0 2.0 0.0 0.0 2.0 58.2 1.9296630435110773 486.7351541205121
2.594100000000001 4.0 0.0 7.0 0.0 0.0 0.0 0.0 44.760000000000005 3.8988495245519545 138.34180215676218
4.749800000000005 1.0 0.0 9.0 0.0 0.0 0.0 0.0 17.07 3.9659458850842926 137.17533939802803
1.2829000000000002 4.0 0.0 6.0 0.0 0.0 0.0 0.0 52.60000000000001 3.334857361032243 146.99763683370963
-2.3465 6.0 0.0 2.0 0.0 0.0 0.0 0.0 114.39999999999998 0.0 240.869677188533
0.9449 1.0 1.0 3.0 0.0 0.0 0.0 0.0 20.23 2.4884037718761123 32.919684538544
0.5448 3.0 2.0 6.0 0.0 0.0 0.0 0.0 49.69 2.909205095488745 71.40635591286735
3.836800000000003 2.0 2.0 13.0 0.0 0.0 0.0 0.0 74.6 2.985815595945486 201.8338811517707
1.0152999999999999 2.0 0.0 1.0 0.0 1.0 1.0 1.0 18.46 2.242040082092553 64.92878689342032
1.1985 3.0 0.0 1.0 1.0 0.0 0.0 1.0 25.78 2.8320858350070908 151.77465843030146
1.047 4.0 0.0 1.0 0.0 1.0 1.0 1.0 44.760000000000005 2.384560851721994 158.44079551951012
-0.7312800000000006 5.0 1.0 0.0 2.0 0.0 0.0 2.0 72.68 3.1743854173727075 616.5285919942219
-0.7208800000000009 6.0 0.0 0.0 2.0 0.0 0.0 2.0 61.82 3.225307810144424 659.2728980586446
1.0025 4.0 2.0 5.0 1.0 0.0 0.0 1.0 75.63 2.736963200997206 413.50435010953953
1.8621999999999999 7.0 2.0 8.0 1.0 0.0 0.0 1.0 71.96000000000001 2.6443398442437664 361.2868506482141
1.4903000000000002 8.0 2.0 11.0 1.0 0.0 0.0 1.0 81.19 2.5085339422222166 350.6153563417272
3.101300000000001 3.0 2.0 1.0 2.0 0.0 1.0 3.0 61.690000000000005 2.26892535252096 759.0888790908208
4.450000000000004 3.0 0.0 1.0 0.0 3.0 4.0 4.0 43.370000000000005 1.5973719061421663 606.2051148204893
2.966800000000001 3.0 0.0 5.0 2.0 1.0 1.0 3.0 57.690000000000005 2.0078605801681197 701.1960723848598
3.5802000000000023 3.0 0.0 4.0 0.0 0.0 0.0 0.0 35.53 4.508862526355485 169.26748332105768
0.6247 4.0 0.0 3.0 0.0 0.0 0.0 0.0 52.6 3.8531250010011684 157.27938714610153
-0.7414000000000003 2.0 2.0 3.0 0.0 0.0 0.0 0.0 58.2 3.0550899395377584 117.70950594454669
1.9413999999999998 1.0 1.0 1.0 1.0 0.0 0.0 1.0 20.23 2.881555877646136 180.61256853719752
1.8322999999999998 1.0 1.0 1.0 1.0 0.0 0.0 1.0 20.23 2.881555877646136 180.61256853719752
1.0676999999999999 6.0 0.0 6.0 1.0 0.0 0.0 1.0 66.36 2.8597435823891235 246.6664884454235
4.395400000000002 2.0 0.0 1.0 3.0 0.0 1.0 4.0 43.14 2.229657655500842 823.2419023615514
-0.5944999999999991 10.0 6.0 1.0 1.0 2.0 3.0 4.0 181.61999999999998 2.0557239202181146 1176.3709411341242
0.9995 6.0 1.0 8.0 0.0 0.0 0.0 0.0 56.790000000000006 3.7430855075536567 231.03007451434007
2.8736000000000015 5.0 0.0 7.0 0.0 0.0 0.0 0.0 35.53 3.5223947479401634 145.72862410467505
1.5981 2.0 2.0 5.0 0.0 0.0 0.0 0.0 74.6 4.212011338632231 207.660241301476
-0.7616 2.0 2.0 2.0 0.0 0.0 0.0 0.0 49.33 3.172899533850818 79.75898006442378
0.8189999999999995 2.0 2.0 7.0 0.0 0.0 0.0 0.0 58.2 3.2823051857661723 160.96081175542733
3.7161000000000026 1.0 0.0 8.0 0.0 0.0 0.0 0.0 17.07 3.1032830489797623 95.57174002125652
0.9948 3.0 0.0 4.0 0.0 0.0 0.0 0.0 52.37 2.822354554248032 73.68367439558378
1.8098 0.0 0.0 0.0 0.0 0.0 0.0 0.0 0.0 2.8986676180251862 53.84283310353014
0.7636000000000001 2.0 0.0 1.0 0.0 1.0 1.0 1.0 32.67 2.261812524676334 68.09004635215048
1.5438 2.0 0.0 1.0 0.0 1.0 1.0 1.0 32.67 2.2587454754143512 87.05865002596161
3.3523999999999994 1.0 1.0 0.0 1.0 0.0 0.0 1.0 20.23 3.3421538077705124 232.41499587006638
1.4568 1.0 1.0 0.0 0.0 1.0 1.0 1.0 29.1 2.209817908590539 99.82521876648653
0.4785000000000001 2.0 1.0 0.0 1.0 0.0 1.0 2.0 46.17 2.7459859303079557 383.18197660893964
1.7997999999999998 2.0 0.0 3.0 1.0 0.0 0.0 1.0 32.67 2.5732138592946923 222.79348430668873
2.5555000000000003 2.0 0.0 0.0 2.0 0.0 0.0 2.0 30.21 2.9876120401947106 473.1573842845486
4.308800000000001 1.0 0.0 1.0 1.0 0.0 0.0 1.0 9.23 3.387046329011766 310.7649525073721
1.4584199999999998 2.0 1.0 3.0 1.0 0.0 0.0 1.0 46.53 2.5298890742894535 263.60706625991145
4.317400000000001 2.0 0.0 2.0 1.0 0.0 0.0 1.0 18.46 3.5656858355463434 330.0942913293867
3.0035000000000016 5.0 0.0 5.0 0.0 1.0 1.0 1.0 47.89 2.65940603076284 241.3194622955766
3.392000000000002 5.0 0.0 5.0 0.0 1.0 1.0 1.0 47.89 2.6860586746436788 275.06034706719015
5.279700000000005 2.0 0.0 1.0 0.0 2.0 4.0 4.0 34.14 1.7971692588605246 713.6044349377288
-0.20610000000000006 1.0 2.0 0.0 0.0 0.0 0.0 0.0 57.53 3.472066495600119 53.028652363530185
0.9564 1.0 0.0 1.0 0.0 0.0 0.0 0.0 3.24 2.9934972434784735 24.919684538543997
-0.24219999999999975 5.0 0.0 4.0 0.0 0.0 0.0 0.0 78.66999999999999 3.3038725481541023 133.60964047443682
0.2955999999999999 4.0 1.0 4.0 0.0 0.0 0.0 0.0 64.63 3.402570682630092 139.48536560617387
0.09640000000000004 3.0 1.0 3.0 0.0 0.0 0.0 0.0 46.53 3.2725014723788197 106.87060032410332
-1.3955000000000002 2.0 3.0 1.0 0.0 0.0 0.0 0.0 75.35000000000001 2.8312571099313644 53.50977500432694
1.3849 3.0 0.0 5.0 0.0 0.0 0.0 0.0 52.37 2.828868134909685 84.27229264640108
1.5737999999999999 1.0 0.0 0.0 0.0 1.0 1.0 1.0 9.23 2.2571532373031413 53.20035947603792
0.62842 1.0 0.0 0.0 1.0 0.0 0.0 1.0 26.939999999999998 3.0324555320336755 147.38833891467198
0.004490000000000383 1.0 0.0 0.0 0.0 0.0 1.0 1.0 30.46 2.594318453782886 137.46396159818462
0.5389999999999999 5.0 2.0 2.0 1.0 0.0 0.0 1.0 76.72 2.8918026096809815 230.3781349760138
2.237 1.0 1.0 0.0 0.0 1.0 1.0 1.0 29.1 2.1730987797541284 119.80026905978025
1.4555 6.0 2.0 4.0 1.0 0.0 0.0 1.0 62.730000000000004 2.9200182242358266 279.53315486014867
0.2338 6.0 0.0 3.0 2.0 0.0 0.0 2.0 61.82 2.7663397915684915 662.3868721359065
2.8550000000000004 3.0 0.0 1.0 3.0 0.0 0.0 3.0 43.1 2.299992357076278 716.8737734683815
4.452700000000001 1.0 0.0 0.0 0.0 3.0 4.0 4.0 12.53 2.0104948353898764 476.4546632923554
1.6066999999999994 5.0 1.0 4.0 2.0 0.0 0.0 2.0 80.28 2.547868209885534 624.6520338909797
0.9077 8.0 2.0 6.0 1.0 0.0 0.0 1.0 178.75 3.5013825720592995 577.4895900738666
3.320700000000003 5.0 3.0 8.0 1.0 0.0 0.0 1.0 86.99000000000001 2.3277387125884665 418.8851677560183
-0.32720000000000005 2.0 2.0 0.0 0.0 0.0 0.0 0.0 40.46 3.0237157840738176 23.11941547876375
0.6397999999999997 4.0 0.0 6.0 0.0 0.0 0.0 0.0 80.25999999999999 -2.0461537998720426e-07 145.88856380345814
-1.2042 3.0 4.0 4.0 0.0 0.0 0.0 0.0 106.86000000000001 3.3863376396888714 162.27599848312957
1.8632799999999998 3.0 2.0 0.0 1.0 0.0 0.0 1.0 31.58 3.5924568113957625 215.1827403486207
2.5882000000000005 0.0 0.0 0.0 1.0 0.0 0.0 1.0 0.0 3.134861511345448 164.63833891467198
1.5778999999999999 3.0 1.0 1.0 2.0 0.0 0.0 2.0 38.050000000000004 2.4450102492957595 367.02737763608667
4.199500000000003 0.0 0.0 6.0 1.0 0.0 0.0 1.0 0.0 2.0653801840299586 200.53811204568342
3.1293000000000015 3.0 1.0 6.0 1.0 0.0 0.0 1.0 46.53 2.2702939313664987 316.4545208125127
3.5194000000000027 3.0 1.0 7.0 1.0 0.0 0.0 1.0 46.53 2.1877833988335254 329.82548829414884
3.006000000000001 3.0 0.0 5.0 1.0 0.0 0.0 1.0 40.620000000000005 3.205352782298732 491.0391413598906
3.154600000000001 6.0 2.0 3.0 0.0 3.0 4.0 4.0 100.90000000000002 1.5965291070991952 909.7681154327623
0.8664999999999998 5.0 1.0 5.0 0.0 0.0 0.0 0.0 64.63000000000001 3.89250063709835 189.887241290925
-1.0058999999999994 4.0 1.0 5.0 0.0 0.0 0.0 0.0 69.22999999999999 3.8654245531887197 172.0344235629434
0.9786000000000001 2.0 2.0 5.0 0.0 0.0 0.0 0.0 63.32 3.2148768968244483 103.7792291661388
-1.0456 4.0 2.0 5.0 0.0 0.0 0.0 0.0 73.13 3.285299824207474 72.2129994085646
8.369900000000007 1.0 0.0 21.0 0.0 0.0 0.0 0.0 3.24 3.760771658852694 188.09640474436813
0.4532000000000002 1.0 2.0 0.0 0.0 0.0 0.0 0.0 55.12 3.5512529243669313 93.09201719290463
0.3911999999999998 3.0 2.0 2.0 0.0 0.0 0.0 0.0 49.69 3.7464179312510324 78.96632017383186
0.5026999999999999 4.0 0.0 4.0 0.0 0.0 0.0 0.0 52.60000000000001 3.2703753945873237 125.3759999531186
2.1999000000000004 0.0 0.0 2.0 0.0 0.0 0.0 0.0 0.0 2.7823276365211047 71.77443751081735
4.537100000000004 0.0 0.0 8.0 0.0 0.0 0.0 0.0 0.0 2.6909155266923976 49.05865002596163
2.00686 1.0 0.0 0.0 1.0 0.0 0.0 1.0 12.89 3.1716780304409156 215.80766205433727
0.5667 1.0 0.0 1.0 1.0 0.0 0.0 1.0 17.380000000000003 2.848234050597751 169.53084197973996
1.95242 1.0 0.0 1.0 1.0 0.0 0.0 1.0 12.89 2.9368661023365914 193.51405299160075
0.7662 2.0 2.0 1.0 0.0 1.0 1.0 1.0 57.53 2.5632261085598094 135.78664559481845
2.6624400000000015 1.0 1.0 0.0 1.0 0.0 0.0 1.0 20.23 3.3105328747224068 232.42965837655686
1.0731999999999997 4.0 0.0 0.0 2.0 0.0 0.0 2.0 51.56 2.8289012156206956 388.99399634322515
1.8262999999999998 2.0 2.0 2.0 1.0 0.0 0.0 1.0 40.46 2.9473707295369223 266.26528506874683
1.7629199999999998 3.0 1.0 1.0 2.0 0.0 0.0 2.0 43.84 2.52646374475782 403.3631367594395
3.4399000000000015 1.0 1.0 1.0 1.0 1.0 1.0 2.0 20.23 2.100180418908758 256.95789509358224
3.5141000000000027 2.0 0.0 3.0 0.0 1.0 1.0 1.0 20.310000000000002 2.4593312217351424 178.1263448992907
2.720600000000001 0.0 0.0 2.0 2.0 0.0 0.0 2.0 0.0 2.442186510719565 384.3898117677986
0.23379999999999979 6.0 0.0 3.0 2.0 0.0 0.0 2.0 61.82 2.8009931819001164 662.3868721359066
1.77392 4.0 2.0 3.0 1.0 1.0 1.0 2.0 78.50999999999999 1.9555505102862112 575.9867251456668
2.2891999999999997 9.0 3.0 5.0 0.0 5.0 6.0 6.0 131.75000000000003 1.1836244795233528 1014.3920018663739
1.208 2.0 2.0 5.0 0.0 0.0 0.0 0.0 74.6 4.437883201238692 155.89667380414838
-2.1562000000000006 4.0 4.0 3.0 0.0 0.0 0.0 0.0 120.85000000000002 4.069511908932011 137.72694052636007
1.79 1.0 0.0 4.0 0.0 0.0 0.0 0.0 23.550000000000004 4.12243352441181 114.49022499567306
0.6218000000000001 2.0 2.0 4.0 0.0 0.0 0.0 0.0 66.4 4.044711483745026 177.1417863019849
0.9103000000000001 3.0 2.0 1.0 1.0 0.0 0.0 1.0 57.53 3.211310929132047 255.02817392215357
0.8361000000000001 2.0 2.0 2.0 0.0 1.0 1.0 1.0 63.32 2.297820229194632 139.0274844075218
2.8516400000000006 1.0 0.0 0.0 2.0 0.0 0.0 2.0 12.89 2.8920650451735157 418.2736683970917
0.8895 2.0 2.0 3.0 1.0 0.0 0.0 1.0 66.4 2.641954104458228 334.4801643637959
0.5893999999999995 3.0 1.0 3.0 1.0 0.0 0.0 1.0 55.4 2.4770888710720005 321.3988126104432
3.919100000000002 2.0 0.0 0.0 2.0 0.0 1.0 3.0 3.24 2.19639342717164 461.8940690888921
3.909500000000003 3.0 1.0 8.0 1.0 0.0 0.0 1.0 46.53 2.117836776279736 343.2612760189044
4.525200000000004 1.0 0.0 0.0 1.0 0.0 2.0 3.0 9.23 2.2452818094358897 524.7369751653058
1.1358000000000017 2.0 2.0 2.0 4.0 0.0 0.0 4.0 55.92 1.8224987868008393e-06 1059.0632211048026
6.485500000000006 4.0 0.0 11.0 2.0 0.0 0.0 2.0 44.760000000000005 2.0892706475281493 599.7604337413646
2.8730400000000014 6.0 0.0 4.0 4.0 0.0 0.0 4.0 53.86 1.8485140835570286 1187.1392575833418
-1.1940800000000003 12.0 9.0 3.0 2.0 1.0 2.0 4.0 242.50999999999996 1.9883907889748258 1295.4759243194196
2.2958000000000003 2.0 2.0 4.0 0.0 0.0 0.0 0.0 40.46 4.397963466161539 247.19629370153046
-1.1940800000000003 12.0 9.0 3.0 2.0 1.0 2.0 4.0 242.50999999999996 1.9883907889748258 1295.4759243194196
-0.8912000000000002 9.0 7.0 3.0 2.0 1.0 2.0 4.0 167.91 1.9598885325931952 986.6825980598012
2.796900000000001 6.0 4.0 4.0 2.0 0.0 0.0 2.0 138.72000000000003 7.053570175180047e-07 768.8272024780714
4.310700000000003 2.0 0.0 4.0 3.0 1.0 1.0 4.0 12.47 2.0059566373644846 683.4323401314332
2.506100000000002 5.0 1.0 2.0 1.0 0.0 0.0 1.0 106.50999999999999 3.604925771725336 490.2050039218606
2.0578 5.0 1.0 3.0 1.0 0.0 1.0 2.0 84.6 2.0435102088391304 552.7353612711682
0.18049999999999994 2.0 1.0 1.0 1.0 0.0 0.0 1.0 55.980000000000004 2.981454614041131 207.5576620543373
5.8501000000000065 1.0 1.0 15.0 0.0 0.0 0.0 0.0 20.23 2.862306209193584 117.57178172470586
0.7769999999999999 3.0 0.0 1.0 0.0 1.0 1.0 1.0 41.9 2.417613433147248 118.91622381280224
2.00686 1.0 0.0 0.0 1.0 0.0 0.0 1.0 12.89 3.1716780304409156 215.80766205433727
1.8809 1.0 1.0 0.0 1.0 0.0 1.0 2.0 20.23 2.5226248626113557 252.9052208657395
2.0202 0.0 0.0 2.0 0.0 0.0 0.0 0.0 0.0 2.7343859935615478 34.81274391313339
1.5385 1.0 1.0 1.0 0.0 1.0 1.0 1.0 12.03 2.1250162554146717 55.407165571558394
3.246100000000002 1.0 0.0 1.0 0.0 1.0 2.0 2.0 17.07 2.043952341045132 227.27897581591654
2.0726 3.0 1.0 2.0 1.0 0.0 0.0 1.0 63.6 3.1445946425258846 386.3983860622849
0.7195999999999998 2.0 1.0 5.0 0.0 0.0 0.0 0.0 57.61000000000001 3.7662844846674624 163.68590801734663
1.1857999999999997 2.0 2.0 2.0 1.0 0.0 0.0 1.0 64.35 2.7091478243736495 268.8912787750557
1.3089999999999997 4.0 1.0 2.0 1.0 0.0 0.0 1.0 72.6 3.167265777748714 310.274727511699
0.7938000000000001 2.0 1.0 4.0 0.0 0.0 0.0 0.0 29.46 2.7158427612932585 43.79319390447952
0.9433 1.0 1.0 1.0 0.0 0.0 0.0 0.0 20.23 3.032354946742984 45.900134529890124
2.3540200000000007 1.0 1.0 0.0 1.0 0.0 0.0 1.0 20.23 3.1716780304409156 220.15617759993404
3.00742 1.0 1.0 0.0 1.0 0.0 0.0 1.0 20.23 3.3105328747224068 234.77817392215363
-0.5670999999999999 3.0 2.0 2.0 1.0 0.0 0.0 1.0 103.25 3.291324672397669 438.805806251591
1.7022000000000002 1.0 1.0 1.0 0.0 0.0 0.0 0.0 37.3 3.679228031962392 103.50253476985266
-1.3309999999999995 2.0 4.0 2.0 0.0 0.0 0.0 0.0 110.23999999999998 3.5301764091449273 130.19301755138517
0.9748 2.0 2.0 1.0 0.0 1.0 1.0 1.0 67.48 2.3153782267233938 168.52449964393807
2.8873000000000015 2.0 1.0 4.0 2.0 0.0 0.0 2.0 54.37 2.2368819089594187 572.443960054953
-0.556 3.0 2.0 4.0 0.0 0.0 0.0 0.0 69.64000000000001 3.4541025653196717 155.90638535044312
-1.4099999999999995 10.0 1.0 10.0 0.0 0.0 0.0 0.0 177.33999999999997 4.631441285746561 273.08613732283936
1.1322999999999996 6.0 2.0 5.0 1.0 0.0 0.0 1.0 71.96000000000001 2.89174703245098 315.37105540415854
1.25218 1.0 0.0 1.0 0.0 0.0 0.0 0.0 23.79 3.2618700080453773 94.99629734317608
1.3115999999999999 3.0 0.0 1.0 0.0 1.0 1.0 1.0 3.24 2.242040082092553 68.82892142331045
2.0054 8.0 0.0 9.0 0.0 0.0 0.0 0.0 88.13000000000001 4.80781070887242 338.7698692298092
2.886600000000002 1.0 1.0 5.0 0.0 0.0 0.0 0.0 0.0 2.53006045688352 29.368065554250645
0.48529999999999984 4.0 1.0 3.0 0.0 0.0 0.0 0.0 67.75999999999999 4.1161800672300695 237.89215386800376
0.15139999999999998 5.0 1.0 3.0 0.0 0.0 0.0 0.0 84.82999999999998 4.45530255410108 331.59895765942633
2.0568 0.0 0.0 1.0 0.0 0.0 0.0 0.0 0.0 3.1684898726705697 39.30296890880646
3.5079000000000025 1.0 1.0 8.0 0.0 0.0 0.0 0.0 20.23 2.817017140820483 79.07329781366415
2.1951000000000005 1.0 1.0 5.0 0.0 0.0 0.0 0.0 20.23 2.7466909068574954 50.52932501298081
4.016680000000003 2.0 0.0 0.0 3.0 0.0 0.0 3.0 25.78 2.555901020010264 706.2381430434484
3.9624000000000033 2.0 0.0 3.0 2.0 0.0 1.0 3.0 12.47 2.0659497027232017 608.6208590133427
2.976700000000002 0.0 0.0 1.0 0.0 1.0 1.0 1.0 0.0 2.1250162554146717 51.058650025961626
2.2099 1.0 0.0 0.0 0.0 4.0 4.0 4.0 12.53 1.9803152559514368 216.15777938858872
2.0921000000000003 2.0 0.0 0.0 1.0 0.0 1.0 2.0 26.3 2.6557328621566954 339.4467454636433
2.1495999999999995 3.0 1.0 2.0 1.0 0.0 1.0 2.0 41.46 2.0411951941103497 425.94974056254546
2.78888 2.0 1.0 0.0 1.0 0.0 0.0 1.0 44.019999999999996 3.3483696607830975 306.6978379924635
5.349180000000004 3.0 0.0 7.0 1.0 0.0 0.0 1.0 50.09 2.521601062826903 486.0803568040389
2.5393 3.0 0.0 1.0 2.0 0.0 0.0 2.0 34.89 2.6602820094110218 536.8638064380169
1.4680999999999997 4.0 1.0 1.0 2.0 0.0 0.0 2.0 60.910000000000004 2.6602820094110218 536.1089189358535
2.0866 2.0 1.0 1.0 1.0 0.0 0.0 1.0 50.19 3.232208870305491 300.6337992264624
5.454620000000004 0.0 0.0 0.0 4.0 0.0 0.0 4.0 0.0 2.3371227357502993 916.7400111490208
0.6031 3.0 0.0 2.0 0.0 0.0 0.0 0.0 52.37 3.126006652390634 70.58027134782355
2.1071999999999997 0.0 0.0 0.0 0.0 0.0 0.0 0.0 0.0 3.0237157840738176 23.11941547876375
4.556800000000002 3.0 1.0 1.0 2.0 0.0 1.0 3.0 21.259999999999998 2.0417818930080243 585.627300015196
4.904900000000004 1.0 1.0 2.0 1.0 1.0 2.0 3.0 37.3 2.076113052634317 603.7248493905562
-2.448999999999998 6.0 4.0 0.0 0.0 2.0 2.0 2.0 54.6 1.9253677344386608 90.3154437621596
2.3339 2.0 1.0 2.0 2.0 0.0 0.0 2.0 41.99 2.1164219931177755 439.69400298496873
1.2735 4.0 1.0 0.0 2.0 0.0 0.0 2.0 51.8 2.860781632079713 354.5204153741743
0.3905799999999999 2.0 1.0 0.0 0.0 0.0 0.0 0.0 60.29 0.0 27.509775004326936
2.4857000000000005 1.0 1.0 1.0 1.0 0.0 0.0 1.0 20.23 3.0699827149988397 235.04775799182192
0.4593999999999999 2.0 0.0 1.0 0.0 0.0 0.0 0.0 43.14 2.8473789230876716 44.912609383243264
0.5929 4.0 2.0 2.0 0.0 0.0 0.0 0.0 61.69 3.4875567751094967 88.93569696954752
2.4857000000000005 1.0 1.0 1.0 1.0 0.0 0.0 1.0 20.23 3.04361805911428 235.04775799182192
3.2772000000000023 3.0 0.0 8.0 0.0 0.0 0.0 0.0 35.53 3.1032830489797623 104.87060032410332
4.146600000000002 0.0 0.0 0.0 2.0 0.0 0.0 2.0 0.0 2.946471324842402 380.60813525322834
2.0904999999999996 4.0 0.0 5.0 1.0 0.0 0.0 1.0 46.09 2.4492413621653952 340.422307952826
4.693900000000002 3.0 0.0 3.0 2.0 0.0 0.0 2.0 52.370000000000005 2.2056443902318965 584.3764362570621
5.3473000000000015 3.0 0.0 3.0 2.0 0.0 0.0 2.0 52.370000000000005 2.2859816458822264 605.611889190195
2.1935000000000002 1.0 1.0 4.0 0.0 0.0 0.0 0.0 20.23 3.324760174025222 61.58797503894244
5.305400000000005 3.0 1.0 7.0 3.0 2.0 2.0 5.0 35.58 1.2154019850501034 1081.3531799012549
2.6665 2.0 2.0 10.0 0.0 0.0 0.0 0.0 74.6 2.9860783761566463 169.02694288582546
3.873400000000001 4.0 0.0 2.0 1.0 0.0 0.0 1.0 52.60000000000001 3.6568925941256207 451.0943439954273
3.544200000000002 2.0 1.0 4.0 1.0 0.0 0.0 1.0 29.46 2.713679888596874 339.68454012927407
0.014300000000000646 2.0 1.0 2.0 1.0 1.0 1.0 2.0 29.1 1.444999709866727e-06 413.7326469484602
4.253240000000003 1.0 1.0 2.0 2.0 0.0 0.0 2.0 20.23 2.432738690965598 532.3632378198907
-2.7965999999999984 4.0 4.0 4.0 0.0 0.0 0.0 0.0 98.66000000000001 3.547260332536222 141.6270750562502
-2.8334999999999986 10.0 5.0 3.0 2.0 1.0 1.0 3.0 159.77 2.169037879531668 663.4914080650319
1.45842 2.0 1.0 3.0 1.0 0.0 0.0 1.0 46.53 2.628507002147093 280.85706625991145
1.0582 4.0 1.0 4.0 1.0 0.0 0.0 1.0 89.66999999999999 2.844190583560692 362.50420086360384
1.9982000000000002 2.0 0.0 0.0 0.0 0.0 0.0 0.0 34.14 5.1082272010688285 203.7981229131837
4.2421 0.0 0.0 0.0 0.0 0.0 0.0 0.0 0.0 4.399515870465618 125.72862410467503
1.8545999999999998 2.0 0.0 1.0 1.0 0.0 0.0 1.0 30.21 2.9963515694932705 192.06366915733074
2.1914999999999996 5.0 1.0 5.0 1.0 0.0 0.0 1.0 53.940000000000005 2.967455813245785 337.98131572503644
1.28622 2.0 1.0 1.0 1.0 0.0 0.0 1.0 50.440000000000005 2.977648531786832 223.96177402882645
1.2385 3.0 0.0 3.0 1.0 0.0 0.0 1.0 39.44 2.677365428803547 214.38072508108667
2.3222 3.0 2.0 1.0 1.0 0.0 0.0 1.0 76.21000000000001 3.4973813605379935 380.63238051790546
3.437820000000002 5.0 0.0 7.0 1.0 0.0 0.0 1.0 89.51999999999998 3.5195921307408695 475.3328869044959
4.308220000000004 2.0 1.0 1.0 1.0 0.0 0.0 1.0 38.33 3.5839975759713067 469.69689351050397
3.6004000000000005 3.0 2.0 0.0 2.0 0.0 1.0 3.0 32.26 2.108606050374169 524.7806108146203
2.5452000000000004 3.0 0.0 3.0 1.0 0.0 0.0 1.0 35.53 2.6321748000640026 338.828993542009
3.588700000000002 3.0 0.0 4.0 1.0 0.0 0.0 1.0 35.53 2.6709856086940738 393.1407987110952
5.2759000000000045 3.0 0.0 10.0 1.0 0.0 0.0 1.0 35.53 2.1090610092354276 435.53030729343914
3.325400000000002 3.0 0.0 5.0 1.0 0.0 0.0 1.0 35.53 2.449851880586933 366.2473496198969
1.7124 2.0 1.0 4.0 1.0 0.0 0.0 1.0 46.53 2.5375612644950314 276.7262618127396
3.7321000000000026 4.0 0.0 9.0 1.0 0.0 0.0 1.0 44.760000000000005 2.1625713992357176 423.63497228146275
2.0476 3.0 2.0 1.0 2.0 0.0 0.0 2.0 54.02 2.3104906039484137 432.77993566168897
-0.33340000000000014 6.0 0.0 3.0 0.0 0.0 0.0 0.0 129.42000000000002 4.985152095352672 187.82818531582762
1.4745 2.0 2.0 1.0 0.0 1.0 1.0 1.0 40.46 2.5783462906713295 184.2776008164882
2.2033000000000005 2.0 0.0 5.0 0.0 0.0 0.0 0.0 17.07 3.0613168393721577 83.12704561867443
1.0916 3.0 2.0 3.0 1.0 0.0 0.0 1.0 83.83000000000001 3.3940405061093943 350.53874558784804
1.9102 4.0 0.0 3.0 1.0 0.0 0.0 1.0 69.44 2.7334192841065263 344.33451632505984
2.6904000000000012 4.0 0.0 5.0 1.0 0.0 0.0 1.0 69.44 2.5470511782206597 372.0758818636124
-0.829499999999999 3.0 3.0 4.0 0.0 0.0 0.0 0.0 92.42000000000002 4.141657487850216 179.4903018475817
-1.2361999999999986 4.0 4.0 9.0 0.0 0.0 0.0 0.0 98.66000000000001 3.312575555451382 186.99571027116747
2.849400000000001 2.0 1.0 2.0 1.0 0.0 0.0 1.0 38.33 2.5970898202238173 341.5838810441725
2.9102000000000006 2.0 1.0 2.0 1.0 0.0 0.0 1.0 38.33 2.5583630009752976 397.8195493831233
1.9397000000000002 1.0 2.0 1.0 1.0 0.0 0.0 1.0 55.120000000000005 2.7362980721056545 257.6480131294879
3.0115000000000016 0.0 0.0 1.0 1.0 0.0 0.0 1.0 0.0 3.0065240073265844 193.51405299160075
4.225800000000003 2.0 1.0 3.0 2.0 0.0 0.0 2.0 41.57000000000001 2.0092277497890008 579.827438063463
3.386800000000001 1.0 2.0 2.0 1.0 1.0 1.0 2.0 41.13 1.8444317603693572 363.74477608966475
3.0020000000000016 1.0 0.0 1.0 1.0 0.0 0.0 1.0 9.23 3.14303948130643 235.04775799182192
3.0020000000000007 1.0 0.0 1.0 1.0 0.0 0.0 1.0 9.23 3.1694511920127173 214.79775799182195
1.0933000000000002 3.0 1.0 3.0 1.0 0.0 0.0 1.0 86.22999999999999 3.0744652861118364 398.7984696519948
0.6613199999999999 3.0 1.0 0.0 2.0 0.0 0.0 2.0 54.46 2.950090305322589 351.2753028763378
3.4735000000000023 2.0 0.0 5.0 0.0 0.0 0.0 0.0 20.310000000000002 4.151457931255603 158.6704666146524
0.9077000000000003 2.0 1.0 1.0 1.0 1.0 1.0 2.0 32.34 2.3555706101534835 333.89215125425096
3.0858000000000008 1.0 1.0 8.0 0.0 0.0 0.0 0.0 26.02 2.6909155266923976 53.89311688209828
2.1822999999999997 2.0 0.0 4.0 1.0 0.0 0.0 1.0 26.3 2.310042822879905 254.05260581186823
1.77922 3.0 1.0 2.0 1.0 0.0 0.0 1.0 41.57 2.8663948066468974 361.6055960561882
2.743540000000001 3.0 1.0 2.0 1.0 0.0 0.0 1.0 38.33 2.9808899617813673 353.8458253198426
2.976700000000002 0.0 0.0 2.0 0.0 1.0 1.0 1.0 0.0 2.0584046167758574 51.058650025961626
-1.1475000000000002 2.0 2.0 1.0 0.0 0.0 0.0 0.0 63.32 3.2575861612334887 59.813537528125096
2.0631 4.0 0.0 8.0 0.0 0.0 0.0 0.0 52.60000000000001 3.2412448515754386 169.02694288582546
2.4532000000000007 4.0 0.0 9.0 0.0 0.0 0.0 0.0 52.60000000000001 3.2089000399030327 179.19544121138722
4.146600000000001 0.0 0.0 0.0 2.0 0.0 0.0 2.0 0.0 2.9077745072579826 421.10813525322834
4.146600000000001 0.0 0.0 0.0 2.0 0.0 0.0 2.0 0.0 2.9609415115705566 384.3581352532283
2.0353 4.0 2.0 2.0 1.0 0.0 1.0 2.0 61.69 2.1196043409156973 487.00004134258296
-0.5668000000000002 3.0 2.0 3.0 0.0 0.0 0.0 0.0 72.55000000000001 3.7161367711827205 104.37622970804894
4.275800000000004 2.0 2.0 4.0 2.0 0.0 0.0 2.0 40.46 2.3464546554518786 466.46325791126213
-1.8514999999999993 4.0 0.0 4.0 0.0 0.0 0.0 0.0 80.25999999999999 3.844226696925943 145.82350886146327
2.2759 3.0 1.0 2.0 1.0 1.0 2.0 3.0 80.47 1.9628815985508719 696.4158255007388
3.1834000000000007 2.0 0.0 1.0 1.0 0.0 0.0 1.0 12.36 3.061972168711611 278.6895252608723
1.8436999999999997 5.0 3.0 2.0 0.0 3.0 4.0 4.0 94.83 1.8702143281922918 839.0592591842883
3.145500000000001 2.0 2.0 1.0 1.0 1.0 1.0 2.0 40.46 2.21597172582517 314.09780984827137
3.0489 2.0 2.0 2.0 0.0 1.0 2.0 2.0 40.46 2.716115159554925 362.9473173404904
3.378300000000001 2.0 1.0 3.0 2.0 0.0 0.0 2.0 54.37 2.459795907470056 602.6910984790119
0.4169999999999994 5.0 3.0 4.0 1.0 0.0 0.0 1.0 82.69999999999999 2.8902051322153888 345.83002983390577
-4.657799999999999 2.0 1.0 0.0 0.0 0.0 0.0 0.0 60.36 0.0 56.92878689342032
1.5305 3.0 1.0 1.0 1.0 1.0 2.0 3.0 54.86 2.100410447007261 535.3309360482766
3.508000000000002 1.0 1.0 2.0 1.0 0.0 0.0 1.0 29.1 2.831519833414496 387.70843012639205
3.687000000000002 2.0 1.0 3.0 1.0 0.0 0.0 1.0 38.33 2.511727299171399 341.11473577962784
3.8746000000000027 1.0 0.0 3.0 2.0 0.0 0.0 2.0 9.23 2.228482483774148 445.78790614904244
4.146600000000001 0.0 0.0 0.0 2.0 0.0 0.0 2.0 0.0 2.797846408466882 384.3581352532283
1.80824 2.0 1.0 2.0 1.0 0.0 0.0 1.0 42.09 2.86584548320798 288.71868404195976
1.0916 3.0 2.0 3.0 1.0 0.0 0.0 1.0 83.83000000000001 3.2744144453933877 382.78874558784804
2.832600000000001 0.0 0.0 0.0 0.0 1.0 1.0 1.0 0.0 2.2794002709583667 56.43856189774725
2.2410000000000005 0.0 0.0 1.0 0.0 0.0 0.0 0.0 0.0 2.9934972434784735 26.52932501298081
2.446200000000001 3.0 1.0 2.0 2.0 0.0 0.0 2.0 80.44 2.924515991348853 542.8042984015815
3.6128000000000027 0.0 0.0 5.0 0.0 0.0 0.0 0.0 0.0 2.9548225727898 48.0
2.8484000000000007 1.0 0.0 1.0 2.0 0.0 0.0 2.0 9.23 2.7909670297392646 387.63117497912054
2.1935000000000007 1.0 1.0 0.0 0.0 2.0 2.0 2.0 20.23 2.338936599612258 180.5569111106811
1.3721 4.0 0.0 6.0 0.0 0.0 0.0 0.0 68.28 5.886107682895368 351.828281512136
6.451400000000001 1.0 0.0 2.0 2.0 0.0 0.0 2.0 0.0 2.2962610484217487 536.9470467453648
7.725599999999999 0.0 0.0 1.0 0.0 0.0 2.0 2.0 0.0 2.8191239714596747 530.4237512704517
1.5567 2.0 1.0 0.0 0.0 0.0 1.0 1.0 32.59 2.5621664007011264 126.49022499567306
8.067 0.0 0.0 0.0 2.0 0.0 0.0 2.0 0.0 3.2161246449441507 562.85273182753
1.1404800000000002 2.0 1.0 0.0 1.0 0.0 0.0 1.0 49.81 3.1192017919205197 247.33821798626076
3.260580000000002 1.0 0.0 6.0 0.0 0.0 0.0 0.0 23.79 2.723360598747554 91.39161360323428
2.3319 2.0 0.0 3.0 1.0 0.0 0.0 1.0 12.36 2.4484927862349912 249.5250600730738
0.6217999999999999 2.0 0.0 1.0 0.0 0.0 0.0 0.0 40.129999999999995 4.2266192868964705 135.4639615981846
1.3716999999999997 3.0 1.0 0.0 2.0 0.0 0.0 2.0 54.46 2.625835905305616 399.6171391663772
2.484000000000001 1.0 1.0 5.0 1.0 0.0 0.0 1.0 37.3 2.168624668395278 254.05260581186826
1.6700999999999997 4.0 0.0 0.0 2.0 0.0 0.0 2.0 43.6 2.926885756992558 436.2858603413604
4.948100000000002 4.0 0.0 5.0 1.0 0.0 0.0 1.0 44.760000000000005 3.086993894763407 495.8962011253302
2.5417000000000005 5.0 1.0 8.0 0.0 0.0 0.0 0.0 47.56 4.111101287308404 251.13865282819253
1.9898 6.0 1.0 9.0 0.0 0.0 0.0 0.0 64.63000000000001 3.465579656243774 244.19280948873626
2.2436 2.0 2.0 1.0 2.0 0.0 0.0 2.0 57.53 2.8951601769882984 502.858845345137
4.277400000000004 2.0 0.0 4.0 0.0 0.0 0.0 0.0 20.310000000000002 4.27920995877855 233.57688747399035
4.843900000000003 2.0 0.0 4.0 0.0 0.0 0.0 0.0 20.310000000000002 4.395102108176326 267.2377071841887
0.9620000000000002 2.0 2.0 2.0 0.0 1.0 1.0 1.0 74.6 2.665364343758954 177.23454122869498
-0.35380000000000006 3.0 2.0 0.0 2.0 0.0 0.0 2.0 74.43 2.990320309898347 400.94019739120694
-1.725599999999999 7.0 0.0 0.0 2.0 0.0 0.0 2.0 70.93 3.3638893607904286 756.1130205486448
4.236100000000003 7.0 0.0 7.0 2.0 0.0 0.0 2.0 53.6 2.2526661246596325 719.6059926791268
3.2462000000000018 3.0 1.0 4.0 2.0 0.0 1.0 3.0 46.53 2.0677701052489437 630.1685858830326
1.0936 1.0 0.0 3.0 0.0 0.0 0.0 0.0 20.310000000000002 3.6437564476124793 91.05865002596164
2.2534 2.0 0.0 3.0 1.0 0.0 0.0 1.0 26.3 2.539556056342092 241.27530899395387
1.647 2.0 2.0 1.0 1.0 0.0 0.0 1.0 40.46 3.090683646458197 235.04775799182192
0.8179000000000001 2.0 2.0 4.0 0.0 0.0 0.0 0.0 74.6 4.11529460833615 161.82350886146327
1.2969 3.0 1.0 5.0 1.0 0.0 0.0 1.0 55.4 2.695351301044562 375.5107816340442
2.2430000000000003 0.0 0.0 0.0 1.0 0.0 0.0 1.0 0.0 3.310532874722407 232.91988337222986
1.8050000000000002 1.0 1.0 3.0 0.0 0.0 0.0 0.0 20.23 3.373381552563661 57.4071655715584
1.5131000000000001 3.0 1.0 2.0 1.0 0.0 1.0 2.0 55.760000000000005 2.2452664748461397 395.108513716102
5.454620000000004 0.0 0.0 0.0 4.0 0.0 0.0 4.0 0.0 2.2321129096615655 916.7400111490208
5.454620000000004 0.0 0.0 0.0 4.0 0.0 0.0 4.0 0.0 2.221063067428523 916.7400111490208
6.045620000000003 0.0 0.0 0.0 5.0 0.0 0.0 5.0 0.0 2.2577078741048795 1116.7500637406124
2.4903900000000005 2.0 1.0 0.0 2.0 0.0 0.0 2.0 28.93 3.007619546803024 364.89835341124046
6.222999999999999 0.0 0.0 0.0 0.0 6.0 6.0 6.0 0.0 2.077829675923021 574.6955361255153
3.074300000000001 2.0 0.0 1.0 1.0 0.0 0.0 1.0 12.36 3.061972168711611 278.6895252608723
2.2033000000000005 0.0 0.0 4.0 0.0 0.0 0.0 0.0 0.0 2.787167523586374 103.95418659385767
-0.9308099999999997 2.0 1.0 1.0 0.0 0.0 1.0 1.0 67.76 2.7589599781358083 207.03846842100583
3.8328000000000033 3.0 0.0 9.0 0.0 0.0 0.0 0.0 35.53 3.737825503323074 156.7500459686256
3.442700000000002 3.0 0.0 8.0 0.0 0.0 0.0 0.0 35.53 3.4851076896510653 144.93880387261316
3.1845000000000017 2.0 1.0 2.0 2.0 0.0 0.0 2.0 29.46 2.2369588843757167 409.6767229032693
0.6010999999999993 4.0 3.0 9.0 0.0 0.0 0.0 0.0 63.93000000000001 4.145433411615663 137.8135375281251
5.454620000000004 0.0 0.0 0.0 4.0 0.0 0.0 4.0 0.0 2.334130511633286 916.7400111490208
3.520900000000001 3.0 0.0 3.0 0.0 1.0 2.0 2.0 37.38 2.1604455885783054 386.68186009880054
1.2019 2.0 0.0 5.0 0.0 1.0 1.0 1.0 21.759999999999998 1.7060432961664127 69.31640245632484
3.0074200000000006 1.0 1.0 0.0 1.0 0.0 0.0 1.0 20.23 3.310532874722407 234.77817392215357
0.7282199999999999 4.0 0.0 0.0 2.0 0.0 0.0 2.0 51.56 2.8289012156206956 384.85228689314886
0.7282199999999999 4.0 0.0 0.0 2.0 0.0 0.0 2.0 51.56 2.9131611636048604 379.6022868931489
2.5746200000000004 5.0 0.0 0.0 3.0 0.0 0.0 3.0 42.85 2.5145236538247846 714.0826797621032
3.2716000000000003 2.0 3.0 11.0 0.0 0.0 0.0 0.0 101.69999999999999 0.0 235.2731249501922
0.7941 2.0 1.0 2.0 1.0 0.0 0.0 1.0 52.32 3.121219318886157 270.54949758389114
-1.3566000000000003 4.0 5.0 6.0 0.0 0.0 0.0 0.0 155.6 4.525410345249786 292.60335893412775
2.6942000000000013 2.0 1.0 3.0 2.0 0.0 0.0 2.0 43.09 2.1105163490120473 473.84834508395556
4.785700000000003 1.0 0.0 2.0 2.0 0.0 0.0 2.0 9.23 2.1467113756182017 390.6842279806418
0.8737999999999999 2.0 2.0 1.0 0.0 1.0 1.0 1.0 71.96000000000001 1.4399995716001303e-06 148.04301839132643
0.7908000000000002 6.0 4.0 0.0 2.0 0.0 1.0 3.0 138.22 2.4618026573276635 666.7462922813075
3.034220000000002 6.0 0.0 3.0 1.0 0.0 0.0 1.0 112.58000000000001 3.8871869670123678 630.5291477180689
-1.183 2.0 2.0 3.0 0.0 0.0 0.0 0.0 66.4 2.9670528832697767 80.24920506009684
2.8176000000000005 2.0 1.0 3.0 2.0 0.0 0.0 2.0 37.3 2.119180990864876 471.84834508395556
2.4518000000000004 6.0 0.0 9.0 0.0 0.0 0.0 0.0 52.6 4.1841457559818025 318.1751243754944
5.593720000000003 0.0 0.0 0.0 4.0 0.0 0.0 4.0 0.0 2.340399397279029 961.2867569201643
5.454620000000004 0.0 0.0 0.0 4.0 0.0 0.0 4.0 0.0 2.288164726178113 916.7400111490208
1.9464000000000004 3.0 1.0 2.0 1.0 0.0 0.0 1.0 80.44 3.3486590713152182 376.7553335743196
4.806900000000004 4.0 0.0 10.0 1.0 0.0 0.0 1.0 44.760000000000005 2.5914128917982353 366.29217101740784
2.729300000000001 3.0 1.0 1.0 2.0 0.0 1.0 3.0 46.53 2.3770639184619307 680.8409463497775
0.8516999999999999 6.0 0.0 6.0 0.0 0.0 0.0 0.0 55.84 4.109305020933433 252.21605924781633
5.593720000000003 0.0 0.0 0.0 4.0 0.0 0.0 4.0 0.0 2.3584554469956758 967.2867569201643
5.454620000000004 0.0 0.0 0.0 4.0 0.0 0.0 4.0 0.0 2.3181930833020647 916.7400111490208
2.0006 2.0 1.0 8.0 0.0 0.0 0.0 0.0 54.37 2.904411038051829 131.7353374935096
2.4288 1.0 1.0 2.0 1.0 0.0 0.0 1.0 29.1 2.5897829796017806 261.0201872896982
0.7693 2.0 0.0 1.0 0.0 1.0 1.0 1.0 18.46 2.1399633186493645 48.041843979966416
-1.2244000000000002 6.0 4.0 2.0 0.0 0.0 0.0 0.0 113.72999999999999 4.027243339066914 119.20671786825557
1.6088200000000001 3.0 1.0 1.0 1.0 0.0 0.0 1.0 63.37 3.1960696621259204 295.7372022742227
5.753800000000004 5.0 1.0 5.0 3.0 0.0 0.0 3.0 79.89 1.6590704482436824 844.451942481161
1.2012 3.0 2.0 1.0 2.0 0.0 0.0 2.0 77.29 2.5597954293256158 422.8668956038609
0.49200000000000016 2.0 2.0 4.0 0.0 0.0 0.0 0.0 74.6 3.3598601449703684 159.13075145540293
2.7432000000000016 5.0 0.0 8.0 0.0 0.0 0.0 0.0 35.53 4.083350427266094 212.2255594286989
2.409300000000001 6.0 0.0 8.0 0.0 0.0 0.0 0.0 52.6 4.371293824985292 304.1969869775611
2.7635000000000014 4.0 0.0 2.0 1.0 0.0 0.0 1.0 35.010000000000005 2.7727148501325187 259.44116542843454
2.6320000000000006 7.0 0.0 8.0 0.0 0.0 0.0 0.0 65.07000000000001 4.397208956208479 342.8117132097756
3.5413000000000023 6.0 0.0 7.0 1.0 0.0 0.0 1.0 44.760000000000005 3.0012992795481437 444.3024221212612
0.59808 1.0 0.0 0.0 0.0 0.0 0.0 0.0 23.79 2.4330963097956344 35.79319390447952
1.09484 3.0 2.0 2.0 1.0 0.0 0.0 1.0 87.49000000000001 3.4178886149330863 376.2681356861843
-8.023800000000016 12.0 1.0 5.0 3.0 0.0 1.0 4.0 213.05999999999997 2.4066654295562085e-06 1822.193545468072
1.5702999999999998 3.0 1.0 2.0 1.0 0.0 0.0 1.0 55.4 2.679983362198753 307.8896728870035
-0.3559600000000003 6.0 0.0 0.0 2.0 0.0 0.0 2.0 69.78 3.1551785144362596 696.5019640064886
2.3003 4.0 0.0 4.0 1.0 0.0 0.0 1.0 69.44 2.6416397623371424 358.19006718030624
2.9433000000000007 3.0 1.0 1.0 2.0 0.0 0.0 2.0 49.660000000000004 2.9117844920054865 465.4314410863231
-0.936639999999999 8.0 0.0 8.0 0.0 0.0 0.0 0.0 152.55999999999997 4.92042108277526 446.6662405501103
2.779700000000001 8.0 0.0 7.0 2.0 0.0 0.0 2.0 66.24000000000001 2.2177860455800626 712.2050233315528
4.728400000000002 1.0 1.0 0.0 4.0 0.0 0.0 4.0 26.02 2.3371227357502993 922.3919838784873
3.999800000000003 2.0 1.0 1.0 1.0 0.0 0.0 1.0 38.33 3.286723187669047 432.36776915934104
3.010600000000002 2.0 0.0 2.0 1.0 0.0 0.0 1.0 18.46 3.164874105084725 256.88150377072884
-0.31949999999999995 2.0 2.0 3.0 0.0 0.0 0.0 0.0 49.33 2.8219389370591843 62.710134480364864
4.1323000000000025 1.0 0.0 2.0 2.0 0.0 0.0 2.0 9.23 2.2369588843757167 411.6767229032693
2.9842000000000013 4.0 0.0 8.0 0.0 0.0 0.0 0.0 44.760000000000005 3.8459343998916427 150.2230163877574
0.9228999999999997 3.0 1.0 4.0 0.0 0.0 0.0 0.0 52.32 3.636832773235095 123.26046567326583
1.992 6.0 4.0 13.0 2.0 0.0 0.0 2.0 132.8 1.7642175732961465 835.6517637272246
0.9421999999999999 0.0 0.0 0.0 2.0 0.0 1.0 3.0 7.76 2.2875830783649636 431.75287485739244
3.010600000000002 2.0 0.0 2.0 1.0 0.0 0.0 1.0 18.46 3.190438801224836 257.63150377072884
2.2824999999999998 7.0 0.0 6.0 1.0 0.0 0.0 1.0 74.97 2.737375681509143 462.79903741452915
-0.9922000000000002 3.0 5.0 2.0 0.0 0.0 0.0 0.0 135.29 5.079498628795793 206.82512869394384
-2.096199999999998 0.0 2.0 0.0 0.0 1.0 1.0 1.0 33.22 2.1923771580194713 54.928786893420316
0.2161999999999999 2.0 1.0 2.0 0.0 0.0 0.0 0.0 54.37 3.668626461933803 118.60920862591125
3.9768000000000034 1.0 1.0 10.0 0.0 0.0 0.0 0.0 37.3 2.884064614706359 137.24922110379617
-0.19169999999999998 2.0 2.0 2.0 0.0 0.0 0.0 0.0 63.32 3.3434170589539596 72.09004635215048
2.0831 0.0 0.0 0.0 0.0 0.0 0.0 0.0 0.0 3.541196965079901 55.20035947603792
2.3486000000000002 1.0 0.0 1.0 1.0 0.0 0.0 1.0 9.23 2.9368661023365914 197.86256853719752
4.718100000000002 5.0 0.0 6.0 1.0 0.0 0.0 1.0 40.58 3.006125183376143 464.6162368766505
0.87918 2.0 0.0 0.0 0.0 1.0 1.0 1.0 40.86 2.579519093745178 145.09775004326937
2.2013 2.0 0.0 3.0 0.0 0.0 0.0 0.0 20.310000000000002 3.649620758476938 101.7792291661388
2.9102000000000015 3.0 0.0 7.0 1.0 0.0 0.0 1.0 35.53 2.894366273611782 370.5101632496788
4.6814000000000044 2.0 0.0 10.0 0.0 0.0 0.0 0.0 26.3 3.9583424513685084 168.4609327209684
2.29854 1.0 1.0 0.0 1.0 0.0 0.0 1.0 32.86 3.592824831592955 313.77918974581615
1.9672 2.0 1.0 1.0 1.0 0.0 0.0 1.0 37.3 3.158901732156222 257.78306142431705
4.660400000000002 0.0 0.0 1.0 2.0 0.0 0.0 2.0 0.0 2.4434555043419293 432.3296467381504
2.4568000000000003 2.0 1.0 3.0 1.0 0.0 0.0 1.0 46.53 2.7691156964614927 325.16521978178946
0.5010999999999999 4.0 0.0 3.0 0.0 0.0 0.0 0.0 52.6 3.7262510867304592 152.51956340253028
1.84198 3.0 1.0 1.0 1.0 0.0 0.0 1.0 49.81 2.8143225241794605 247.30377126902428
0.9539 4.0 2.0 0.0 2.0 0.0 0.0 2.0 80.48 2.796386344144949 473.76197891900415
1.5466999999999997 6.0 1.0 6.0 1.0 0.0 0.0 1.0 63.17 3.0341474353239093 351.7150689235082
1.3869999999999998 5.0 2.0 3.0 1.0 0.0 0.0 1.0 62.730000000000004 2.878054283327965 288.21143267123256
1.1129 4.0 1.0 2.0 1.0 0.0 0.0 1.0 80.44 3.2541929918421286 334.1783027025974
2.0086 0.0 0.0 1.0 0.0 0.0 0.0 0.0 0.0 2.5395388613593903 20.854752972273346
0.7421999999999997 6.0 2.0 4.0 1.0 0.0 0.0 1.0 71.96000000000001 2.9200182242358266 279.53315486014867
1.5772 4.0 1.0 1.0 2.0 0.0 0.0 2.0 60.910000000000004 2.6602820094110218 536.1089189358535
0.7050999999999998 2.0 2.0 4.0 0.0 0.0 0.0 0.0 49.33 3.7173197260221222 112.1737343120833
0.2316999999999998 2.0 2.0 3.0 0.0 0.0 0.0 0.0 66.4 4.11529460833615 165.0686213592998
2.5287000000000006 0.0 0.0 4.0 0.0 0.0 0.0 0.0 0.0 2.679549206552144 45.05865002596162
3.2227000000000023 0.0 0.0 0.0 0.0 1.0 1.0 1.0 0.0 2.4108370132644117 92.2114326716684
-0.4257199999999999 3.0 2.0 4.0 0.0 0.0 0.0 0.0 73.12 2.937573526428243 127.40990953421706
0.44439999999999996 2.0 2.0 3.0 0.0 0.0 0.0 0.0 63.32 3.7161367711827205 103.23098268032228
3.7722000000000033 3.0 1.0 6.0 2.0 1.0 1.0 3.0 40.54 1.4355798819160093 691.5958056500971
1.8050000000000002 1.0 1.0 2.0 0.0 0.0 0.0 0.0 20.23 3.111766194388426 51.897390567231454
-2.0167 3.0 4.0 4.0 0.0 0.0 0.0 0.0 135.51000000000002 4.1359823272131315 198.73887201067618
4.321800000000003 2.0 0.0 2.0 2.0 0.0 0.0 2.0 40.620000000000005 2.49315358790122 702.5469234659057
-0.1914999999999999 1.0 2.0 0.0 0.0 0.0 0.0 0.0 55.120000000000005 2.8473789230876716 44.912609383243264
-1.3231999999999968 4.0 4.0 7.0 0.0 0.0 0.0 0.0 121.52000000000001 3.827406376406721 291.27559756761787
-4.017899999999999 7.0 6.0 6.0 0.0 0.0 0.0 0.0 138.45000000000002 4.28978166597642 173.42124551085624
1.6043999999999998 4.0 2.0 3.0 1.0 0.0 1.0 2.0 78.75999999999999 2.1687303253769925 571.1589699483147
1.7427 3.0 1.0 5.0 1.0 0.0 0.0 1.0 63.6 2.616933050569206 353.3556003241696
-0.6587999999999994 3.0 3.0 4.0 0.0 0.0 0.0 0.0 87.71000000000001 3.7138648911525936 134.85475297227333
1.5148999999999997 2.0 1.0 0.0 1.0 0.0 0.0 1.0 37.3 3.4253455898726597 295.80075915911806
6.921600000000004 0.0 0.0 0.0 0.0 1.0 1.0 1.0 0.0 2.612152805754491 174.56842503028858
0.9564999999999999 3.0 1.0 3.0 0.0 0.0 0.0 0.0 46.53 3.7127635189245645 132.76282190103143
0.8646000000000003 3.0 1.0 1.0 1.0 1.0 1.0 2.0 49.769999999999996 2.1613139660984357 358.60559605618823
2.901600000000001 2.0 0.0 1.0 1.0 0.0 0.0 1.0 43.14 3.2735808215375433 300.6337992264624
3.5524000000000013 0.0 0.0 4.0 0.0 0.0 0.0 0.0 0.0 3.824684203207495 51.84847143196431
5.158400000000005 7.0 0.0 14.0 0.0 0.0 0.0 0.0 46.150000000000006 4.902321546670488 298.53948727292124
3.399840000000002 2.0 0.0 0.0 3.0 0.0 0.0 3.0 25.78 2.6023578475972498 625.9454776678718
0.8077999999999999 4.0 0.0 2.0 0.0 0.0 0.0 0.0 52.6 3.352921516464098 113.70950594454669
2.1918999999999995 2.0 1.0 3.0 1.0 0.0 0.0 1.0 46.53 2.641763904889644 294.23305328030176
-0.5585299999999997 1.0 2.0 0.0 0.0 0.0 0.0 0.0 53.11 3.2575861612334887 57.058650025961626
2.1008 1.0 1.0 1.0 1.0 0.0 1.0 2.0 37.3 2.5325224086759315 377.4315981994466
-4.224499999999998 7.0 7.0 6.0 0.0 0.0 0.0 0.0 141.61 4.221713709086299 136.97373660251156
1.5567 2.0 1.0 0.0 0.0 0.0 1.0 1.0 32.59 2.5621664007011264 126.49022499567306
1.6653 2.0 0.0 3.0 0.0 0.0 0.0 0.0 12.36 2.972279667743398 92.25327665163482
1.6533999999999998 3.0 3.0 3.0 1.0 0.0 0.0 1.0 83.55000000000001 2.9237270307423464 371.9390010832792
-0.31060000000000015 5.0 2.0 0.0 1.0 0.0 0.0 1.0 90.71 3.165670309917317 172.96531218488838
0.03879999999999928 2.0 2.0 5.0 0.0 0.0 0.0 0.0 58.2 3.211729783466108 139.13685006057713
6.187900000000002 0.0 0.0 2.0 2.0 0.0 0.0 2.0 0.0 2.5901616570734314 580.9979162169988
-1.9157999999999993 6.0 0.0 0.0 2.0 0.0 0.0 2.0 69.78 3.21185381303522 578.3122688323334
1.7403 2.0 1.0 1.0 1.0 0.0 0.0 1.0 50.44 2.9776485317868318 227.8619085587166
4.414700000000004 3.0 0.0 5.0 1.0 1.0 1.0 2.0 29.54 1.723722008589725 493.16536229092077
4.2434 2.0 0.0 0.0 2.0 0.0 0.0 2.0 25.78 3.021805296135276 465.6577056479839
3.468700000000003 0.0 0.0 2.0 0.0 0.0 0.0 0.0 0.0 3.2807108400137506 64.59772060569361
1.4847 2.0 0.0 3.0 0.0 0.0 0.0 0.0 29.54 3.649620758476938 99.7792291661388
2.0343999999999993 4.0 3.0 2.0 2.0 0.0 0.0 2.0 77.75999999999999 2.521690657933588 537.8821875173596
-4.348399999999995 10.0 6.0 2.0 0.0 3.0 3.0 3.0 158.3 1.7312996703803112 370.7111556742056
2.1196 6.0 2.0 5.0 2.0 0.0 0.0 2.0 97.97 2.1561421228361213 677.7378146627927
4.558300000000004 2.0 1.0 3.0 1.0 1.0 1.0 2.0 29.259999999999998 2.0797732804513314 414.5001729075137
3.511700000000002 5.0 1.0 8.0 2.0 0.0 0.0 2.0 92.91 2.02276670984657 750.7534807965404
2.9125000000000005 2.0 2.0 10.0 0.0 0.0 0.0 0.0 74.6 3.4846981619629873 199.06429996996872
3.8884999999999996 1.0 1.0 0.0 2.0 0.0 0.0 2.0 28.68 2.716164445381658 518.3165183204861
1.4951999999999999 3.0 2.0 2.0 0.0 2.0 3.0 3.0 75.27000000000001 2.008160336598171 474.91954501412886
0.18180000000000007 2.0 2.0 3.0 0.0 0.0 0.0 0.0 74.6 3.632432151939845 128.919684538544
-3.5267000000000004 6.0 6.0 5.0 0.0 0.0 0.0 0.0 144.24 4.235100562818548 174.5074118380366
3.0189000000000012 1.0 1.0 5.0 2.0 0.0 0.0 2.0 12.03 1.6982174709605096 352.7948325711524
2.2074 1.0 1.0 2.0 1.0 0.0 0.0 1.0 29.1 2.7091478243736495 263.6719978261821
1.2394999999999998 3.0 1.0 10.0 0.0 0.0 0.0 0.0 60.36 2.884064614706359 134.49433360163272
2.1569000000000003 6.0 0.0 3.0 1.0 0.0 2.0 3.0 71.06 2.1985713585727407 720.0389316296885
0.1794 3.0 0.0 4.0 0.0 0.0 0.0 0.0 43.370000000000005 3.5787109648268176 108.87060032410331
4.736400000000003 3.0 0.0 4.0 3.0 0.0 1.0 4.0 51.21 1.7945238050547325 1003.7333182801441
5.454620000000004 0.0 0.0 0.0 4.0 0.0 0.0 4.0 0.0 2.3547447512611064 916.7400111490208
5.763040000000004 0.0 0.0 0.0 4.0 0.0 0.0 4.0 0.0 2.3923893547034303 955.5588177778452
5.708600000000004 0.0 0.0 1.0 4.0 0.0 0.0 4.0 0.0 2.3005272171141313 932.2283742957518
-1.0185999999999997 4.0 2.0 2.0 1.0 0.0 0.0 1.0 120.32 3.436614784321693 499.69916585523896
0.93684 1.0 0.0 0.0 1.0 0.0 0.0 1.0 26.939999999999998 3.165670309917317 169.67835570708544
0.5403000000000001 2.0 1.0 1.0 1.0 0.0 0.0 1.0 38.91 2.8320858350070908 147.87452390041133
0.5403000000000001 2.0 1.0 1.0 1.0 0.0 0.0 1.0 38.91 2.8320858350070908 147.87452390041133
2.3190800000000005 6.0 1.0 8.0 0.0 0.0 0.0 0.0 88.41999999999999 4.333509883249055 357.3794052589087
2.945100000000001 5.0 1.0 6.0 1.0 0.0 0.0 1.0 53.71 2.748340736579641 358.8318207440149
3.450400000000002 2.0 0.0 1.0 2.0 0.0 0.0 2.0 25.78 2.521303589694852 422.8799157979306
3.7569000000000026 0.0 0.0 4.0 0.0 1.0 1.0 1.0 0.0 1.9111701105978576 70.10749561002055
3.2014200000000037 5.0 2.0 7.0 2.0 0.0 0.0 2.0 68.42 2.1658797830782097 608.5560446706214
1.17662 6.0 2.0 4.0 2.0 0.0 0.0 2.0 107.2 2.3259791707111312 713.9823358039899
1.8010000000000004 4.0 1.0 2.0 2.0 0.0 0.0 2.0 59.3 2.764855679937048 586.5452489241367
-2.6437 4.0 4.0 2.0 0.0 0.0 0.0 0.0 110.24 3.4713176263221484 108.9811553790729
0.6628999999999994 0.0 1.0 0.0 0.0 0.0 0.0 0.0 27.64 3.541196965079901 49.69058447171098
-4.587799999999996 7.0 7.0 5.0 0.0 0.0 0.0 0.0 156.26999999999998 4.296163703795438 189.16054269564705
2.8229000000000006 2.0 1.0 1.0 3.0 0.0 0.0 3.0 41.82 2.2440947752499047 518.4490170061054
4.657300000000001 2.0 1.0 0.0 2.0 0.0 1.0 3.0 12.03 2.108606050374169 524.7806108146203
4.499400000000001 2.0 1.0 0.0 2.0 0.0 1.0 3.0 12.03 2.108606050374169 524.7806108146203
0.2936000000000003 4.0 0.0 7.0 0.0 0.0 0.0 0.0 68.28 4.189486886758264 310.02779400832594
0.8443999999999996 7.0 4.0 6.0 2.0 0.0 1.0 3.0 152.43999999999997 2.077270368327061 1010.8339616054124
1.8321999999999998 3.0 1.0 1.0 1.0 0.0 0.0 1.0 46.53 3.0455637915397915 309.1713244639388
1.8034 1.0 1.0 1.0 0.0 0.0 0.0 0.0 20.23 3.623281003705976 61.27730243901708
0.15310000000000018 2.0 2.0 3.0 0.0 0.0 0.0 0.0 74.6 3.6324321519398444 132.52932501298082
1.7422000000000002 2.0 2.0 7.0 0.0 0.0 0.0 0.0 74.6 3.7087999066177497 162.4535151183479
3.1102000000000007 2.0 1.0 3.0 1.0 0.0 0.0 1.0 46.53 2.9450227685135126 365.0942913293867
1.5157 2.0 0.0 3.0 1.0 0.0 0.0 1.0 26.3 2.6930079504145 228.57786591623355
-2.7484999999999955 3.0 0.0 2.0 0.0 4.0 4.0 4.0 9.72 8.533330226667825e-07 233.55374652283
0.5548 1.0 1.0 1.0 0.0 0.0 0.0 0.0 20.23 2.622415807990217 30.62919048309069
-0.29090000000000016 6.0 0.0 4.0 0.0 0.0 0.0 0.0 129.42000000000002 5.185144767694768 202.90859697359193
2.7684000000000006 2.0 2.0 7.0 0.0 0.0 0.0 0.0 74.6 5.780992298907336 234.19232562657194
1.3662 3.0 0.0 6.0 0.0 0.0 0.0 0.0 35.53 2.9549874302986416 101.51029297451521
2.624200000000001 6.0 2.0 6.0 1.0 0.0 0.0 1.0 62.730000000000004 2.914930496055376 325.4650689235082
2.1562 4.0 0.0 3.0 1.0 0.0 0.0 1.0 69.44 2.727326259883217 369.51370765387685
1.3662 3.0 0.0 6.0 0.0 0.0 0.0 0.0 35.53 3.0894795282693237 101.51029297451521
2.6912000000000003 4.0 0.0 1.0 3.0 0.0 0.0 3.0 68.92 2.590696146592083 739.9847966621533
-0.3744 2.0 2.0 1.0 1.0 0.0 0.0 1.0 65.72 3.3380830562755492 323.0099680885666
-0.8662999999999996 3.0 3.0 4.0 0.0 0.0 0.0 0.0 86.63 3.8334832964994003 144.58337707694835
2.5084 3.0 2.0 5.0 2.0 0.0 0.0 2.0 91.66999999999999 2.3564076317417757 718.1122046858368
0.9911999999999999 4.0 2.0 3.0 1.0 0.0 0.0 1.0 117.74000000000001 3.3963489782409875 452.4451582999609
4.7554000000000025 2.0 0.0 2.0 2.0 0.0 0.0 2.0 24.72 2.1529892819390977 448.8081523848772
1.3639999999999999 6.0 0.0 3.0 1.0 1.0 1.0 2.0 98.18 2.0323424511000088 466.95131193342166
2.3013000000000003 2.0 0.0 0.0 2.0 0.0 1.0 3.0 26.3 2.3857353309418894 528.8328093513567
1.5545 4.0 2.0 1.0 1.0 5.0 6.0 7.0 46.940000000000005 1.595723318205141 723.3453291572417
3.302600000000001 2.0 2.0 11.0 0.0 0.0 0.0 0.0 74.6 3.431221635663612 211.45935200003711
1.1929199999999998 2.0 2.0 1.0 1.0 0.0 0.0 1.0 40.46 3.0906836464581975 230.69924244622516
1.87472 3.0 1.0 4.0 1.0 0.0 0.0 1.0 59.160000000000004 3.1439756468869144 379.42990738267883
3.542200000000001 3.0 2.0 3.0 2.0 0.0 0.0 2.0 62.22 2.337930511639871 641.5085495074974
1.1076 2.0 1.0 2.0 0.0 1.0 1.0 1.0 29.1 2.1919163912003334 116.4259988171292
1.7631999999999999 4.0 2.0 4.0 0.0 0.0 0.0 0.0 61.69 4.346018801671423 136.68324254705823
0.09110000000000129 4.0 0.0 3.0 0.0 3.0 3.0 3.0 54.480000000000004 1.8129924932639865 300.3078350681549
1.47644 5.0 2.0 3.0 2.0 0.0 0.0 2.0 97.97 2.304477129711624 696.1693645265303
2.832600000000001 0.0 0.0 0.0 0.0 1.0 1.0 1.0 0.0 2.4354397213453027 82.03910001730776
-1.3790999999999998 2.0 2.0 0.0 0.0 1.0 1.0 1.0 58.2 2.535054425271875 155.03698459046726
0.7431 2.0 0.0 2.0 0.0 0.0 0.0 0.0 32.67 3.206906886091862 53.81353752812509
-0.23009999999999997 2.0 1.0 0.0 1.0 0.0 0.0 1.0 45.75 3.27532977603021 175.38621243302316
1.5148999999999997 2.0 1.0 0.0 1.0 0.0 0.0 1.0 37.3 3.5276549536297805 295.80075915911806
0.36429999999999996 2.0 0.0 1.0 0.0 1.0 1.0 1.0 29.6 2.5466113409770674 102.64778179757933
0.6985999999999999 3.0 2.0 3.0 0.0 0.0 0.0 0.0 49.33 3.3038725481541023 137.60964047443682
-5.395599999999993 11.0 8.0 5.0 0.0 2.0 2.0 2.0 189.52999999999997 2.1281884089863876 393.2032272794937
1.0946 2.0 0.0 2.0 0.0 0.0 0.0 0.0 29.540000000000003 3.6437564476124793 89.05865002596164
2.8873000000000015 2.0 1.0 4.0 2.0 0.0 0.0 2.0 54.37 2.34697086323985 567.193960054953
2.401700000000001 1.0 0.0 0.0 0.0 2.0 2.0 2.0 17.07 2.416428519178835 210.15777938858872
0.42239999999999955 1.0 2.0 1.0 1.0 0.0 0.0 1.0 69.11 3.087636787033165 253.71014322559097
1.4472999999999998 2.0 2.0 4.0 1.0 0.0 0.0 1.0 38.05 2.2758012873675093 184.01403827281285
2.5329000000000006 7.0 0.0 8.0 1.0 0.0 0.0 1.0 123.66 3.769656534349374 675.4151960929466
2.637100000000001 2.0 2.0 3.0 2.0 0.0 0.0 2.0 66.39999999999999 2.2708322641159984 578.6027923612364
2.6016000000000012 1.0 0.0 4.0 3.0 0.0 1.0 4.0 7.12 2.2499975512527404e-06 1063.085835349661
0.6116999999999999 4.0 0.0 2.0 1.0 0.0 0.0 1.0 83.26999999999998 3.427344204506423 376.7553335743196
-0.5651999999999995 3.0 2.0 4.0 0.0 0.0 0.0 0.0 72.55000000000001 3.2659073992264416 94.2038970536883
1.3172000000000001 4.0 2.0 7.0 0.0 0.0 0.0 0.0 74.6 3.0073056362946593 141.6270750562502
1.08608 1.0 0.0 0.0 0.0 0.0 0.0 0.0 23.79 3.044400719010069 66.20736108013043
1.3334 1.0 1.0 3.0 0.0 0.0 0.0 0.0 20.23 2.9843602328703267 50.14170945007629
1.1893 1.0 1.0 2.0 0.0 0.0 0.0 0.0 20.23 3.3299765979747935 57.200359476037924
1.3334 1.0 1.0 2.0 0.0 0.0 0.0 0.0 20.23 3.159487600385118 57.200359476037924
2.472200000000001 2.0 1.0 4.0 2.0 0.0 0.0 2.0 54.37 2.484673344040051 506.96610164809874
2.6670000000000007 3.0 2.0 2.0 1.0 0.0 0.0 1.0 70.67 2.687869436009675 492.68265003285603
1.8378999999999994 4.0 0.0 4.0 1.0 2.0 2.0 3.0 51.239999999999995 1.8335359910017606 465.00719152428013
0.7121 3.0 1.0 5.0 0.0 0.0 0.0 0.0 46.53 3.0523751890457076 90.85200900961469
-0.4245999999999999 5.0 4.0 8.0 0.0 0.0 0.0 0.0 149.2 4.669056914112521 306.41688017891374
1.6088200000000001 3.0 1.0 1.0 1.0 0.0 0.0 1.0 63.37 3.318913173486668 275.4872022742226
0.10679999999999984 2.0 1.0 2.0 0.0 0.0 0.0 0.0 46.17 3.4713176263221484 111.73604288123639
6.270800000000006 4.0 0.0 4.0 2.0 2.0 2.0 4.0 16.130000000000003 1.5529571220617053 576.0862503322794
-0.02450000000000019 6.0 0.0 4.0 1.0 0.0 0.0 1.0 101.72999999999999 3.472364748554156 400.8705052495279
2.789500000000001 5.0 1.0 4.0 2.0 0.0 0.0 2.0 81.69999999999999 2.127760005841159 736.9038758623769
1.8612000000000002 2.0 0.0 2.0 1.0 1.0 1.0 2.0 37.38 2.263931581175127 407.47387890244363
2.5930800000000005 2.0 0.0 4.0 1.0 0.0 0.0 1.0 27.03 2.8791512162471458 295.84780984827137
2.0115 3.0 0.0 2.0 2.0 0.0 0.0 2.0 56.03 2.4574956097268665 482.2606222531353
2.5801000000000007 5.0 0.0 5.0 1.0 0.0 1.0 2.0 55.84 2.4501912093629694 529.6027401906489
0.5326 4.0 4.0 5.0 0.0 0.0 0.0 0.0 74.6 3.6806583316694943 162.38689879982144
0.5419 4.0 3.0 5.0 0.0 0.0 0.0 0.0 86.63 4.156857495504796 243.8442939431395
0.31020000000000025 5.0 0.0 10.0 0.0 0.0 0.0 0.0 77.51 3.7352783400975813 352.1386008980744
1.0916 3.0 2.0 3.0 1.0 0.0 0.0 1.0 83.83000000000001 3.2457899763887452 382.78874558784804
2.606820000000001 1.0 1.0 1.0 1.0 0.0 0.0 1.0 29.1 2.9348021246299894 309.39688695312145
1.48692 3.0 1.0 4.0 1.0 0.0 0.0 1.0 48.99 3.0460833949315185 381.9096907890864
1.7579999999999998 6.0 1.0 6.0 1.0 2.0 2.0 3.0 93.13999999999999 1.6856181090944464 693.1080738912358
2.0414000000000003 1.0 1.0 2.0 0.0 1.0 1.0 1.0 37.3 2.1919163912003334 114.42599881712918
4.964700000000005 2.0 2.0 16.0 0.0 0.0 0.0 0.0 49.33 3.0405748352461126 241.5896823433286
0.6735999999999998 2.0 2.0 5.0 0.0 0.0 0.0 0.0 49.33 3.178167514720856 112.65968562262317
-1.7738000000000003 7.0 5.0 4.0 1.0 1.0 1.0 2.0 119.61000000000001 2.113871160709672 412.44051540435873
0.3977999999999998 3.0 2.0 2.0 1.0 0.0 0.0 1.0 100.66999999999999 3.2093911682575897 384.3659305256931
4.379100000000004 3.0 0.0 10.0 1.0 0.0 0.0 1.0 39.19 1.9493536257199746 337.8619866614546
0.2316999999999998 2.0 2.0 5.0 0.0 0.0 0.0 0.0 66.4 3.8832617825448077 144.62111245095514
-1.5047999999999992 4.0 1.0 2.0 0.0 0.0 0.0 0.0 80.31 4.4582270815509055 241.6894962569671
0.9761 3.0 0.0 5.0 0.0 0.0 0.0 0.0 35.53 3.0863484262353005 80.85200900961469
0.7804 4.0 0.0 6.0 0.0 0.0 0.0 0.0 36.92 3.8267962892963663 102.22626787690945
1.2257 1.0 0.0 0.0 0.0 0.0 1.0 1.0 3.24 2.5387579921231493 94.3531421217447
-0.4519999999999993 3.0 4.0 3.0 1.0 0.0 0.0 1.0 76.1 3.041596645134811 280.85937643443293
1.76684 2.0 1.0 3.0 1.0 0.0 0.0 1.0 46.53 2.713242192766617 297.6959388329159
4.892800000000002 1.0 0.0 0.0 3.0 0.0 0.0 3.0 13.14 2.5452302518329004 598.8255911783466
1.0636999999999999 2.0 2.0 6.0 0.0 0.0 0.0 0.0 49.33 3.143237500372718 123.69694286392863
1.2813 4.0 0.0 5.0 0.0 0.0 0.0 0.0 52.6 3.628682429201735 176.4535151183479
-0.4669000000000001 6.0 0.0 1.0 2.0 0.0 0.0 2.0 61.82 3.1253965731057147 674.6545748369492
1.0594000000000003 1.0 3.0 1.0 2.0 0.0 0.0 2.0 102.78 2.402415219664146 596.6224069980343
-1.3309000000000002 3.0 3.0 2.0 0.0 1.0 1.0 1.0 95.5 2.534438673083989 224.52230736518896
1.6088200000000001 3.0 1.0 1.0 1.0 0.0 0.0 1.0 63.37 3.1515496683060507 295.73720227422257
1.437 3.0 2.0 3.0 1.0 0.0 0.0 1.0 72.19 2.3807618619125828 326.8436560484995
3.5263000000000018 3.0 1.0 6.0 2.0 0.0 0.0 2.0 63.6 2.6829209513675774 661.1641761574338
0.30229999999999985 6.0 2.0 1.0 2.0 0.0 0.0 2.0 81.65 2.8478790800873233 449.56635705517834
1.61004 6.0 0.0 4.0 1.0 0.0 0.0 1.0 82.81 3.4288325241650823 509.73724885048773
1.7816 3.0 1.0 1.0 1.0 0.0 0.0 1.0 69.16 3.1515496683060507 300.6337992264624
0.4337600000000001 5.0 2.0 9.0 0.0 0.0 0.0 0.0 125.42000000000002 4.626617784110546 351.4650648139805
1.32206 5.0 1.0 9.0 0.0 0.0 0.0 0.0 88.12 4.500564983828521 290.8188542294144
2.2709000000000006 3.0 1.0 8.0 0.0 0.0 0.0 0.0 46.53 3.0958455805317366 143.46807020414428
1.0174999999999998 2.0 1.0 0.0 1.0 0.0 1.0 2.0 38.33 2.4141310245037473 295.8984617329528
0.8821000000000001 2.0 2.0 4.0 0.0 0.0 0.0 0.0 74.6 4.323566371666372 192.6172545706481
0.9170000000000003 4.0 0.0 2.0 0.0 1.0 1.0 1.0 59.08 2.3310803559126754 223.2035843944632
4.4192000000000045 1.0 1.0 4.0 1.0 0.0 0.0 1.0 20.23 3.106332489284297 288.8647809734401
4.492200000000002 2.0 0.0 1.0 4.0 0.0 0.0 4.0 43.14 2.381198790112986 927.5168646967958
0.9223000000000001 5.0 1.0 4.0 1.0 0.0 0.0 1.0 114.97 2.7503980104629417 425.4277303821598
2.874100000000001 1.0 1.0 6.0 1.0 0.0 0.0 1.0 37.3 2.075081895525038 266.9100351687179
2.3376 1.0 1.0 4.0 0.0 0.0 0.0 0.0 20.23 3.330074215693167 66.96788691072805
2.2075 1.0 1.0 1.0 0.0 0.0 1.0 1.0 37.3 2.9879737390397145 223.71723228076573
3.9379000000000017 5.0 0.0 4.0 1.0 0.0 0.0 1.0 40.58 3.0637668536422646 437.130381956355
4.405900000000004 7.0 1.0 4.0 0.0 4.0 5.0 5.0 99.13000000000001 1.511026481335621 1133.9132330640352
1.1853 1.0 0.0 2.0 0.0 1.0 1.0 1.0 9.23 1.8762858948376273 39.20310343869658
-2.816399999999999 8.0 0.0 2.0 2.0 0.0 0.0 2.0 101.94999999999999 2.943934293328045 720.8966854642283
-0.9905999999999999 2.0 2.0 0.0 0.0 1.0 1.0 1.0 58.2 2.631435737817297 158.5866297400412
0.9036999999999998 2.0 2.0 2.0 1.0 1.0 1.0 2.0 58.2 1.9556638322594415 375.4341282999036
3.543400000000002 2.0 1.0 2.0 2.0 0.0 0.0 2.0 20.23 2.155110851234288 394.42672290326925
0.991 3.0 0.0 6.0 0.0 0.0 0.0 0.0 27.69 2.595082706793886 41.567631415296866
2.510200000000001 2.0 0.0 0.0 2.0 0.0 1.0 3.0 26.3 2.471276757014713 528.8328093513567
0.0939999999999997 3.0 2.0 3.0 1.0 0.0 0.0 1.0 79.54 2.450965128225179 277.60629960486415
1.2243000000000002 6.0 3.0 4.0 2.0 0.0 0.0 2.0 122.38 2.252455337795675 706.6309248626102
1.3521 2.0 2.0 5.0 0.0 0.0 0.0 0.0 74.6 4.575138616166866 181.4968817653618
0.16549999999999992 3.0 3.0 3.0 1.0 0.0 0.0 1.0 77.75999999999999 2.792516902249824 282.92599275295936
2.26 1.0 1.0 3.0 1.0 0.0 0.0 1.0 37.3 2.7442885049353247 312.1219806834977
2.0321 3.0 2.0 3.0 2.0 0.0 0.0 2.0 79.29 2.102582404693958 564.5500449342088
0.9744999999999999 3.0 0.0 5.0 0.0 0.0 0.0 0.0 35.53 3.6095780526829477 95.02434166397533
2.7064000000000012 4.0 4.0 0.0 0.0 1.0 1.0 1.0 116.4 2.2565323179830536 418.1173000519233
4.180900000000003 3.0 1.0 4.0 2.0 0.0 0.0 2.0 46.53 2.547618683970087 603.1091973394051
3.966800000000002 3.0 1.0 1.0 3.0 0.0 1.0 4.0 50.44 1.980229266557628 907.9425133722575
0.4793 3.0 1.0 2.0 0.0 0.0 0.0 0.0 26.3 2.8219389370591843 62.71013448036486
1.25342 3.0 1.0 0.0 1.0 0.0 0.0 1.0 54.86 3.711923181476811 465.1710152954115
3.402400000000002 8.0 0.0 7.0 0.0 0.0 0.0 0.0 36.92 4.291512616498759 217.72583425214327
-3.2845 6.0 6.0 5.0 0.0 0.0 0.0 0.0 148.4 3.9938304188992175 209.6436571479203
-0.3612 2.0 3.0 3.0 0.0 0.0 0.0 0.0 94.83000000000001 3.5254531798739226 146.28209708830374
-5.397199999999993 11.0 8.0 4.0 0.0 2.0 2.0 2.0 189.52999999999997 2.114861902481824 378.01843836179484
2.403200000000001 3.0 0.0 10.0 0.0 0.0 0.0 0.0 6.48 3.30039818684965 108.79052679372947
2.224 2.0 1.0 5.0 1.0 0.0 0.0 1.0 54.37 2.8051070560609115 327.144681354708
1.4292000000000002 8.0 0.0 6.0 1.0 0.0 0.0 1.0 175.79999999999998 3.8050660443868805 608.5496610902835
2.2508 2.0 2.0 0.0 2.0 0.0 0.0 2.0 52.04 2.2125575391923467 478.18829163880457
2.321400000000001 3.0 2.0 3.0 2.0 0.0 0.0 2.0 74.6 2.5368785771058344 616.6959859811753
-1.0319999999999991 16.0 0.0 12.0 1.0 0.0 0.0 1.0 311.43999999999994 3.227915937645579 942.6303908031318
2.127500000000001 1.0 1.0 1.0 0.0 0.0 0.0 0.0 20.23 3.623281003705976 68.17389939125684
1.4054 2.0 0.0 2.0 0.0 1.0 1.0 1.0 18.46 2.1127901449768736 74.98533616859814
1.8469 1.0 1.0 0.0 0.0 1.0 1.0 1.0 29.1 2.168489511729277 110.73114066028502
0.3596 1.0 1.0 0.0 0.0 0.0 0.0 0.0 12.03 1.6329931618554523 4.754887502163468
0.29919999999999997 3.0 3.0 2.0 0.0 0.0 0.0 0.0 37.3 3.3434170589539596 73.33515884998701
0.9959 5.0 1.0 2.0 1.0 0.0 0.0 1.0 88.87 2.8998954899749183 290.4274538790235
2.2294 2.0 0.0 1.0 1.0 1.0 1.0 2.0 37.38 2.1692947115297865 386.1788844246619
5.718200000000004 5.0 1.0 4.0 3.0 0.0 1.0 4.0 66.18 1.6533973394793882 1093.620762963816
1.6147 2.0 2.0 1.0 0.0 2.0 2.0 2.0 63.32 2.5043055956927045 299.66265684030725
-3.406399999999998 0.0 1.0 2.0 0.0 0.0 0.0 0.0 16.61 0.0 15.019550008653873
0.22462000000000049 3.0 2.0 1.0 1.0 0.0 0.0 1.0 86.18 3.327295999016508 397.8674448467726
1.8439 2.0 2.0 8.0 0.0 0.0 0.0 0.0 49.33 3.0958455805317366 146.22295770630774
2.6241000000000008 2.0 2.0 10.0 0.0 0.0 0.0 0.0 49.33 3.06855151382054 169.31552917502205
0.02809999999999957 5.0 1.0 5.0 0.0 0.0 0.0 0.0 72.83 3.9419060159016484 221.24220345600435
-3.3582999999999994 6.0 6.0 6.0 0.0 0.0 0.0 0.0 113.18 3.991684655394681 134.05130927524974
0.11099999999999999 4.0 0.0 2.0 0.0 0.0 0.0 0.0 52.6 3.723665997990161 140.68324254705826
0.2003600000000001 4.0 1.0 6.0 0.0 0.0 0.0 0.0 88.12 3.822556458306247 220.75414416835366
1.2291999999999998 5.0 1.0 2.0 2.0 0.0 0.0 2.0 70.26 2.812528266649542 499.23663735449355
1.5099200000000002 1.0 1.0 1.0 1.0 0.0 0.0 1.0 46.33 2.8925610901856844 279.0849389236156
1.6609 1.0 1.0 3.0 0.0 0.0 0.0 0.0 20.23 3.0988280941131414 50.34851554559677
-0.5670999999999999 3.0 2.0 2.0 1.0 0.0 0.0 1.0 103.25 3.15526874357476 421.555806251591
0.8933199999999999 3.0 1.0 2.0 2.0 0.0 0.0 2.0 54.86 2.39685050075294 596.406092348876
-0.03517999999999999 3.0 2.0 1.0 1.0 0.0 0.0 1.0 83.04999999999998 3.318295566501475 326.026832355085
0.5248199999999997 2.0 2.0 0.0 2.0 0.0 0.0 2.0 65.72 2.973174805197535 565.5717894788667
2.0555000000000003 3.0 1.0 2.0 1.0 0.0 0.0 1.0 80.44 3.267052212361691 376.7553335743196
4.052100000000002 2.0 1.0 1.0 3.0 0.0 1.0 4.0 23.47 2.0932961792028797 778.3756173030996
1.2722 2.0 2.0 2.0 0.0 0.0 1.0 1.0 74.6 3.077200140886093 279.33928904025254
0.0436600000000002 5.0 2.0 8.0 0.0 0.0 0.0 0.0 125.42000000000002 4.675980003222201 337.5429610277124
1.0902 2.0 0.0 2.0 1.0 0.0 0.0 1.0 40.620000000000005 3.202977813407694 372.23471678603164
0.5523999999999998 4.0 0.0 6.0 1.0 0.0 0.0 1.0 58.589999999999996 2.8333575016344072 384.6051921578053
2.3461000000000007 5.0 0.0 2.0 0.0 3.0 4.0 4.0 65.13 1.7773650746857308 673.244632222241
1.1006 3.0 1.0 5.0 0.0 0.0 0.0 0.0 46.53 3.178167514720856 109.9047981204597
1.2956999999999999 3.0 2.0 4.0 1.0 0.0 0.0 1.0 66.75999999999999 2.7963995377402164 337.58388104417253
3.200040000000002 3.0 1.0 6.0 1.0 0.0 0.0 1.0 41.57 3.1168573771592083 476.1934907424937
4.1323000000000025 1.0 0.0 2.0 2.0 0.0 0.0 2.0 9.23 2.1930492216170263 411.6767229032693
2.4879000000000007 1.0 0.0 1.0 0.0 0.0 1.0 1.0 17.07 2.698294200312726 223.02727634487286
3.206100000000001 4.0 2.0 3.0 2.0 0.0 0.0 2.0 92.47 2.263316000336962 670.5714155925533
3.206100000000001 4.0 2.0 3.0 2.0 0.0 0.0 2.0 92.47 2.2755438180360623 670.5714155925533
0.9952000000000001 2.0 2.0 4.0 0.0 0.0 0.0 0.0 66.4 4.075517845793803 205.5658200537118
0.19299999999999962 7.0 0.0 5.0 2.0 0.0 0.0 2.0 78.89 2.381621797689879 766.239853630029
2.739200000000001 3.0 1.0 5.0 1.0 0.0 0.0 1.0 46.53 2.3674874478117127 303.1481998735926
3.8826000000000027 2.0 1.0 1.0 0.0 3.0 4.0 4.0 37.3 1.6711962826978068 597.4530522903293
1.1567 3.0 0.0 2.0 1.0 0.0 1.0 2.0 35.53 2.3167377858533187 306.64199945095794
1.5163000000000002 2.0 1.0 1.0 1.0 0.0 1.0 2.0 54.37 2.379229712257271 395.2740468599653
0.9317999999999999 7.0 2.0 6.0 1.0 0.0 0.0 1.0 89.03 2.606103918106572 387.6490045067268
-3.1322999999999985 5.0 5.0 5.0 0.0 0.0 0.0 0.0 132.88 4.0865856882122875 195.4636326137784
1.1271 4.0 2.0 2.0 0.0 0.0 1.0 1.0 61.69 2.69391979307175 153.03698459046726
2.2019 1.0 0.0 1.0 1.0 1.0 1.0 2.0 20.310000000000002 2.3013243978819653 307.12613448326965
1.0796 5.0 1.0 3.0 1.0 0.0 0.0 1.0 106.74000000000001 3.5280503370242933 434.81705661543685
0.5235 6.0 0.0 4.0 1.0 0.0 0.0 1.0 109.57000000000002 3.3558070907926667 508.2549435635343
0.5235 6.0 0.0 4.0 1.0 0.0 0.0 1.0 109.57 3.4007866023848723 476.00494356353425
0.9135999999999999 6.0 0.0 3.0 1.0 0.0 0.0 1.0 109.57000000000002 3.3581764069780213 543.6408568296293
1.1612000000000002 6.0 0.0 6.0 1.0 0.0 0.0 1.0 109.57000000000002 3.050581702679916 537.6629604955889
1.70416 1.0 1.0 1.0 1.0 0.0 0.0 1.0 37.3 3.3798143363005275 308.29557464185643
1.4313 1.0 0.0 2.0 0.0 0.0 0.0 0.0 9.23 2.7541847860376616 23.11941547876375
-0.4578000000000002 3.0 2.0 5.0 0.0 0.0 0.0 0.0 49.69 3.1891479320342544 68.70322440423766
-1.3836999999999997 4.0 1.0 2.0 0.0 0.0 0.0 0.0 127.9 4.349375571926678 210.5279573091961
0.9135999999999999 6.0 0.0 5.0 1.0 0.0 0.0 1.0 109.57000000000002 3.2747860972054355 524.9509351672768
2.832600000000001 0.0 0.0 0.0 0.0 1.0 1.0 1.0 0.0 2.2794002709583667 56.43856189774725
-1.6094000000000002 3.0 3.0 2.0 0.0 0.0 0.0 0.0 83.55000000000001 3.3434170589539605 72.58027134782354
-0.7369000000000001 3.0 3.0 4.0 0.0 0.0 0.0 0.0 100.62 3.4907296603908136 144.58337707694835
4.785700000000003 1.0 0.0 2.0 2.0 0.0 0.0 2.0 9.23 2.2217971938551333 451.4342279806418
0.9573999999999998 2.0 2.0 3.0 1.0 0.0 0.0 1.0 58.2 2.8051070560609115 332.8653710605151
1.0536999999999999 5.0 1.0 5.0 0.0 0.0 0.0 0.0 73.86 4.44286476234683 267.25371961519227
4.308800000000001 1.0 0.0 1.0 1.0 0.0 0.0 1.0 9.23 3.4193747159826637 284.514952507372
-3.9236 7.0 7.0 6.0 0.0 0.0 0.0 0.0 168.63 4.2091137290224685 248.27666252784255
2.0385 3.0 0.0 4.0 1.0 0.0 0.0 1.0 39.19 2.404796656306514 258.88707266800486
1.2258 3.0 1.0 4.0 1.0 0.0 0.0 1.0 46.53 2.404796656306514 256.1321851658414
1.4502 4.0 1.0 2.0 1.0 1.0 1.0 2.0 56.790000000000006 2.1896973439825773 374.0022413900417
4.1323000000000025 1.0 0.0 2.0 2.0 0.0 0.0 2.0 9.23 2.155110851234288 394.42672290326925
3.5725000000000025 0.0 0.0 1.0 1.0 0.0 0.0 1.0 0.0 3.0313278985819716 215.72318047941278
3.901200000000003 2.0 0.0 8.0 0.0 0.0 0.0 0.0 26.3 3.9208737294960496 145.0037354388838
2.262220000000001 3.0 1.0 1.0 1.0 0.0 0.0 1.0 63.37 3.3258841466405986 337.66852769827057
3.5703000000000005 2.0 0.0 1.0 1.0 0.0 0.0 1.0 22.12 3.1621820636516658 309.85111883455244
1.9846999999999997 3.0 0.0 3.0 1.0 0.0 0.0 1.0 46.61 2.9416477109022083 369.7552757475153
3.764400000000003 4.0 0.0 10.0 0.0 0.0 0.0 0.0 44.760000000000005 3.891106890381444 170.26120178074865
3.3743000000000025 4.0 0.0 9.0 0.0 0.0 0.0 0.0 44.760000000000005 3.737825503323074 158.19488940668188
1.9329999999999998 2.0 1.0 1.0 2.0 0.0 0.0 2.0 50.19 2.8309756583676706 459.93632858848656
2.3622 3.0 1.0 1.0 1.0 0.0 0.0 1.0 52.32 3.2784430773089346 352.2424177353703
2.1935000000000002 1.0 1.0 1.0 0.0 0.0 0.0 0.0 20.23 4.1447263667447585 87.23098268032226
-0.05699999999999994 2.0 0.0 3.0 0.0 0.0 0.0 0.0 40.620000000000005 3.6934830872422997 155.8966738041484
0.09580000000000005 2.0 2.0 7.0 0.0 0.0 0.0 0.0 74.6 3.0073056362946593 141.6270750562502
-2.443199999999999 4.0 2.0 2.0 0.0 1.0 1.0 1.0 81.08000000000001 2.614523544218947 183.72476622436804
-0.3754000000000001 3.0 2.0 1.0 0.0 1.0 1.0 1.0 75.27000000000001 2.8067012713056982 227.03604339542403
3.5847000000000024 4.0 0.0 5.0 2.0 1.0 1.0 3.0 48.0 1.8517098369978218 583.6087701721092
0.1460999999999999 3.0 0.0 1.0 0.0 0.0 0.0 0.0 49.74 3.551713608029699 90.93569696954752
3.8087000000000018 1.0 0.0 1.0 0.0 5.0 5.0 5.0 17.07 1.8886276629404244 566.4228624657379
-0.6701999999999999 2.0 0.0 0.0 0.0 0.0 0.0 0.0 34.14 3.2659863237109046 23.774437510817343
1.8430000000000002 7.0 1.0 5.0 1.0 0.0 0.0 1.0 141.45000000000002 3.5909099657556762 493.31362494430095
1.5841 4.0 2.0 0.0 2.0 0.0 0.0 2.0 59.14 2.900358307908823 396.23994574764356
0.024199999999999944 3.0 1.0 1.0 0.0 1.0 1.0 1.0 63.6 2.8558230646493317 186.18683770125463
1.8584 4.0 2.0 2.0 2.0 0.0 1.0 3.0 108.74000000000001 2.406944428876235 878.1999239914708
-0.5046000000000008 6.0 2.0 2.0 1.0 1.0 1.0 2.0 90.37 2.2042997522549417 403.8341971708258
0.7584 4.0 0.0 2.0 0.0 1.0 1.0 1.0 36.92 2.490703945286552 131.13685006057713
0.857 4.0 0.0 5.0 1.0 0.0 0.0 1.0 58.589999999999996 2.879385348205376 396.00527574751527
3.407300000000002 1.0 1.0 0.0 0.0 1.0 1.0 1.0 29.1 2.126499891372904 151.9188881091498
3.139100000000001 1.0 1.0 1.0 1.0 0.0 0.0 1.0 20.23 3.2055654495767256 249.38335062299745
1.7714 0.0 0.0 0.0 0.0 0.0 0.0 0.0 0.0 1.0 0.0
1.3353999999999997 3.0 1.0 0.0 2.0 0.0 0.0 2.0 46.010000000000005 2.9131611636048604 381.2537713475522
2.983500000000001 2.0 0.0 7.0 0.0 0.0 0.0 0.0 17.07 3.0894795282693237 104.26518047667868
0.6787000000000001 2.0 2.0 2.0 1.0 0.0 0.0 1.0 46.25 2.746978188530898 185.70889642965702
2.2410000000000005 0.0 0.0 1.0 0.0 0.0 0.0 0.0 0.0 2.9934972434784735 26.52932501298081
2.3156000000000008 3.0 1.0 2.0 2.0 0.0 0.0 2.0 53.68 2.225751036764712 436.12129810318044
-2.8835 0.0 0.0 0.0 0.0 0.0 0.0 0.0 0.0 0.0 2.0
-0.6527999999999998 2.0 2.0 0.0 0.0 0.0 0.0 0.0 74.6 4.062942298971397 86.81635834269238
1.6483999999999999 3.0 0.0 3.0 1.0 0.0 0.0 1.0 39.19 2.539556056342092 245.96526492984668
-0.07639999999999991 6.0 1.0 3.0 1.0 0.0 0.0 1.0 113.28 2.7930632523454495 371.9084510035849
0.7659 2.0 2.0 5.0 0.0 0.0 0.0 0.0 66.4 3.8654245531887197 167.68590801734663
3.6121000000000025 6.0 0.0 7.0 1.0 0.0 0.0 1.0 71.06 2.636640599406943 531.6550310610564
3.1914000000000007 1.0 1.0 1.0 2.0 0.0 0.0 2.0 37.3 2.8951601769882984 505.61373284730047
3.8098000000000027 2.0 0.0 9.0 1.0 0.0 0.0 1.0 29.54 3.0405929299275014 426.1662903460974
0.03016 2.0 0.0 0.0 0.0 0.0 0.0 0.0 47.58 3.0 4.754887502163469
-5.463999999999998 4.0 0.0 0.0 0.0 0.0 0.0 0.0 237.76 -5.333333296666667e-09 92.73114066028502
-2.1706 1.0 3.0 0.0 0.0 0.0 0.0 0.0 77.75999999999999 3.472066495600119 49.78353986569365
0.067 2.0 0.0 0.0 0.0 0.0 0.0 0.0 34.14 2.0 0.0
1.379 0.0 0.0 0.0 0.0 0.0 0.0 0.0 0.0 1.0 0.0
1.4807 6.0 0.0 5.0 0.0 0.0 0.0 0.0 71.06 4.44286476234683 263.35358508530214
2.7666000000000013 0.0 0.0 0.0 0.0 0.0 0.0 0.0 0.0 3.168489872670569 35.79319390447952
6.707400000000007 10.0 0.0 18.0 0.0 0.0 0.0 0.0 63.22000000000001 0.0 373.9386538349985
6.616800000000007 4.0 2.0 8.0 2.0 0.0 0.0 2.0 76.66 3.19999990366667e-07 834.0815201360575
2.355800000000001 2.0 1.0 9.0 0.0 0.0 0.0 0.0 29.46 2.72724281291869 64.2388309575275
0.52688 2.0 1.0 1.0 0.0 0.0 0.0 0.0 44.019999999999996 3.3987552213705525 82.57116899294724
1.9857 2.0 0.0 4.0 0.0 0.0 0.0 0.0 26.3 3.344594220914084 95.43071362054202
1.9777 0.0 0.0 1.0 0.0 0.0 0.0 0.0 0.0 2.622415807990217 31.87430298092722
0.18180000000000007 2.0 2.0 2.0 0.0 1.0 1.0 1.0 74.6 2.8334968917905865 181.9244971645878
2.532000000000001 2.0 2.0 5.0 2.0 0.0 0.0 2.0 74.6 2.6941470772307023 565.388703354149
0.48138000000000003 2.0 1.0 1.0 0.0 0.0 0.0 0.0 66.88 4.193609558837734 147.85263754543286
3.641700000000002 5.0 3.0 8.0 2.0 1.0 1.0 3.0 113.6 1.513273099027308 1083.7757537405703
1.0626 3.0 1.0 2.0 0.0 0.0 0.0 0.0 52.32 3.605378627989909 87.69058447171099
0.9746000000000001 2.0 0.0 2.0 0.0 1.0 1.0 1.0 12.47 2.1312821385375686 87.25838096618139
2.049 3.0 3.0 4.0 1.0 0.0 0.0 1.0 86.63 2.9383045162851213 466.92671113135464
1.9329999999999998 2.0 1.0 1.0 2.0 0.0 0.0 2.0 50.19 2.6860346638769905 465.18632858848656
2.1441 2.0 1.0 2.0 1.0 1.0 1.0 2.0 41.99 1.9148932076135214 317.65382107814764
1.3724999999999998 2.0 1.0 0.0 0.0 2.0 2.0 2.0 37.3 2.504932615566796 244.2231344031171
1.9395 3.0 1.0 1.0 1.0 0.0 0.0 1.0 69.16 3.1515496683060507 300.6337992264624
1.7167 3.0 2.0 10.0 0.0 0.0 0.0 0.0 49.69 2.916821983653843 106.70576627330112
3.3705200000000017 3.0 0.0 6.0 1.0 0.0 0.0 1.0 35.53 2.287026248481329 376.9273661561467
4.534700000000004 3.0 1.0 6.0 2.0 1.0 1.0 3.0 40.54 1.4445792101332058 737.6113236938788
4.314220000000001 1.0 1.0 0.0 1.0 0.0 0.0 1.0 20.23 3.6035674514745475 229.6711557967681
1.4238 4.0 0.0 4.0 0.0 0.0 0.0 0.0 44.760000000000005 3.780661921830192 105.13526283059372
3.5218000000000025 5.0 0.0 7.0 0.0 0.0 0.0 0.0 35.53 4.334183853266545 265.6630006135911
2.725200000000001 6.0 0.0 5.0 1.0 0.0 0.0 1.0 95.74 3.2022208266076486 524.3327019069317
-0.20309999999999273 16.0 3.0 6.0 0.0 7.0 8.0 8.0 215.33999999999995 1.398157725939076 1660.7354145147626
0.4029 1.0 2.0 2.0 0.0 0.0 0.0 0.0 57.53 3.3646989596650556 86.93569696954751
1.59889 0.0 0.0 0.0 1.0 0.0 0.0 1.0 59.699999999999996 -5.0844155509824586e-08 194.2441778322086
4.970600000000005 13.0 1.0 14.0 2.0 0.0 0.0 2.0 205.17 2.6511230214655335 1346.9254903079543
2.3300600000000005 2.0 1.0 1.0 1.0 0.0 0.0 1.0 38.33 3.017829316638997 358.5503185287033
-0.21020000000000044 5.0 2.0 8.0 0.0 0.0 0.0 0.0 117.97 3.7146855609106755 259.2049971927968
2.1311 4.0 1.0 4.0 2.0 1.0 1.0 3.0 55.24 2.0457220869345356 552.1180743775652
1.1972999999999998 3.0 1.0 6.0 0.0 0.0 0.0 0.0 38.69 3.271703945882744 89.94677016517798
-0.041700000000000015 4.0 1.0 2.0 1.0 0.0 0.0 1.0 77.43 3.267052212361691 367.877493015742
2.637900000000001 0.0 0.0 2.0 0.0 0.0 0.0 0.0 0.0 3.3604351426960575 44.89659695223976
1.0785000000000022 13.0 6.0 7.0 0.0 6.0 7.0 7.0 193.82999999999998 1.0226183408028955 1267.1703315567686
1.0902 2.0 0.0 2.0 1.0 0.0 0.0 1.0 40.620000000000005 2.915649014726069 354.9847167860316
1.7288999999999999 3.0 1.0 2.0 2.0 0.0 0.0 2.0 54.88 2.1164219931177755 441.9049176864489
2.7426000000000013 5.0 0.0 7.0 0.0 0.0 0.0 0.0 65.07000000000001 5.01806028081648 359.2795397887988
3.4106000000000014 7.0 1.0 5.0 1.0 0.0 1.0 2.0 124.61000000000001 2.1800888942639345 806.9959791790519
4.417400000000004 4.0 0.0 8.0 0.0 0.0 0.0 0.0 26.3 3.9208737294960496 152.2230163877574
-0.35380000000000006 3.0 2.0 0.0 2.0 0.0 0.0 2.0 74.43 3.007619546803024 364.9401973912069
-0.3157999999999999 3.0 1.0 3.0 0.0 0.0 0.0 0.0 69.97 3.3784163699764536 102.70165766734146
1.6695400000000002 2.0 5.0 1.0 2.0 0.0 0.0 2.0 97.78 2.2969488708213017 570.6226259828321
4.100900000000003 4.0 0.0 7.0 1.0 0.0 0.0 1.0 35.53 2.532491116196993 332.3427285988528
3.5166000000000013 12.0 5.0 6.0 4.0 0.0 1.0 5.0 231.62999999999997 1.693007776680374 2018.0325532761688
1.396 1.0 1.0 4.0 0.0 0.0 0.0 0.0 12.03 2.447472887876344 23.360990398949916
-0.9728000000000006 6.0 0.0 0.0 2.0 0.0 0.0 2.0 69.78 3.1901494179651735 610.7478807861488
2.3083 3.0 0.0 1.0 1.0 0.0 1.0 2.0 52.37 2.516201296090062 398.3536262139385
2.6748000000000003 3.0 2.0 5.0 1.0 0.0 0.0 1.0 66.4 2.6351654961459827 467.6015890889479
2.890720000000001 9.0 0.0 8.0 2.0 0.0 0.0 2.0 84.18 2.337540929930071 769.1008406492177
0.9795 1.0 1.0 0.0 1.0 0.0 0.0 1.0 32.86 3.2230152210387146 209.62032102291474
1.8040000000000005 3.0 5.0 18.0 0.0 0.0 0.0 0.0 140.83 3.0497863979560713 302.3162821416612
1.1581999999999995 6.0 1.0 6.0 1.0 0.0 0.0 1.0 63.17000000000001 3.018729984583947 326.9854695248083
0.6421999999999999 5.0 1.0 6.0 0.0 0.0 0.0 0.0 72.83 3.832310124937041 211.85828748943993
-1.7195 2.0 4.0 2.0 0.0 0.0 0.0 0.0 110.24000000000001 3.1028259423155773 108.9811553790729
-0.2839999999999999 2.0 2.0 2.0 0.0 0.0 0.0 0.0 46.25 2.7541847860376616 26.72905595320056
9.716199999999992 0.0 0.0 0.0 0.0 3.0 5.0 5.0 0.0 1.6192923604968332 782.1276159467249
3.3061000000000016 6.0 0.0 6.0 2.0 0.0 0.0 2.0 53.47 2.258211706768993 598.2991189533659
0.01820000000000016 2.0 1.0 1.0 1.0 0.0 0.0 1.0 64.24 3.003400684579818 241.67477087439337
1.7860999999999998 1.0 1.0 2.0 0.0 1.0 1.0 1.0 12.03 2.0778607554610558 62.2129994085646
4.026200000000004 4.0 0.0 9.0 0.0 0.0 0.0 0.0 44.760000000000005 4.616720085277338 216.35636525754
4.527700000000004 4.0 0.0 2.0 0.0 2.0 4.0 4.0 60.440000000000005 1.8008203380301535 867.8281037979668
0.41559999999999964 6.0 3.0 7.0 1.0 0.0 0.0 1.0 161.45999999999998 2.7737126497727234 554.6273045683447
0.7436 1.0 1.0 1.0 0.0 0.0 0.0 0.0 26.02 2.5395388613593908 17.609640474436812
1.0221 1.0 1.0 2.0 0.0 0.0 0.0 0.0 37.3 3.2641672832723474 87.69058447171099
3.5462000000000016 3.0 1.0 2.0 2.0 0.0 1.0 3.0 40.54 2.0348525080658 654.3438758768984
1.2711999999999999 3.0 2.0 4.0 0.0 1.0 1.0 1.0 75.27000000000001 3.0501135124751375 360.55492181215095
-2.3009799999999996 7.0 4.0 5.0 1.0 0.0 0.0 1.0 134.19 2.9293613664038114 397.3587186607418
0.4857999999999999 5.0 0.0 1.0 2.0 0.0 0.0 2.0 54.800000000000004 2.756733762067337 420.30882955700895
0.5860000000000001 3.0 0.0 4.0 0.0 0.0 0.0 0.0 35.53 2.9730624080867365 80.37215811651096
1.7563 3.0 0.0 7.0 0.0 0.0 0.0 0.0 35.53 3.1032830489797623 100.3412753111225
2.1464 3.0 0.0 8.0 0.0 0.0 0.0 0.0 35.53 3.105082536306579 123.33826575305267
2.536500000000001 3.0 0.0 9.0 0.0 0.0 0.0 0.0 35.53 3.1012237818066595 134.49433360163272
0.9761 3.0 0.0 5.0 0.0 0.0 0.0 0.0 35.53 2.9617756061821483 90.85200900961469
1.7563 3.0 0.0 7.0 0.0 0.0 0.0 0.0 35.53 3.0837207939517115 112.3412753111225
2.536500000000001 3.0 0.0 9.0 0.0 0.0 0.0 0.0 35.53 3.1012237818066595 134.49433360163272
2.948800000000001 6.0 0.0 0.0 2.0 0.0 1.0 3.0 55.38000000000001 1.5586948703326233 548.7545953273558
3.581000000000002 3.0 1.0 4.0 2.0 0.0 0.0 2.0 50.800000000000004 1.9952304115596737 591.9240832402107
5.409000000000001 4.0 0.0 1.0 3.0 0.0 0.0 3.0 44.120000000000005 2.167177373898223 923.854131014209
-0.829499999999999 3.0 3.0 4.0 0.0 0.0 0.0 0.0 92.42000000000002 3.796840061984721 179.4903018475817
1.0902 2.0 0.0 2.0 1.0 0.0 0.0 1.0 40.620000000000005 3.0453910962535975 375.98471678603164
0.8759999999999999 2.0 2.0 9.0 0.0 0.0 0.0 0.0 74.6 2.9895441287192144 164.18009270430096
2.2819000000000003 3.0 0.0 4.0 1.0 0.0 0.0 1.0 35.53 2.379180758892864 294.7403499173812
2.6629000000000005 2.0 0.0 3.0 1.0 0.0 0.0 1.0 26.3 2.601411312406869 308.402966410215
2.5773200000000003 3.0 0.0 2.0 2.0 0.0 0.0 2.0 35.010000000000005 2.2369588843757167 414.6425251069129
-0.13570000000000104 4.0 1.0 1.0 2.0 0.0 0.0 2.0 59.79 2.7051390520671648 547.4263106241532
1.3503 2.0 1.0 4.0 1.0 0.0 0.0 1.0 52.32000000000001 2.90309759651014 320.4557138372428
-0.7430000000000001 2.0 2.0 1.0 0.0 1.0 1.0 1.0 58.2 2.611626791152648 188.87959510731497
2.1935000000000002 1.0 1.0 4.0 0.0 0.0 0.0 0.0 20.23 3.324760174025222 61.58797503894244
2.8607000000000014 2.0 0.0 0.0 0.0 2.0 2.0 2.0 18.46 2.098094568640847 194.13016856543945
1.9306000000000005 4.0 2.0 2.0 2.0 0.0 0.0 2.0 74.6 2.674969922699457 595.5601341830188
-1.1753199999999993 3.0 1.0 6.0 1.0 0.0 0.0 1.0 80.53 2.5206951904685395 370.35519215780533
3.2012 0.0 0.0 2.0 0.0 0.0 0.0 0.0 0.0 3.464226847231096 52.69412204936134
1.6533999999999998 3.0 3.0 3.0 1.0 0.0 0.0 1.0 83.55000000000001 2.9237270307423464 371.9390010832792
0.3055999999999997 4.0 4.0 6.0 1.0 0.0 0.0 1.0 123.93 2.879041176282545 468.2527922971799
1.7833999999999999 3.0 1.0 1.0 1.0 0.0 0.0 1.0 46.53 3.0455637915397915 309.1713244639388
2.1734999999999998 3.0 1.0 2.0 1.0 0.0 0.0 1.0 46.53 2.9029492111309567 322.6358947688087
2.563600000000001 3.0 1.0 3.0 1.0 0.0 0.0 1.0 46.53 2.7556196098727357 336.13903760611623
2.9537000000000013 3.0 1.0 4.0 1.0 0.0 0.0 1.0 46.53 2.6180849583030543 349.6863125286536
2.845300000000001 2.0 1.0 3.0 1.0 0.0 0.0 1.0 46.53 2.817664884623791 351.9103452953617
1.48538 4.0 1.0 1.0 0.0 2.0 2.0 2.0 74.47999999999999 2.1003699858939844 376.75065664848245
3.475500000000002 2.0 0.0 5.0 2.0 0.0 0.0 2.0 29.540000000000003 2.2158696374530527 585.0646273052466
3.5435000000000008 1.0 1.0 2.0 2.0 0.0 0.0 2.0 29.1 2.186811345762867 496.2955976569277
0.8157999999999999 5.0 1.0 2.0 1.0 0.0 1.0 2.0 81.82999999999998 2.5915050769910337 389.5631830986654
4.314100000000002 5.0 0.0 4.0 2.0 0.0 0.0 2.0 95.50999999999999 2.3529844349638056 759.1955750709508
-0.6899000000000004 3.0 3.0 1.0 0.0 0.0 0.0 0.0 44.29 2.908625128121578 84.67103446305711
0.46157999999999993 3.0 0.0 1.0 0.0 0.0 0.0 0.0 50.09 3.4298390584447223 124.88058452123624
-5.670500000000001 2.0 2.0 0.0 0.0 0.0 0.0 0.0 70.0 -0.0 7.609640474436813
0.21639999999999993 2.0 2.0 0.0 2.0 0.0 0.0 2.0 65.72 3.03251162187545 475.559165455531
4.002900000000003 0.0 0.0 5.0 0.0 0.0 0.0 0.0 0.0 3.4175117585435215 72.10749561002055
1.8334000000000004 6.0 2.0 7.0 0.0 0.0 0.0 0.0 74.6 3.0073056362946593 143.1368500605771
0.8984000000000001 3.0 1.0 6.0 0.0 0.0 0.0 0.0 61.550000000000004 2.8497612822334424 105.85880852011198
4.445900000000001 1.0 1.0 1.0 1.0 0.0 0.0 1.0 20.23 3.563757676047911 320.2215178022033
0.15310000000000018 2.0 2.0 3.0 0.0 0.0 0.0 0.0 74.6 3.6324321519398444 132.52932501298082
1.7596999999999998 3.0 2.0 4.0 1.0 0.0 0.0 1.0 67.42999999999999 2.419926733388694 378.5969479612245
3.8328000000000033 3.0 0.0 9.0 0.0 0.0 0.0 0.0 35.53 3.7767972529836134 160.7500459686256
1.8951999999999996 3.0 2.0 1.0 2.0 0.0 1.0 3.0 44.620000000000005 2.209261722306593 575.1543443266694
2.3052200000000003 1.0 1.0 0.0 1.0 0.0 0.0 1.0 20.23 3.1716780304409156 220.15617759993404
1.7097 3.0 1.0 3.0 1.0 0.0 0.0 1.0 63.6 2.9536555307466617 406.803877923803
2.2222999999999997 3.0 1.0 2.0 1.0 0.0 0.0 1.0 46.53 2.9029492111309567 322.6358947688087
-0.2059999999999989 4.0 4.0 8.0 0.0 0.0 0.0 0.0 129.72000000000003 4.3528785501659 316.5554329905009
0.9263 3.0 0.0 3.0 0.0 0.0 0.0 0.0 49.74 3.583388067911339 113.5256223561569
2.5003199999999994 2.0 1.0 3.0 1.0 0.0 0.0 1.0 46.53 2.817664884623791 349.2203893594689
0.22420000000000007 1.0 1.0 1.0 0.0 0.0 0.0 0.0 43.09 3.5677034550432034 76.79398751947123
1.3089 1.0 0.0 2.0 0.0 1.0 1.0 1.0 9.23 2.0042659400935183 54.95878455585175
0.4605 3.0 2.0 3.0 0.0 2.0 2.0 2.0 61.440000000000005 1.8399706889515919 299.6048004293374
0.9459999999999993 7.0 0.0 2.0 0.0 3.0 3.0 3.0 72.45000000000002 1.7669203352360854 433.0384601061334
-0.25340000000000024 4.0 2.0 1.0 1.0 0.0 0.0 1.0 68.00999999999999 2.770351770759627 195.58748160245514
1.0388 4.0 1.0 1.0 0.0 0.0 0.0 0.0 50.69 3.608044380766722 146.58337707694835
3.6640000000000015 2.0 0.0 2.0 1.0 0.0 0.0 1.0 18.46 3.387372269116415 325.65544477746255
2.0542000000000002 2.0 1.0 1.0 1.0 0.0 0.0 1.0 29.46 3.090683646458197 235.04775799182192
0.9211 6.0 2.0 3.0 2.0 0.0 0.0 2.0 97.97 2.2889130817194454 562.5955957591879
1.0353 4.0 0.0 3.0 0.0 1.0 1.0 1.0 52.60000000000001 2.4312019047262803 223.65459135746892
1.9656 2.0 2.0 5.0 1.0 0.0 0.0 1.0 74.6 3.0886506543233865 371.8649671621322
4.029400000000002 2.0 1.0 2.0 2.0 0.0 0.0 2.0 40.54 2.3157269710905455 572.458856744229
1.1416999999999997 5.0 0.0 1.0 2.0 0.0 0.0 2.0 51.56 2.673996462761564 403.2834383297276
0.1421 3.0 2.0 1.0 0.0 1.0 1.0 1.0 75.27000000000001 3.030240417314884 267.46224209666667
-1.0185999999999997 4.0 2.0 2.0 1.0 0.0 0.0 1.0 120.32 3.2768036092509747 478.69916585523885
1.7191999999999998 3.0 2.0 6.0 0.0 1.0 1.0 1.0 75.27000000000001 2.88661545790744 295.7124307904384
1.3353999999999997 3.0 1.0 0.0 2.0 0.0 0.0 2.0 46.010000000000005 2.9131611636048604 381.2537713475522
1.6438199999999998 3.0 1.0 0.0 2.0 0.0 0.0 2.0 46.010000000000005 2.9433728520613918 384.5480911891211
1.3354 3.0 1.0 0.0 2.0 0.0 0.0 2.0 46.010000000000005 2.9131611636048604 381.2537713475522
1.3354 3.0 1.0 0.0 2.0 0.0 0.0 2.0 46.010000000000005 2.9131611636048604 381.2537713475522
-3.028299999999999 4.0 5.0 6.0 0.0 0.0 0.0 0.0 150.61999999999998 3.6251656523165843 273.1523108076711
0.4591 2.0 2.0 4.0 0.0 0.0 0.0 0.0 49.33 3.541168581230058 93.05865002596164
0.8046 2.0 2.0 2.0 1.0 0.0 0.0 1.0 57.53 2.851177890164404 242.77390023702043
-2.1445 3.0 4.0 4.0 0.0 0.0 0.0 0.0 121.52000000000001 3.467235170058121 182.87001325209468
2.2099 1.0 0.0 1.0 0.0 0.0 0.0 0.0 9.23 3.388924101358251 59.277302439017085
0.16299999999999987 7.0 3.0 5.0 1.0 0.0 0.0 1.0 169.82999999999998 3.3042723212074687 521.739372375226
2.1121 4.0 2.0 3.0 1.0 0.0 0.0 1.0 96.63 2.6020074863604292 449.1237439851267
0.7898000000000001 4.0 3.0 4.0 1.0 0.0 0.0 1.0 121.13000000000002 3.625430618211917 468.37103174272534
2.3081000000000005 2.0 0.0 1.0 1.0 0.0 1.0 2.0 26.3 2.4973727551145557 317.36954751006243
2.7141199999999994 4.0 2.0 2.0 2.0 0.0 1.0 3.0 92.5 2.167413797290446 943.5789765253189
0.07063999999999965 4.0 1.0 0.0 1.0 0.0 0.0 1.0 64.69 3.171678030440915 220.19802157990046
3.160800000000002 7.0 0.0 9.0 2.0 0.0 0.0 2.0 71.52000000000001 2.014935593788809 824.7937658914047
1.44986 2.0 0.0 2.0 0.0 0.0 0.0 0.0 47.58 3.4499430844722583 126.44441158953074
-0.37669999999999493 13.0 6.0 9.0 2.0 2.0 2.0 4.0 210.73 1.3237762849841919 1367.8466112412261
0.5339 4.0 2.0 4.0 1.0 0.0 0.0 1.0 83.83000000000001 2.9229450292375327 371.83042670586934
0.7907999999999997 6.0 2.0 2.0 1.0 0.0 0.0 1.0 132.53 3.472584005406869 380.92315771823786
4.757600000000003 3.0 1.0 4.0 3.0 0.0 0.0 3.0 50.19 2.0881279260188315 797.2860773381176
2.0554 2.0 0.0 4.0 0.0 0.0 0.0 0.0 12.36 2.925623031243759 103.09616281328599
2.9674000000000014 3.0 1.0 2.0 2.0 0.0 0.0 2.0 63.37 2.464853287754259 523.0420115762224
1.5217199999999997 3.0 1.0 2.0 1.0 0.0 0.0 1.0 46.53 3.330537498737434 304.8871119487944
1.8339999999999999 3.0 1.0 2.0 1.0 0.0 0.0 1.0 52.32 2.7210567131320755 290.2979848465724
1.6733999999999998 1.0 1.0 3.0 0.0 0.0 0.0 0.0 26.02 3.111766194388426 56.039100017307746
-1.8342299999999998 4.0 4.0 1.0 0.0 0.0 0.0 0.0 117.07 3.3954996118673995 108.9962973431761
1.7834999999999999 1.0 1.0 1.0 1.0 0.0 0.0 1.0 20.23 2.881555877646136 180.61256853719752
1.4667999999999999 4.0 2.0 0.0 0.0 1.0 1.0 1.0 65.18 2.810618674357331 198.61725457064813
1.7631999999999999 4.0 2.0 2.0 0.0 0.0 1.0 1.0 61.69 2.741884988513675 188.87959510731497
2.1029 4.0 2.0 1.0 0.0 1.0 1.0 1.0 65.18 2.6946203698874753 233.7692008115896
-2.206899999999999 3.0 2.0 2.0 0.0 0.0 0.0 0.0 95.25 3.632432151939845 133.77443751081734
5.763040000000004 0.0 0.0 0.0 4.0 0.0 0.0 4.0 0.0 2.2920897601012777 961.5588177778453
2.781200000000001 4.0 2.0 0.0 0.0 1.0 1.0 1.0 65.18 2.587854649455147 200.16188799454835
-2.1507999999999976 10.0 5.0 4.0 0.0 2.0 3.0 3.0 155.14000000000001 1.7990697171216272 578.0614322857565
1.4231 2.0 0.0 3.0 0.0 0.0 0.0 0.0 17.07 3.002590528674132 62.710134480364864
1.3059999999999998 4.0 4.0 4.0 1.0 0.0 0.0 1.0 72.72 2.7202058661391737 371.41759115181975
1.5479 2.0 0.0 1.0 0.0 1.0 1.0 1.0 18.46 2.23165161946076 82.98533616859814
1.9231 2.0 0.0 0.0 0.0 3.0 3.0 3.0 26.3 2.3236287970727183 231.99307854851642
2.0719 3.0 1.0 1.0 2.0 0.0 0.0 2.0 45.230000000000004 2.4015741652911338 461.1280872682804
2.1935000000000002 1.0 1.0 4.0 0.0 0.0 0.0 0.0 20.23 3.1552800835051924 59.58797503894244
2.1935000000000002 1.0 1.0 4.0 0.0 0.0 0.0 0.0 20.23 3.2230469044906185 53.587975038942446
2.1935000000000002 1.0 1.0 4.0 0.0 0.0 0.0 0.0 20.23 3.0608205611627874 59.58797503894244
0.23060000000000008 2.0 2.0 2.0 0.0 1.0 1.0 1.0 74.6 2.4689795783424326 171.02130455739126
4.017900000000003 6.0 0.0 7.0 2.0 0.0 0.0 2.0 53.72 2.1450928871860038 577.0669089216854
2.5463000000000005 4.0 0.0 4.0 1.0 0.0 0.0 1.0 69.44 2.6161392427765295 383.4759654533224
1.9413999999999998 1.0 1.0 1.0 1.0 0.0 0.0 1.0 20.23 3.0065240073265844 197.86256853719752
1.8407999999999998 4.0 2.0 4.0 2.0 0.0 0.0 2.0 88.16 2.1944777869812415 697.4010569789732
0.7089999999999999 6.0 2.0 2.0 2.0 0.0 0.0 2.0 103.6 2.7764950080151056 536.3105594936766
0.4614999999999998 5.0 1.0 1.0 2.0 0.0 0.0 2.0 63.59 2.673996462761564 399.6737978552908
2.8907000000000007 4.0 1.0 3.0 3.0 0.0 0.0 3.0 64.11 2.0158973857591436 787.8888977295805
-6.638099999999997 14.0 10.0 10.0 1.0 1.0 1.0 2.0 309.97999999999996 2.21782789978754 1057.531968149067
1.8667000000000002 3.0 1.0 2.0 1.0 0.0 0.0 1.0 46.53 3.278676986181533 309.41643696177533
2.1195 2.0 0.0 0.0 1.0 0.0 1.0 2.0 26.3 2.60360667998887 319.8681387531291
2.4395000000000007 1.0 1.0 4.0 0.0 0.0 0.0 0.0 20.23 3.685406534013343 70.79745154591336
4.289800000000002 1.0 1.0 2.0 2.0 0.0 0.0 2.0 20.23 2.349941847732457 494.78582265260087
2.0103999999999997 2.0 0.0 0.0 1.0 0.0 1.0 2.0 26.3 2.60360667998887 319.8681387531291
2.936700000000001 2.0 1.0 3.0 2.0 0.0 0.0 2.0 46.53 2.7149446583755252 531.6887866132065
1.881 2.0 2.0 3.0 1.0 0.0 0.0 1.0 40.46 2.852943579601413 254.05260581186823
0.6218000000000001 2.0 2.0 4.0 0.0 0.0 0.0 0.0 66.4 4.044711483745026 177.1417863019849
-0.9552999999999991 3.0 2.0 3.0 0.0 0.0 0.0 0.0 72.55000000000001 3.3180871972839956 83.35260810785708
0.5323999999999998 2.0 1.0 0.0 1.0 0.0 0.0 1.0 45.75 3.3466073908691203 231.47996149735152
0.6055799999999999 3.0 2.0 0.0 1.0 0.0 0.0 1.0 76.88 3.5293389561660895 377.14916495848865
1.6732999999999998 6.0 2.0 4.0 0.0 1.0 2.0 2.0 93.06000000000002 2.3677383640631535 603.035575168312
1.0043 1.0 1.0 2.0 0.0 0.0 0.0 0.0 12.03 2.6272148478988635 25.11941547876375
5.453400000000001 0.0 0.0 0.0 2.0 0.0 0.0 2.0 0.0 3.021805296135276 458.43842469911027
5.346500000000004 3.0 1.0 12.0 1.0 0.0 0.0 1.0 52.32 1.9268319902698223 400.4011396492779
2.0926 5.0 1.0 7.0 1.0 0.0 0.0 1.0 114.97 2.6328220633015986 469.01517157216483
4.460100000000002 0.0 0.0 2.0 1.0 0.0 0.0 1.0 0.0 2.7064848330743776 284.7882098422454
3.939020000000003 4.0 1.0 5.0 3.0 0.0 0.0 3.0 68.53 2.096537532177531 999.7730262931057
3.3743000000000025 4.0 0.0 9.0 0.0 0.0 0.0 0.0 44.760000000000005 3.7767972529836134 162.1948894066819
1.4133 1.0 1.0 0.0 0.0 0.0 0.0 0.0 20.23 3.541196965079901 49.69058447171098
2.3376 1.0 1.0 5.0 0.0 0.0 0.0 0.0 20.23 2.8766225950797444 52.52932501298081
1.6716 6.0 0.0 7.0 0.0 0.0 0.0 0.0 52.60000000000001 4.02527025754518 292.1984776463023
0.8238000000000001 4.0 1.0 8.0 0.0 0.0 0.0 0.0 47.92 3.379510761201492 127.2904058281884
2.4338000000000006 2.0 1.0 4.0 1.0 0.0 0.0 1.0 38.33 2.543944627199978 292.660770563408
1.6201 2.0 1.0 1.0 0.0 2.0 2.0 2.0 37.3 2.444367528210742 256.8158936476513
1.5099200000000002 1.0 1.0 1.0 1.0 0.0 0.0 1.0 46.33 3.0227910918592995 296.33493892361565
1.775 3.0 0.0 6.0 0.0 0.0 0.0 0.0 52.37 2.8385891218139165 94.99371845969098
1.9000200000000003 1.0 1.0 2.0 1.0 0.0 0.0 1.0 46.33 3.0444220824956174 309.5479848465723
-1.3097 3.0 3.0 2.0 1.0 0.0 0.0 1.0 103.01999999999998 3.1044192645580067 402.499379292522
3.0513000000000012 2.0 2.0 6.0 1.0 0.0 0.0 1.0 40.46 2.8611993264104183 288.8634680529688
3.831500000000003 2.0 2.0 8.0 1.0 0.0 0.0 1.0 40.46 2.8036545237207315 313.1286621786354
2.3152800000000004 1.0 0.0 0.0 1.0 0.0 0.0 1.0 12.89 3.310532874722407 227.90033336357598
2.2181000000000015 14.0 6.0 7.0 0.0 7.0 8.0 8.0 203.05999999999997 0.8374981988041249 1409.0037418555949
3.847600000000001 2.0 2.0 4.0 1.0 0.0 0.0 1.0 41.129999999999995 2.8579212139776007 406.8629535656804
1.86328 3.0 2.0 0.0 1.0 0.0 0.0 1.0 31.58 3.5924568113957625 215.1827403486207
4.792620000000005 1.0 0.0 1.0 1.0 0.0 1.0 2.0 17.07 2.754631816447549 534.866419318812
0.9911999999999999 4.0 2.0 3.0 1.0 0.0 0.0 1.0 117.74000000000001 3.55594512931231 420.1951582999609
2.2801 1.0 0.0 3.0 1.0 0.0 0.0 1.0 20.310000000000002 3.028043102993094 368.9585510919331
1.3846 1.0 1.0 1.0 0.0 0.0 0.0 0.0 20.23 3.541196965079901 53.5907190016011
2.8756000000000013 5.0 1.0 3.0 2.0 0.0 0.0 2.0 106.50999999999999 2.7092922911430546 654.6693606605909
2.961000000000001 5.0 0.0 5.0 0.0 1.0 1.0 1.0 47.89 2.5943379087539564 230.03386331808002
3.5601800000000017 5.0 0.0 3.0 2.0 0.0 0.0 2.0 36.68 2.1548975833021293 439.1069568869505
2.1935000000000002 1.0 1.0 4.0 0.0 0.0 0.0 0.0 20.23 3.1512513888997318 59.58797503894244
1.466 2.0 0.0 1.0 1.0 0.0 0.0 1.0 40.129999999999995 3.232208870305491 298.4920897763861
1.0417999999999998 2.0 0.0 0.0 1.0 0.0 1.0 2.0 29.540000000000003 2.4839707746704804 322.0595034459553
4.967800000000001 2.0 0.0 2.0 1.0 0.0 0.0 1.0 26.3 3.128261267611269 427.1947007908671
0.11779999999999952 3.0 3.0 6.0 0.0 0.0 0.0 0.0 52.489999999999995 3.1273714619787736 78.16124341503082
1.3833 3.0 0.0 4.0 0.0 0.0 0.0 0.0 52.37 3.259231489128124 94.2038970536883
-3.8726999999999974 4.0 3.0 5.0 0.0 0.0 0.0 0.0 90.62 0.0 198.4119781976022
0.5447199999999999 4.0 1.0 1.0 1.0 0.0 0.0 1.0 63.080000000000005 3.0766634399873354 232.22643653531688
-1.2905 7.0 4.0 2.0 2.0 0.0 0.0 2.0 138.01 2.619469435147292 609.0930819850536
4.591800000000004 3.0 0.0 5.0 2.0 0.0 0.0 2.0 46.61 2.4607081560570165 734.2986614084061
5.6015000000000015 4.0 0.0 5.0 1.0 0.0 0.0 1.0 44.760000000000005 3.195069219267893 538.5763442423938
1.0161 3.0 2.0 4.0 1.0 0.0 0.0 1.0 58.56 2.589071736723409 294.74034991738114
2.2995 3.0 3.0 5.0 2.0 0.0 0.0 2.0 111.9 2.708249577708347 692.3061802544519
4.333100000000003 3.0 0.0 5.0 1.0 0.0 0.0 1.0 37.38 3.165799885045667 532.9006318339561
1.2522 4.0 1.0 4.0 1.0 0.0 0.0 1.0 97.50999999999999 3.077424312421191 426.2658098661223
1.9121 4.0 1.0 1.0 1.0 0.0 1.0 2.0 56.790000000000006 2.2980827540382798 427.99278111223833
0.5020999999999994 5.0 2.0 4.0 1.0 1.0 1.0 2.0 67.78999999999999 2.0154233929330507 431.57703411778425
-3.3592999999999984 2.0 0.0 2.0 0.0 0.0 0.0 0.0 40.129999999999995 0.0 125.67111131496571
2.4817 6.0 2.0 6.0 1.0 0.0 0.0 1.0 62.730000000000004 2.8610182065117575 355.7150689235082
1.9195999999999998 5.0 2.0 4.0 1.0 1.0 1.0 2.0 62.730000000000004 2.113182238669608 328.1059823484097
3.449200000000002 3.0 0.0 4.0 0.0 1.0 2.0 2.0 43.370000000000005 2.072272288421603 609.0817788358146
-0.5464000000000002 6.0 0.0 1.0 2.0 0.0 0.0 2.0 61.82 3.112238371078967 631.8253673508915
1.2198399999999998 5.0 0.0 2.0 1.0 0.0 0.0 1.0 58.56000000000001 3.09733777706589 429.72476191133063
0.10709999999999997 5.0 1.0 1.0 0.0 0.0 0.0 0.0 70.99999999999999 4.399365653142079 252.56457479341313
-1.1839000000000002 7.0 1.0 3.0 2.0 0.0 0.0 2.0 82.05000000000001 2.766339791568492 664.4664514898798
-1.2572999999999988 3.0 1.0 3.0 1.0 0.0 0.0 1.0 53.93 0.0 399.62964438741056
3.307520000000002 7.0 0.0 9.0 1.0 0.0 0.0 1.0 56.71 3.040411648843268 487.5498709507596
3.060200000000002 4.0 0.0 4.0 0.0 0.0 2.0 2.0 44.760000000000005 2.115993973508301 368.30863402499347
1.7921999999999998 6.0 4.0 2.0 1.0 0.0 0.0 1.0 100.72000000000001 2.7297769021233167 543.2439175521262
2.7684000000000006 2.0 2.0 7.0 0.0 0.0 0.0 0.0 74.6 4.211230260443652 238.19232562657194
2.8187000000000015 3.0 0.0 6.0 1.0 0.0 0.0 1.0 39.19 2.195736743827031 284.9334103555799
-0.30840000000000045 6.0 8.0 15.0 0.0 0.0 0.0 0.0 236.59999999999997 4.410264171931974 546.7908581305372
0.4188999999999999 4.0 1.0 1.0 2.0 0.0 0.0 2.0 57.7 2.620326401241111 358.35099497901376
1.34506 4.0 0.0 0.0 2.0 0.0 0.0 2.0 51.56 2.81148314052133 464.3665095200523
-3.9236 7.0 7.0 6.0 0.0 0.0 0.0 0.0 168.63 4.2091137290224685 248.27666252784255
-1.2386000000000001 3.0 3.0 1.0 1.0 0.0 0.0 1.0 103.01999999999998 3.433954173266979 387.95915808241574
3.1350000000000016 1.0 1.0 2.0 1.0 0.0 0.0 1.0 29.1 2.9422622687262594 440.32683161976377
2.9436000000000018 7.0 0.0 7.0 2.0 0.0 0.0 2.0 58.4 2.1450928871860038 580.6433002445386
3.245300000000002 2.0 0.0 0.0 2.0 0.0 1.0 3.0 26.3 2.3810581534161024 596.7068727688994
2.7159200000000006 1.0 1.0 1.0 1.0 0.0 0.0 1.0 29.1 2.9348021246299894 309.39688695312145
3.505340000000002 2.0 0.0 6.0 1.0 0.0 0.0 1.0 29.54 2.934185524729387 411.903792738549
2.840320000000001 2.0 1.0 2.0 2.0 0.0 0.0 2.0 42.24 2.1481615627939488 459.48417535343026
2.1323 2.0 2.0 8.0 0.0 0.0 0.0 0.0 74.6 3.831950489575949 188.56101971664077
2.725100000000001 3.0 0.0 6.0 0.0 1.0 1.0 1.0 43.370000000000005 2.42257678792301 247.56226150533917
3.0471000000000013 4.0 1.0 2.0 4.0 0.0 0.0 4.0 71.53 2.0903035735997317 1027.0030755455875
2.3052200000000007 1.0 1.0 0.0 1.0 0.0 0.0 1.0 20.23 3.2478347337367026 199.9061775999341
4.785700000000002 1.0 0.0 2.0 2.0 0.0 0.0 2.0 9.23 2.28073295107281 454.43422798064194
5.4391000000000025 1.0 0.0 2.0 2.0 0.0 0.0 2.0 9.23 2.2301061936003337 473.8671014776177
3.213400000000002 4.0 0.0 6.0 0.0 0.0 0.0 0.0 18.46 3.908471949775869 120.66966981975612
2.2795000000000005 5.0 0.0 3.0 2.0 0.0 0.0 2.0 48.3 2.4940706244968784 616.6943358032489
0.9663999999999999 6.0 1.0 5.0 1.0 0.0 0.0 1.0 132.81 3.0834034339869945 484.7620802594193
5.131800000000005 3.0 0.0 9.0 1.0 0.0 0.0 1.0 35.53 2.329795846341474 449.14827114518977
2.3626000000000005 0.0 0.0 2.0 0.0 0.0 0.0 0.0 0.0 2.6580999362490196 35.302968908806456
0.4598 3.0 2.0 4.0 0.0 0.0 0.0 0.0 49.69 3.2230469044906185 57.323312532452036
-2.4541999999999984 8.0 6.0 4.0 1.0 1.0 1.0 2.0 162.34 2.1214388593009184 604.4057160228713
3.3069200000000016 3.0 0.0 4.0 1.0 0.0 0.0 1.0 26.3 2.5396182727640744 352.4412000308171
1.4539 3.0 1.0 2.0 1.0 0.0 0.0 1.0 49.66 3.0533748493861492 303.5643909481188
1.3325 4.0 1.0 1.0 1.0 0.0 0.0 1.0 58.120000000000005 2.894631590511528 363.50413445942536
2.2474 0.0 0.0 0.0 0.0 0.0 0.0 0.0 0.0 2.549193338482967 19.219280948873624
1.49 2.0 2.0 2.0 1.0 0.0 0.0 1.0 57.53 2.826395262966909 315.3046159437918
0.8238000000000001 4.0 1.0 8.0 0.0 0.0 0.0 0.0 47.92 3.4706387663275087 129.2904058281884
0.031199999999999783 4.0 2.0 3.0 0.0 0.0 0.0 0.0 128.95000000000002 0.0 158.5816934986334
2.3125 3.0 0.0 1.0 1.0 0.0 1.0 2.0 34.14 2.607225421618922 446.3556829761196
4.148200000000004 5.0 0.0 7.0 1.0 1.0 1.0 2.0 89.51999999999998 2.647319126416257 624.1501312526185
1.9128999999999998 5.0 1.0 2.0 0.0 1.0 1.0 1.0 50.69 2.3910140355400618 247.49577839754264
5.6399200000000045 4.0 0.0 6.0 3.0 0.0 0.0 3.0 44.760000000000005 1.8696967951668482 771.5052289362925
5.948340000000005 4.0 0.0 6.0 3.0 0.0 0.0 3.0 44.760000000000005 1.9057935088714708 875.7127072498573
3.2703000000000024 3.0 0.0 7.0 1.0 0.0 0.0 1.0 22.0 2.0474970762978213 289.4776801500828
7.274 0.0 0.0 1.0 2.0 0.0 0.0 2.0 0.0 2.8488742248163756 591.2000798683472
2.8401000000000014 4.0 0.0 7.0 0.0 0.0 0.0 0.0 44.760000000000005 3.9935978337505573 159.52696184669045
2.1337 2.0 1.0 4.0 1.0 0.0 0.0 1.0 54.37 2.9404586486889475 390.58807572015945
2.1994 2.0 1.0 1.0 2.0 0.0 0.0 2.0 45.75 2.5393077873022483 492.9752269483679
1.7061999999999995 6.0 0.0 13.0 0.0 0.0 0.0 0.0 71.06 3.1326645017212487 228.0486833279507
2.0435 3.0 2.0 2.0 2.0 0.0 0.0 2.0 71.09 1.9436440347490536 540.6775191913209
11.98079999999999 0.0 0.0 0.0 0.0 3.0 3.0 3.0 0.0 2.6999999705625e-07 628.4201366017998
4.678200000000004 1.0 1.0 11.0 0.0 0.0 0.0 0.0 20.23 2.9773458177873238 111.90632784293422
2.9464000000000006 4.0 1.0 2.0 2.0 0.0 0.0 2.0 46.92 2.5848585910833357 697.0773947833336
3.9706 2.0 0.0 0.0 1.0 0.0 1.0 2.0 26.3 2.839800155260925 441.70279917131523
2.3219000000000003 3.0 1.0 3.0 2.0 0.0 0.0 2.0 54.980000000000004 2.3036607238603297 521.678961590002
2.4359 3.0 1.0 2.0 1.0 0.0 1.0 2.0 63.24 2.4585018316726477 622.4005526183553
6.433000000000007 4.0 0.0 14.0 1.0 0.0 0.0 1.0 52.60000000000001 2.388879530306986 526.7228097510647
1.3381 3.0 0.0 2.0 1.0 0.0 1.0 2.0 55.73 2.484134104564599 531.3534120767631
-0.7088 4.0 2.0 4.0 0.0 0.0 0.0 0.0 66.76 3.7051934500944976 110.31544376215959
9.4536 0.0 0.0 1.0 2.0 0.0 0.0 2.0 0.0 2.874714246655958 678.3291147319976
6.454900000000006 4.0 0.0 7.0 3.0 0.0 0.0 3.0 44.760000000000005 1.9374096013392925 833.2825186987144
1.0154899999999998 3.0 2.0 0.0 2.0 0.0 0.0 2.0 57.36 2.990320309898347 400.94019739120694
2.875600000000002 5.0 1.0 3.0 2.0 0.0 0.0 2.0 106.50999999999999 2.8492198050632553 654.6693606605909
2.9068200000000006 1.0 1.0 1.0 1.0 0.0 0.0 1.0 15.27 2.821792429202683 349.9752768616324
4.785700000000002 1.0 0.0 2.0 2.0 0.0 0.0 2.0 9.23 2.3241297489229016 434.1842279806418
5.1520000000000055 3.0 0.0 6.0 2.0 1.0 1.0 3.0 39.44 1.5422099361914814 763.57983714686
1.0679999999999998 4.0 2.0 2.0 0.0 1.0 1.0 1.0 74.6 2.3927770801931003 175.72476622436804
-1.0181999999999998 5.0 1.0 1.0 1.0 0.0 0.0 1.0 98.0 3.542028922207898 429.0548522945623
2.9502000000000006 6.0 1.0 5.0 1.0 0.0 0.0 1.0 115.54000000000002 3.9266925510258885 614.3352259724758
3.591300000000002 5.0 0.0 5.0 2.0 0.0 0.0 2.0 65.07000000000001 2.342111865414857 763.5617836423708
0.45210000000000006 4.0 3.0 8.0 1.0 0.0 0.0 1.0 84.57999999999998 2.346203475304779 390.18247960279086
-0.23660000000000003 2.0 2.0 4.0 0.0 0.0 0.0 0.0 86.18 4.755466586015747 157.27938714610153
1.5301 6.0 0.0 4.0 0.0 0.0 0.0 0.0 55.84 4.1585381289277885 296.71477219712375
5.458400000000006 1.0 1.0 13.0 0.0 0.0 0.0 0.0 20.23 2.9813811333652946 133.48686830125578
3.8758000000000017 2.0 1.0 2.0 3.0 0.0 0.0 3.0 40.54 2.050760819672157 747.7945663294147
3.8758000000000026 2.0 1.0 2.0 3.0 0.0 0.0 3.0 40.54 2.049692341781129 747.7945663294146
2.5390000000000006 6.0 1.0 4.0 2.0 0.0 0.0 2.0 126.82000000000002 2.4459363196811 714.4455764164542
0.047800000000000065 3.0 2.0 2.0 0.0 0.0 0.0 0.0 63.32 3.1818458670936187 99.85105031544944
-0.23669999999999997 4.0 3.0 4.0 0.0 0.0 0.0 0.0 86.63 3.467235170058121 185.62490075425816
1.3821999999999999 2.0 2.0 4.0 2.0 0.0 0.0 2.0 57.78 1.8058515602791254 436.55213696540903
7.265700000000007 4.0 0.0 13.0 2.0 0.0 0.0 2.0 44.760000000000005 1.8204571177531328 627.7268373621044
2.6579000000000006 3.0 1.0 4.0 1.0 0.0 0.0 1.0 38.33 2.717126876654733 328.1188895793997
-0.21599999999999997 2.0 0.0 1.0 0.0 2.0 2.0 2.0 25.06 1.9155467020454342 53.94833690207419
0.1073 6.0 1.0 3.0 1.0 0.0 0.0 1.0 92.26 3.0029010418899187 481.5763082605954
3.4987000000000013 2.0 1.0 3.0 1.0 0.0 0.0 1.0 46.53 2.9526811232485635 392.4341135811158
0.8937999999999999 2.0 1.0 1.0 0.0 1.0 1.0 1.0 29.46 2.218336754489984 72.92878689342031
-0.21599999999999997 2.0 0.0 1.0 0.0 2.0 2.0 2.0 25.06 1.9155467020454342 53.94833690207419
2.0805 2.0 0.0 0.0 0.0 2.0 2.0 2.0 18.46 2.017857381506242 137.64172284395272
-0.19628000000000012 6.0 2.0 3.0 1.0 1.0 1.0 2.0 133.07999999999998 2.3418569370217903 629.5425620141572
3.6147000000000027 5.0 2.0 8.0 2.0 0.0 0.0 2.0 67.78999999999999 2.0800431683515277 734.371299421136
0.4283999999999998 5.0 0.0 1.0 2.0 0.0 0.0 2.0 60.790000000000006 2.7909670297392646 398.0334383297276
3.5827000000000018 7.0 0.0 7.0 2.0 0.0 0.0 2.0 53.6 2.2180333944982813 671.3923135374083
4.411000000000003 0.0 0.0 0.0 3.0 0.0 1.0 4.0 0.0 2.108386555401141 722.9398740759323
1.5970999999999997 6.0 0.0 5.0 0.0 0.0 0.0 0.0 53.99000000000001 4.409580422877201 267.25371961519227
-1.6007999999999987 8.0 1.0 3.0 2.0 0.0 0.0 2.0 85.28999999999999 2.8473944073478066 739.3393312866176
0.3772000000000003 2.0 2.0 2.0 0.0 1.0 1.0 1.0 61.440000000000005 2.343705379279258 215.43467881229333
1.6721100000000002 4.0 1.0 2.0 1.0 0.0 0.0 1.0 42.230000000000004 3.0140767554363426 325.56842823805096
-0.028800000000000436 8.0 6.0 5.0 1.0 1.0 1.0 2.0 168.66 2.5571286013120385 931.4663405873947
2.3388 5.0 1.0 7.0 0.0 0.0 0.0 0.0 56.790000000000006 4.503497672294196 330.2675873523821
2.1935000000000007 1.0 1.0 4.0 0.0 0.0 0.0 0.0 20.23 3.1552800835051924 59.58797503894244
6.045620000000003 0.0 0.0 0.0 5.0 0.0 0.0 5.0 0.0 2.2473061361713116 1132.5000637406122
2.8530000000000015 2.0 1.0 5.0 0.0 0.0 1.0 1.0 37.3 2.231519597710934 235.41073293730346
7.4136 0.0 0.0 0.0 2.0 0.0 0.0 2.0 0.0 3.16510241661846 632.8126224571631
-2.7152000000000003 5.0 3.0 0.0 0.0 0.0 1.0 1.0 110.57 2.891437679339084 221.29748098348915
2.9379999999999997 2.0 1.0 1.0 1.0 0.0 0.0 1.0 50.44 3.2945798128540176 304.16644163375247
4.906400000000003 4.0 2.0 17.0 0.0 0.0 0.0 0.0 100.9 3.856793660217174 458.18674861846006
-0.0998000000000005 4.0 1.0 2.0 2.0 0.0 0.0 2.0 82.22 2.8550917455198594 614.900939076659
-2.8066 6.0 3.0 2.0 0.0 1.0 1.0 1.0 104.06 2.698677589881441 202.21499122004107
2.5027999999999997 2.0 1.0 1.0 1.0 0.0 0.0 1.0 50.44 3.1737923196144764 265.8568215166631
-2.755500000000001 4.0 4.0 3.0 0.0 0.0 0.0 0.0 126.64000000000001 4.069511908932011 139.33658100079688
-0.08550000000000002 3.0 2.0 1.0 1.0 0.0 0.0 1.0 71.77 3.194770634674176 278.5665722044581
6.6206000000000005 0.0 0.0 1.0 2.0 0.0 0.0 2.0 0.0 2.6073765825410655 577.348938365776
1.0679999999999998 4.0 2.0 2.0 0.0 1.0 1.0 1.0 74.6 2.3927770801931003 175.72476622436804
7.274000000000001 0.0 0.0 1.0 2.0 0.0 0.0 2.0 0.0 2.625182066053657 518.4500798683472
3.2829000000000024 2.0 0.0 1.0 1.0 2.0 2.0 3.0 37.38 2.090283905345448 554.4040824461514
2.546900000000001 1.0 1.0 2.0 1.0 0.0 0.0 1.0 37.3 2.826395262966909 318.05950344595533
4.871880000000004 2.0 0.0 4.0 2.0 0.0 0.0 2.0 27.96 2.0683644020981955 653.1153896300215
8.580799999999998 0.0 0.0 1.0 2.0 0.0 0.0 2.0 0.0 2.895968700830221 646.0791147319976
2.2074 1.0 1.0 2.0 1.0 0.0 0.0 1.0 29.1 2.8889412995372648 280.9219978261821
3.689800000000001 3.0 0.0 0.0 0.0 2.0 3.0 3.0 35.53 2.187726044332392 470.1834139056276
3.977000000000003 5.0 0.0 7.0 1.0 0.0 0.0 1.0 89.51999999999998 3.699377936225601 568.699086225864
5.967200000000002 0.0 0.0 1.0 2.0 0.0 0.0 2.0 0.0 2.5749093159100207 444.53712407405914
5.967200000000002 0.0 0.0 1.0 2.0 0.0 0.0 2.0 0.0 2.740855577250552 494.03712407405914
4.010900000000003 5.0 1.0 5.0 1.0 0.0 0.0 1.0 98.31 3.588145946501451 528.8229269026048
1.0059999999999998 4.0 3.0 1.0 1.0 0.0 0.0 1.0 77.76 3.306535412749064 306.8248996548373
4.252800000000004 5.0 0.0 8.0 1.0 0.0 0.0 1.0 89.51999999999998 3.6210484465888126 516.7136957630747
2.7158000000000007 4.0 2.0 5.0 2.0 0.0 0.0 2.0 73.58 2.1376638619969057 488.03349097656104
0.6333000000000001 4.0 0.0 3.0 1.0 0.0 0.0 1.0 60.440000000000005 2.928226466735241 407.6979116691517
1.0871 3.0 2.0 3.0 0.0 0.0 0.0 0.0 49.33 3.6598886651041704 160.66127285260654
1.5436999999999999 3.0 3.0 3.0 1.0 0.0 0.0 1.0 111.9 3.6715095917744094 457.76773203093444
3.5009000000000023 4.0 0.0 6.0 2.0 0.0 0.0 2.0 61.599999999999994 2.4199933677152 574.6121268665264
2.8699000000000012 5.0 1.0 2.0 2.0 0.0 0.0 2.0 80.37 2.371095244437111 786.7501690547151
8.121900000000007 4.0 0.0 8.0 4.0 0.0 0.0 4.0 44.760000000000005 1.7208848299528194 1146.7811912285329
3.7421000000000015 3.0 0.0 2.0 2.0 0.0 0.0 2.0 39.19 2.6857347800330613 612.7222724681442
0.4186999999999999 3.0 1.0 5.0 0.0 0.0 0.0 0.0 38.69 3.1681741287467013 65.25147089005418
4.035000000000004 2.0 0.0 4.0 1.0 0.0 0.0 1.0 20.310000000000002 2.517561791459273 352.6269263952092
5.776400000000003 4.0 0.0 7.0 1.0 0.0 0.0 1.0 18.46 2.8510032626884056 443.0514311382
1.4698 4.0 1.0 3.0 0.0 0.0 0.0 0.0 50.69 3.912237963056304 182.24518934974515
0.15139999999999998 5.0 1.0 3.0 0.0 0.0 0.0 0.0 84.82999999999998 4.473265368176582 333.5989576594264
3.060200000000002 4.0 0.0 4.0 0.0 0.0 2.0 2.0 44.760000000000005 2.1471299607869607 368.30863402499347
0.7233999999999999 6.0 3.0 9.0 0.0 0.0 0.0 0.0 111.9 3.9848881650459993 226.05379063646248
7.9274000000000004 0.0 0.0 1.0 2.0 0.0 0.0 2.0 0.0 2.761979214703 663.8579666719705
7.9274000000000004 0.0 0.0 1.0 2.0 0.0 0.0 2.0 0.0 2.768496895571185 663.8579666719705
2.2249999999999996 2.0 2.0 3.0 1.0 0.0 0.0 1.0 49.33 2.742841851112674 314.23794078246516
3.4697000000000022 1.0 0.0 3.0 1.0 0.0 0.0 1.0 20.310000000000002 2.8515011521990226 362.2582515335872
1.2812000000000001 2.0 2.0 5.0 1.0 0.0 0.0 1.0 66.4 2.2822700986859936 334.9460875329806
5.191500000000004 5.0 0.0 8.0 1.0 0.0 0.0 1.0 18.46 2.718332393655078 394.81392577347697
2.05222 2.0 2.0 1.0 1.0 0.0 0.0 1.0 57.53 3.3258841466405986 333.3200121526738
4.133800000000003 3.0 0.0 6.0 2.0 0.0 0.0 2.0 27.05 2.2248663767645818 540.3839221249747
-1.301999999999997 5.0 5.0 8.0 0.0 0.0 0.0 0.0 158.82 4.333580514898264 449.2395199455363
1.7376 6.0 2.0 2.0 2.0 0.0 1.0 3.0 99.6 2.134568458812449 907.329049686318
3.4011000000000022 2.0 1.0 5.0 2.0 0.0 0.0 2.0 54.37 2.1040325135835762 570.7028578552715
8.053900000000002 1.0 0.0 2.0 2.0 0.0 0.0 2.0 9.23 2.475930381731033 617.3521141858682
6.902600000000002 4.0 0.0 6.0 2.0 0.0 0.0 2.0 44.760000000000005 2.2909129330295976 696.0522799954015
5.967200000000002 0.0 0.0 1.0 2.0 0.0 0.0 2.0 0.0 2.632549823314152 534.5371240740591
2.0558 0.0 0.0 0.0 0.0 0.0 0.0 0.0 0.0 3.236502566584802 79.946770165178
3.3785000000000016 5.0 0.0 7.0 0.0 0.0 0.0 0.0 18.46 3.56446061233354 167.12058989012377
4.906400000000003 4.0 2.0 17.0 0.0 0.0 0.0 0.0 100.9 3.856793660217174 458.18674861846006
5.460000000000006 1.0 1.0 14.0 0.0 0.0 0.0 0.0 20.23 2.846262262649495 108.69358616951132
2.880000000000001 3.0 1.0 2.0 1.0 1.0 1.0 2.0 69.72 2.279510120389649 598.4290902164757
4.938800000000005 2.0 0.0 6.0 1.0 0.0 0.0 1.0 20.310000000000002 2.618166876903707 369.59513992621424
1.6744999999999999 2.0 2.0 1.0 1.0 0.0 0.0 1.0 69.11 3.3738590108748685 338.423415200434
-3.0114999999999994 8.0 4.0 3.0 1.0 1.0 1.0 2.0 143.72000000000003 2.1949092649276896 421.8029666398912
2.1353999999999997 4.0 4.0 8.0 2.0 0.0 0.0 2.0 95.57999999999998 1.8473022986610148 673.56704729252
4.176200000000003 3.0 1.0 9.0 1.0 0.0 0.0 1.0 52.32 2.0584145644197127 359.5166119504802
-6.7526999999999875 14.0 12.0 7.0 0.0 2.0 3.0 3.0 253.01999999999992 1.7259477537384007 693.378919983711
1.6132 4.0 2.0 9.0 1.0 0.0 0.0 1.0 50.72 2.285695819256649 337.7488527229999
3.327200000000002 2.0 1.0 2.0 2.0 0.0 0.0 2.0 40.54 2.3037464741242686 527.9524885546249
-8.424200000000015 17.0 13.0 10.0 0.0 3.0 3.0 3.0 331.93999999999994 1.847903728536342 815.0542713752033
-0.9841000000000006 3.0 2.0 4.0 1.0 0.0 0.0 1.0 95.25 2.6701465380280394 350.94495041448823
0.3181 3.0 1.0 0.0 2.0 0.0 0.0 2.0 58.64 3.0307899009392414 429.3837739325197
5.313800000000002 0.0 0.0 1.0 2.0 0.0 0.0 2.0 0.0 2.5897403321770627 471.7259470533523
1.9907 1.0 0.0 5.0 0.0 0.0 0.0 0.0 20.310000000000002 4.165769165773525 169.89667380414838
0.8904000000000001 2.0 0.0 2.0 0.0 0.0 0.0 0.0 43.14 3.3434170589539605 75.33515884998701
7.719400000000003 2.0 0.0 5.0 2.0 0.0 0.0 2.0 18.46 1.95980797360673 583.5186592210371
8.1584 2.0 0.0 0.0 2.0 0.0 1.0 3.0 18.46 2.2712703326233132 788.3961265209693
1.1531 6.0 0.0 14.0 0.0 0.0 0.0 0.0 55.38000000000001 4.373733767178668 171.4948987286046
3.0893200000000016 4.0 1.0 4.0 2.0 0.0 0.0 2.0 80.31 2.415896290197079 953.2592296776229
0.6091899999999999 4.0 2.0 2.0 1.0 0.0 0.0 1.0 74.95 3.093472663374378 420.2360982921891
-0.8052999999999981 4.0 4.0 8.0 0.0 0.0 0.0 0.0 135.51000000000002 4.3528785501659 317.4101859627742
-3.301999999999995 7.0 6.0 3.0 0.0 3.0 3.0 3.0 148.35 2.470582026795681 505.83441008496743
2.5293400000000004 2.0 1.0 3.0 1.0 0.0 0.0 1.0 46.53 2.908171775988023 337.3798978826766
2.3338 7.0 0.0 7.0 1.0 0.0 0.0 1.0 62.7 3.002764092936546 435.88589799433663
0.17236999999999925 6.0 3.0 1.0 1.0 1.0 1.0 2.0 91.16 2.316398284375318 407.4539977349053
3.472000000000002 3.0 2.0 6.0 1.0 1.0 1.0 2.0 41.489999999999995 1.8766515218979218 433.08962111922807
7.274000000000001 0.0 0.0 1.0 2.0 0.0 0.0 2.0 0.0 2.7707542493684922 620.4500798683472
7.274000000000001 0.0 0.0 1.0 2.0 0.0 0.0 2.0 0.0 2.7787131171452772 620.4500798683472
7.274 0.0 0.0 1.0 2.0 0.0 0.0 2.0 0.0 2.6749554502007737 620.4500798683472
7.9274000000000004 0.0 0.0 1.0 2.0 0.0 0.0 2.0 0.0 2.8403855596380785 663.8579666719705
5.313800000000001 0.0 0.0 1.0 2.0 0.0 0.0 2.0 0.0 2.634485416566369 471.72594705335234
2.1570200000000006 4.0 1.0 1.0 2.0 0.0 0.0 2.0 76.25999999999999 2.8819320255359693 551.6039525151065
-0.5783999999999998 4.0 0.0 2.0 0.0 0.0 0.0 0.0 68.28 4.935254936310332 264.14929282653156
-0.48210000000000025 2.0 3.0 2.0 0.0 0.0 0.0 0.0 92.41999999999999 4.127512487055626 164.27599848312957
2.1831 2.0 1.0 4.0 1.0 0.0 0.0 1.0 46.53 2.888868796271823 342.1408100054958
-0.8506999999999996 4.0 5.0 4.0 0.0 0.0 0.0 0.0 132.88 0.0 199.64365714792035
2.9463000000000017 3.0 0.0 7.0 1.0 0.0 0.0 1.0 46.61 3.2492163005389543 480.04549792659617
2.2001 2.0 0.0 3.0 0.0 0.0 0.0 0.0 17.07 3.512827448281546 99.2309826803223
3.208300000000002 2.0 2.0 3.0 2.0 0.0 0.0 2.0 40.46 2.533018133502246 545.0206702076214
4.891400000000002 2.0 0.0 0.0 2.0 0.0 1.0 3.0 18.46 2.095968543903448 517.440372986049
8.813199999999998 1.0 0.0 0.0 3.0 0.0 0.0 3.0 13.14 2.734190644844544 852.7686952525269
1.7423000000000002 1.0 1.0 1.0 0.0 0.0 0.0 0.0 37.3 3.8165829734656636 109.50253476985266
2.1075 4.0 1.0 3.0 0.0 0.0 0.0 0.0 50.69 4.411666570186103 221.34206892611422
4.698300000000004 6.0 0.0 6.0 1.0 0.0 0.0 1.0 112.58000000000001 3.7355728719274954 759.680202737714
6.620600000000001 0.0 0.0 1.0 2.0 0.0 0.0 2.0 0.0 2.683245985395738 554.0989383657761
5.825180000000005 4.0 0.0 6.0 2.0 1.0 1.0 3.0 59.32000000000001 1.7214814947399868 920.3664893126436
5.268980000000004 4.0 0.0 5.0 2.0 1.0 1.0 3.0 59.32000000000001 1.7389462375181486 835.191123808645
1.4664 2.0 1.0 5.0 0.0 0.0 0.0 0.0 54.37 3.6976251278758037 151.41616035477006
-0.30212000000000017 3.0 1.0 1.0 0.0 0.0 0.0 0.0 73.2 4.041171670850508 206.36316027281552
7.9274000000000004 0.0 0.0 1.0 2.0 0.0 0.0 2.0 0.0 2.7278731369832103 640.6079666719705
0.7611999999999997 2.0 2.0 3.0 1.0 0.0 0.0 1.0 58.2 2.3807618619125828 322.15370011260666
3.4418000000000024 5.0 0.0 3.0 2.0 0.0 0.0 2.0 57.260000000000005 2.5559924777358307 794.5847236910379
-0.5464000000000007 6.0 0.0 1.0 2.0 0.0 0.0 2.0 61.82 3.132031241976869 631.8253673508914
1.8928 3.0 1.0 6.0 1.0 0.0 0.0 1.0 55.4 2.7366156564840383 449.36672525206325
5.725700000000003 4.0 0.0 12.0 0.0 0.0 0.0 0.0 44.760000000000005 4.688089102877845 254.8173499961941
7.9274000000000004 0.0 0.0 1.0 2.0 0.0 0.0 2.0 0.0 2.834076377248831 663.8579666719705
8.580799999999998 0.0 0.0 1.0 2.0 0.0 0.0 2.0 0.0 2.9278298356263366 681.3291147319977
3.720340000000003 5.0 1.0 6.0 1.0 0.0 0.0 1.0 98.31 3.5394583935570507 538.9080729934254
5.062000000000006 3.0 0.0 10.0 0.0 0.0 0.0 0.0 35.53 4.052073192620189 378.1415344089713
0.4857999999999998 5.0 0.0 1.0 2.0 0.0 0.0 2.0 54.800000000000004 2.61987386972831 425.5588295570089
2.3881000000000006 2.0 0.0 1.0 1.0 0.0 1.0 2.0 37.38 2.4190050970009014 486.05524397811956
3.543040000000002 2.0 0.0 3.0 2.0 0.0 0.0 2.0 26.3 2.3725310148526257 585.4008737678793
-3.9236 7.0 7.0 6.0 0.0 0.0 0.0 0.0 168.63 4.2091137290224685 248.27666252784255
0.3275199999999999 5.0 1.0 1.0 2.0 0.0 0.0 2.0 73.8 2.6602820094110218 532.8638064380169
5.967200000000001 0.0 0.0 1.0 2.0 0.0 0.0 2.0 0.0 2.630690903528491 514.2871240740591
5.967200000000002 0.0 0.0 1.0 2.0 0.0 0.0 2.0 0.0 2.739119029603201 534.5371240740591
1.74462 6.0 1.0 8.0 1.0 0.0 0.0 1.0 84.42 3.2292045367587514 573.0242589867888
2.35212 2.0 1.0 3.0 1.0 0.0 0.0 1.0 38.33 2.836874086228987 334.05945825214303
2.25242 4.0 0.0 0.0 3.0 0.0 0.0 3.0 30.19 2.683285650583276 578.5955126788882
1.5217199999999997 3.0 1.0 2.0 1.0 0.0 0.0 1.0 46.53 3.2644189670751427 304.8871119487945
0.6347999999999998 5.0 4.0 5.0 1.0 0.0 1.0 2.0 81.95 1.9518277980661054 497.9225718548434
3.1887000000000016 7.0 0.0 7.0 1.0 0.0 0.0 1.0 58.4 2.8750624593190346 430.6923928886501
4.480500000000003 5.0 0.0 4.0 2.0 0.0 0.0 2.0 78.66999999999999 2.399020158429125 748.008210141674
4.517800000000005 2.0 0.0 9.0 0.0 0.0 0.0 0.0 26.3 3.9510489288454957 369.3696859240011
4.051820000000003 1.0 2.0 3.0 2.0 0.0 0.0 2.0 41.13 2.0209285915556108 573.6988161984985
3.767700000000003 1.0 1.0 3.0 2.0 0.0 0.0 2.0 32.34 2.114717198440841 564.0585798448997
8.580799999999998 0.0 0.0 1.0 2.0 0.0 0.0 2.0 0.0 2.8607217923995187 707.5791147319978
5.458000000000003 4.0 0.0 5.0 2.0 0.0 0.0 2.0 61.6 2.310390332223276 764.8697632211209
1.2005 3.0 1.0 8.0 0.0 0.0 0.0 0.0 38.69 3.0417575996990527 75.84283310353014
3.1243000000000016 5.0 0.0 4.0 2.0 0.0 0.0 2.0 57.010000000000005 2.281223550397853 573.4665262416382
1.2141 2.0 1.0 2.0 1.0 0.0 0.0 1.0 46.17 2.6503977732748716 292.65666195744836
1.562 3.0 1.0 7.0 1.0 0.0 0.0 1.0 74.68 2.5559516996753286 484.05869136854454
2.4286000000000003 3.0 0.0 5.0 1.0 0.0 0.0 1.0 39.19 2.2907968539797117 271.8758373723615
0.8015999999999999 4.0 2.0 3.0 1.0 0.0 0.0 1.0 89.38999999999999 3.0373108455333924 325.1652197817895
-0.36636000000000046 5.0 1.0 0.0 2.0 0.0 0.0 2.0 80.64 3.1082051415745644 653.4355357375232
2.581200000000001 6.0 0.0 4.0 0.0 1.0 1.0 1.0 52.60000000000001 2.9181647405481215 329.0889112034554
4.757500000000002 4.0 1.0 4.0 2.0 0.0 0.0 2.0 89.66999999999999 2.3661915932521005 822.5425921879977
6.445800000000007 3.0 2.0 8.0 3.0 1.0 1.0 4.0 43.7 1.317281345957648 992.931144115396
4.187500000000003 1.0 1.0 0.0 0.0 1.0 1.0 1.0 29.1 2.1124110421554065 173.36084112383594
3.6978000000000026 4.0 0.0 8.0 0.0 0.0 0.0 0.0 29.54 3.9962850494122186 226.02445222960526
2.3794000000000004 2.0 2.0 11.0 0.0 0.0 0.0 0.0 58.2 3.3233194240262938 205.83388115177073
1.3754000000000002 3.0 1.0 3.0 1.0 0.0 0.0 1.0 63.6 2.8895915446477933 331.23505186595935
0.5609999999999998 2.0 0.0 1.0 0.0 2.0 2.0 2.0 25.06 1.8555863339043257 99.09616281328596
0.3761000000000001 3.0 2.0 2.0 2.0 0.0 0.0 2.0 91.10999999999999 2.974503423416389 598.5406367500988
0.3297 4.0 3.0 3.0 1.0 0.0 0.0 1.0 128.97 3.551357292442046 557.7495999941927
2.07134 3.0 1.0 1.0 2.0 0.0 0.0 2.0 43.84 2.581484406768721 443.05624557136855
3.1641200000000014 2.0 0.0 6.0 1.0 0.0 0.0 1.0 29.54 3.2776937707403 434.153792738549
0.5131999999999994 6.0 0.0 2.0 1.0 1.0 1.0 2.0 60.13 2.5209699133525185 537.9888841001627
5.863000000000006 4.0 1.0 13.0 0.0 1.0 1.0 1.0 47.56 2.8611358260243813 329.1583993388441
6.833300000000007 4.0 0.0 6.0 2.0 0.0 0.0 2.0 25.25 2.022160989259208 658.5454467732352
1.9182000000000001 6.0 1.0 5.0 1.0 0.0 0.0 1.0 76.58 2.594845644111791 440.1559888129215
0.5974 4.0 3.0 5.0 1.0 0.0 0.0 1.0 88.88999999999999 2.1309410302229006 405.1737761568005
1.9949000000000001 4.0 1.0 5.0 1.0 0.0 0.0 1.0 56.790000000000006 2.796916886110327 368.24399292547963
4.534200000000005 7.0 2.0 0.0 0.0 3.0 5.0 5.0 94.45000000000002 1.5122842815007262 1042.828204191825
4.924300000000007 7.0 2.0 1.0 0.0 3.0 5.0 5.0 94.45 1.5098712260051286 1058.7357476848138
4.785700000000003 1.0 0.0 2.0 2.0 0.0 0.0 2.0 9.23 2.2513977394811406 454.4342279806418
7.274000000000001 0.0 0.0 1.0 2.0 0.0 0.0 2.0 0.0 2.7288630157192038 620.4500798683472
-0.0807999999999991 7.0 2.0 3.0 2.0 1.0 1.0 3.0 100.35 2.168642932607111 779.8773504105488
0.015800000000000036 2.0 0.0 0.0 0.0 0.0 1.0 1.0 41.79 2.659825742611341 136.6252210569148
2.1242 3.0 1.0 2.0 1.0 1.0 2.0 3.0 80.47 2.119213499334527 650.3188570969975
2.1369 2.0 1.0 3.0 0.0 1.0 1.0 1.0 37.3 2.092513389046783 130.05374780501026
0.42150000000000004 3.0 1.0 1.0 0.0 1.0 1.0 1.0 55.4 2.8000015092487516 189.43195019909115
4.245800000000003 2.0 1.0 4.0 3.0 0.0 0.0 3.0 38.33 1.6916001428004526 783.5568797101462
6.620600000000001 0.0 0.0 1.0 2.0 0.0 0.0 2.0 0.0 2.6949525627751907 577.348938365776
7.274000000000001 0.0 0.0 1.0 2.0 0.0 0.0 2.0 0.0 2.820292008545056 594.2000798683471
7.9274000000000004 0.0 0.0 1.0 2.0 0.0 0.0 2.0 0.0 2.909080737431093 637.6079666719706
7.9274000000000004 0.0 0.0 1.0 2.0 0.0 0.0 2.0 0.0 2.876558932076056 663.8579666719705
7.9274000000000004 0.0 0.0 1.0 2.0 0.0 0.0 2.0 0.0 2.8656561735065296 637.6079666719706
7.9274000000000004 0.0 0.0 1.0 2.0 0.0 0.0 2.0 0.0 2.8338457319988817 637.6079666719706
7.9274000000000004 0.0 0.0 1.0 2.0 0.0 0.0 2.0 0.0 2.802853603501204 663.8579666719705
7.274000000000001 0.0 0.0 1.0 2.0 0.0 0.0 2.0 0.0 2.6579358957230155 597.2000798683472
8.580799999999998 0.0 0.0 1.0 2.0 0.0 0.0 2.0 0.0 2.948200049764579 678.3291147319976
7.9274000000000004 0.0 0.0 1.0 2.0 0.0 0.0 2.0 0.0 2.798985125939269 663.8579666719705
8.580799999999998 0.0 0.0 1.0 2.0 0.0 0.0 2.0 0.0 2.891828371384718 681.3291147319977
8.580799999999998 0.0 0.0 1.0 2.0 0.0 0.0 2.0 0.0 2.8688279198611153 678.3291147319976
9.2342 0.0 0.0 1.0 2.0 0.0 0.0 2.0 0.0 2.995573143688301 696.1140379903331
8.580799999999998 0.0 0.0 1.0 2.0 0.0 0.0 2.0 0.0 2.874714246655958 678.3291147319976
9.2342 0.0 0.0 1.0 2.0 0.0 0.0 2.0 0.0 2.9636013867379285 722.3640379903333
7.274000000000001 0.0 0.0 1.0 2.0 0.0 0.0 2.0 0.0 2.827516798418819 594.2000798683472
7.274000000000001 0.0 0.0 1.0 2.0 0.0 0.0 2.0 0.0 2.753801411640488 620.4500798683472
4.466000000000005 3.0 0.0 5.0 2.0 0.0 0.0 2.0 46.61 2.4507817228967568 764.519451387341
3.687400000000003 3.0 0.0 4.0 2.0 0.0 0.0 2.0 46.61 2.4887313311616253 721.0333484678116
4.161800000000003 2.0 0.0 6.0 1.0 0.0 0.0 1.0 20.310000000000002 2.412567787839603 320.25391154512306
6.490180000000005 4.0 0.0 6.0 2.0 1.0 1.0 3.0 59.32000000000001 1.7214814947399866 930.2980937199308
1.4535 6.0 2.0 8.0 1.0 0.0 0.0 1.0 135.2 2.6593179380477405 513.5009932449296
2.837040000000001 3.0 1.0 2.0 2.0 0.0 0.0 2.0 37.81 2.2470342633151237 431.4293404784783
5.4534 0.0 0.0 0.0 2.0 0.0 0.0 2.0 0.0 2.9781072687079817 504.93842469911016
5.453400000000001 0.0 0.0 0.0 2.0 0.0 0.0 2.0 0.0 2.9404245018687942 457.68842469911027
2.4939999999999998 2.0 2.0 4.0 1.0 0.0 0.0 1.0 49.33 2.741815403505495 343.4551560933999
2.52334 3.0 2.0 3.0 1.0 0.0 0.0 1.0 75.27000000000001 3.231641615841965 639.0488142368542
1.2742 8.0 2.0 8.0 2.0 0.0 0.0 2.0 114.74 2.3036810897938063 668.7678950436213
1.9615999999999998 2.0 0.0 0.0 1.0 0.0 1.0 2.0 26.3 2.60360667998887 319.8681387531291
1.2136000000000002 1.0 1.0 1.0 0.0 0.0 0.0 0.0 37.3 3.8165829734656636 106.25742227201614
0.6213000000000004 5.0 3.0 4.0 1.0 1.0 2.0 3.0 112.73000000000002 1.7144846348891027 739.4945289535814
0.6803000000000001 2.0 2.0 3.0 1.0 0.0 0.0 1.0 72.19 2.770474696152145 371.4341282999036
3.655400000000001 1.0 0.0 1.0 1.0 0.0 0.0 1.0 9.23 3.249228926486637 272.63335062299745
4.126100000000004 2.0 0.0 5.0 0.0 1.0 1.0 1.0 26.3 2.7577992639647375 470.13691553712937
1.5991999999999993 2.0 2.0 9.0 0.0 0.0 0.0 0.0 58.2 3.312575555451382 183.19544121138722
4.2356000000000025 4.0 0.0 6.0 0.0 0.0 0.0 0.0 27.69 4.476907590732965 224.90712145792594
0.29020000000000007 3.0 0.0 1.0 0.0 1.0 1.0 1.0 49.74 2.53668197930634 123.20671786825557
0.6218000000000001 2.0 2.0 4.0 0.0 0.0 0.0 0.0 66.4 4.224172782546599 179.1417863019849
1.8196999999999997 3.0 2.0 1.0 1.0 0.0 0.0 1.0 40.46 3.061688151345299 214.79775799182195
2.990000000000002 3.0 2.0 4.0 1.0 0.0 0.0 1.0 40.46 2.5564009880289884 253.37729766367798
3.929700000000002 5.0 1.0 5.0 3.0 0.0 0.0 3.0 60.17 1.825659726590587 778.0684053738102
6.6206000000000005 0.0 0.0 1.0 2.0 0.0 0.0 2.0 0.0 2.768967288151633 577.348938365776
2.916100000000001 5.0 1.0 4.0 2.0 0.0 0.0 2.0 60.17 2.255633017608437 534.5467010238787
1.0659999999999998 7.0 0.0 7.0 2.0 0.0 0.0 2.0 78.89 2.409663182305652 797.4460673987393
2.5349000000000004 2.0 0.0 1.0 1.0 2.0 3.0 4.0 40.620000000000005 1.5676188764312609 621.550557109791
0.08099999999999996 4.0 0.0 0.0 0.0 0.0 1.0 1.0 68.28 3.49765704262838 382.1685439087073
6.6206000000000005 0.0 0.0 1.0 2.0 0.0 0.0 2.0 0.0 2.733697850621109 577.348938365776
2.9842000000000013 4.0 0.0 8.0 0.0 0.0 0.0 0.0 44.760000000000005 3.9208737294960496 148.2230163877574
2.5052000000000003 3.0 1.0 3.0 1.0 0.0 0.0 1.0 59.42 2.8666294689758756 369.4428068749835
1.0258 5.0 1.0 1.0 1.0 1.0 1.0 2.0 69.56 2.293712697729707 439.7594517783737
6.389500000000006 5.0 0.0 9.0 2.0 0.0 0.0 2.0 52.08 1.869238797335379 667.7285978793568
4.785700000000003 1.0 0.0 2.0 2.0 0.0 0.0 2.0 9.23 2.217927485942461 454.43422798064194
5.313800000000001 0.0 0.0 1.0 2.0 0.0 0.0 2.0 0.0 2.6032582714405783 477.7259470533523
4.800000000000001 0.0 0.0 0.0 2.0 0.0 0.0 2.0 0.0 2.865604547254021 462.921666081996
4.800000000000001 0.0 0.0 0.0 2.0 0.0 0.0 2.0 0.0 2.81148314052133 462.921666081996
5.453400000000001 0.0 0.0 0.0 2.0 0.0 0.0 2.0 0.0 2.939662117659623 458.43842469911027
4.034520000000002 2.0 1.0 4.0 2.0 0.0 0.0 2.0 38.33 2.1387695562613644 605.4439286963352
2.0656 3.0 1.0 1.0 1.0 0.0 0.0 1.0 58.370000000000005 2.73473842043152 349.7946285148787
4.214800000000004 4.0 0.0 8.0 2.0 1.0 1.0 3.0 32.78 1.735187904680074 694.3675613200569
7.274000000000001 0.0 0.0 1.0 2.0 0.0 0.0 2.0 0.0 2.750703090216793 620.4500798683472
2.1935000000000007 1.0 1.0 4.0 0.0 0.0 0.0 0.0 20.23 3.1512513888997318 59.58797503894244
3.267100000000002 4.0 1.0 4.0 2.0 0.0 0.0 2.0 55.24 2.3833827606219 614.9347281236406
0.9970999999999999 2.0 0.0 3.0 1.0 0.0 0.0 1.0 34.14 2.647835114505797 251.52506007307377
6.620600000000001 0.0 0.0 1.0 2.0 0.0 0.0 2.0 0.0 2.774273182720975 533.848938365776
6.620600000000001 0.0 0.0 1.0 2.0 0.0 0.0 2.0 0.0 2.6399988089068076 554.0989383657761
6.620600000000001 0.0 0.0 1.0 2.0 0.0 0.0 2.0 0.0 2.6780260504128828 533.848938365776
0.7558999999999999 4.0 2.0 1.0 2.0 0.0 0.0 2.0 83.96000000000001 2.329744483069523 690.669892566019
6.629000000000006 4.0 0.0 6.0 3.0 0.0 0.0 3.0 44.760000000000005 1.8587929384863018 855.0526320420856
4.197920000000002 4.0 0.0 4.0 1.0 0.0 0.0 1.0 27.69 3.1085506823829836 407.7574288999408
2.1475999999999997 6.0 0.0 3.0 1.0 0.0 0.0 1.0 60.14 3.416751836921101 499.77936635556364
3.3610000000000007 2.0 1.0 1.0 1.0 0.0 0.0 1.0 29.46 3.4044783988899967 312.0100650052086
6.853 1.0 0.0 0.0 3.0 0.0 0.0 3.0 13.14 2.5601781520814355 790.34839029179
0.9392000000000001 3.0 1.0 0.0 1.0 0.0 1.0 2.0 52.32 2.60360667998887 319.8681387531291
1.5219 1.0 0.0 0.0 1.0 0.0 2.0 3.0 20.310000000000002 2.2435057879692435 383.67671069728317
4.668800000000004 4.0 1.0 5.0 2.0 0.0 0.0 2.0 67.87 2.0526631571633693 716.3738487730229
5.137100000000003 3.0 0.0 4.0 4.0 0.0 0.0 4.0 30.71 2.1038401951979053 1003.854260074119
1.3216999999999999 3.0 0.0 4.0 1.0 0.0 0.0 1.0 46.61 2.341729508317204 361.7864391863981
3.1047400000000023 4.0 0.0 4.0 2.0 0.0 0.0 2.0 59.75 2.5525983058138118 655.7223142258466
4.301040000000003 3.0 1.0 2.0 2.0 0.0 0.0 2.0 50.739999999999995 2.2523482219371145 541.8938223871523
0.3998000000000001 3.0 2.0 2.0 0.0 0.0 1.0 1.0 84.55 3.140075231932778 279.11372655106993
1.8262 4.0 0.0 1.0 1.0 0.0 1.0 2.0 69.44 2.551795188462776 426.8201728130743
4.416420000000005 7.0 2.0 8.0 2.0 0.0 0.0 2.0 111.55999999999999 2.287471573882366 831.817316138056
2.803000000000001 3.0 2.0 1.0 1.0 0.0 0.0 1.0 80.39 3.700409413412392 485.5853634462314
3.599000000000002 2.0 1.0 4.0 2.0 0.0 0.0 2.0 57.61000000000001 2.4908074257393866 705.7920359637423
2.19074 3.0 0.0 3.0 1.0 1.0 1.0 2.0 46.61 2.4871959803025745 495.1625826913681
-1.6277999999999992 8.0 4.0 6.0 0.0 1.0 1.0 1.0 140.92000000000002 2.5680485865782092 359.5430248505716
5.4391000000000025 1.0 0.0 2.0 2.0 0.0 0.0 2.0 9.23 2.2338171177404904 494.11710147761767
1.8138999999999998 4.0 0.0 5.0 0.0 0.0 0.0 0.0 44.760000000000005 3.701381399280189 116.81635834269237
7.274000000000001 0.0 0.0 1.0 2.0 0.0 0.0 2.0 0.0 2.740907907026586 597.2000798683472
1.6733 1.0 1.0 3.0 0.0 0.0 0.0 0.0 37.3 3.362624494953843 114.08455842683315
3.079200000000002 9.0 0.0 4.0 0.0 0.0 0.0 0.0 83.8 4.332318493400809 392.52587049857226
4.738100000000002 2.0 0.0 2.0 3.0 0.0 0.0 3.0 22.0 2.201546195947067 927.3322048447552
0.8483999999999998 3.0 0.0 4.0 1.0 0.0 0.0 1.0 49.36 2.888868796271823 342.1408100054958
6.620600000000001 0.0 0.0 1.0 2.0 0.0 0.0 2.0 0.0 2.721680573659982 554.0989383657761
7.274000000000001 0.0 0.0 1.0 2.0 0.0 0.0 2.0 0.0 2.733182831913439 597.2000798683472
7.9274000000000004 0.0 0.0 1.0 2.0 0.0 0.0 2.0 0.0 2.8031278188653705 640.6079666719704
-0.1882999999999999 4.0 0.0 2.0 0.0 0.0 0.0 0.0 68.28 5.45452998442779 298.6787074344199
0.9899 2.0 0.0 0.0 1.0 0.0 0.0 1.0 22.0 3.339139692242722 266.00552478320776
-1.0143000000000004 8.0 8.0 10.0 1.0 0.0 0.0 1.0 188.45 3.662660443416784 776.3251592607854
4.0676000000000005 3.0 1.0 3.0 3.0 0.0 0.0 3.0 46.010000000000005 2.2748252470051122 778.177080095226
2.484700000000001 5.0 0.0 3.0 2.0 1.0 1.0 3.0 49.17 1.9975368888501366 568.3584019815922
3.653400000000003 5.0 0.0 5.0 2.0 1.0 1.0 3.0 49.17 1.9566237074360817 635.7227266811392
3.263300000000002 5.0 0.0 4.0 2.0 1.0 1.0 3.0 49.17 1.9944817853320322 620.6866103240635
5.967200000000001 0.0 0.0 1.0 2.0 0.0 0.0 2.0 0.0 2.6442951728742 511.2871240740591
6.620600000000001 0.0 0.0 1.0 2.0 0.0 0.0 2.0 0.0 2.7298469364606306 554.0989383657761
5.391600000000003 5.0 0.0 7.0 1.0 0.0 0.0 1.0 27.69 3.0301192617138946 475.2532565788354
-0.15019999999999994 2.0 2.0 2.0 0.0 1.0 1.0 1.0 74.6 2.3927770801931003 175.72476622436804
2.5654000000000003 2.0 1.0 4.0 1.0 0.0 0.0 1.0 37.3 2.822632605025796 271.5130516555259
-0.34359999999999985 3.0 2.0 1.0 1.0 0.0 0.0 1.0 83.05 3.200427888623847 274.0163218226503
-0.9131999999999998 3.0 3.0 5.0 0.0 0.0 0.0 0.0 95.5 3.6398415535426545 241.84429394313943
-0.6993199999999999 2.0 2.0 0.0 0.0 0.0 0.0 0.0 61.839999999999996 3.1275799516775433 91.45654516950492
5.4391000000000025 1.0 0.0 2.0 2.0 0.0 0.0 2.0 9.23 2.2750303381369075 511.3671014776177
0.5010999999999999 4.0 0.0 3.0 0.0 0.0 0.0 0.0 52.60000000000001 3.7663087916101996 152.51956340253028
4.260800000000003 2.0 0.0 2.0 1.0 1.0 1.0 2.0 20.310000000000002 2.0093709878728685 396.21444538868286
1.6081999999999999 1.0 1.0 2.0 1.0 0.0 0.0 1.0 28.68 2.477963935223384 153.43389644544925
2.9358400000000016 3.0 0.0 1.0 2.0 0.0 0.0 2.0 17.29 2.5316185163773577 534.5503021995
0.8968 2.0 0.0 0.0 0.0 0.0 0.0 0.0 15.6 3.7168263090459073 88.42945954287094
7.274000000000001 0.0 0.0 1.0 2.0 0.0 0.0 2.0 0.0 2.795894932778409 620.4500798683472
-0.18009999999999998 4.0 4.0 3.0 1.0 0.0 0.0 1.0 89.79 2.829841319109593 337.58388104417253
0.16209999999999997 7.0 4.0 3.0 2.0 0.0 0.0 2.0 189.12999999999997 3.1349845007467327 1131.8026065653878
2.849400000000001 2.0 1.0 2.0 1.0 0.0 0.0 1.0 38.33 2.675591917633231 341.5838810441725
2.3718000000000004 1.0 1.0 4.0 1.0 0.0 0.0 1.0 46.33 2.729890157645924 284.59882253390214
5.967200000000002 0.0 0.0 1.0 2.0 0.0 0.0 2.0 0.0 2.69857105670864 511.2871240740591
3.2604000000000024 3.0 0.0 6.0 1.0 0.0 0.0 1.0 29.540000000000003 2.0013910130846315 327.45116411809533
3.0521200000000004 2.0 1.0 1.0 2.0 0.0 0.0 2.0 45.75 2.564936612645104 549.2787009325806
1.4544599999999999 4.0 0.0 3.0 1.0 0.0 0.0 1.0 69.16999999999999 2.797492929880006 397.615554370691
3.553300000000002 3.0 1.0 3.0 3.0 0.0 0.0 3.0 46.010000000000005 2.2748252470051122 780.177080095226
5.4391000000000025 1.0 0.0 2.0 2.0 0.0 0.0 2.0 9.23 2.2023006226640756 494.11710147761767
2.2055999999999996 1.0 1.0 5.0 0.0 0.0 0.0 0.0 43.09 4.127318691842808 130.05374780501026
3.687400000000003 3.0 0.0 4.0 2.0 0.0 0.0 2.0 46.61 2.4887313311616253 721.0333484678116
4.466000000000005 3.0 0.0 5.0 2.0 0.0 0.0 2.0 46.61 2.4507817228967568 764.519451387341
4.009200000000003 4.0 0.0 6.0 2.0 1.0 1.0 3.0 36.92 1.492719458863394 567.4008443303036
-0.15630000000000055 6.0 0.0 2.0 2.0 0.0 0.0 2.0 61.82 2.9780709670240615 647.1083863008886
1.9198 1.0 0.0 4.0 0.0 0.0 0.0 0.0 3.24 2.919612641438553 44.54808140664299
6.501080000000004 5.0 0.0 8.0 3.0 1.0 1.0 4.0 68.55 1.545987931978099 1174.9012057648777
0.4921000000000013 6.0 0.0 4.0 0.0 2.0 2.0 2.0 65.56 1.6581729288405653 354.93811511172584
0.033499999999999974 4.0 2.0 3.0 1.0 0.0 0.0 1.0 83.96000000000001 2.87782601403682 491.50795702660747
4.331900000000004 5.0 0.0 7.0 1.0 0.0 0.0 1.0 38.77 2.842070207560657 516.6525869673495
3.594100000000001 4.0 4.0 6.0 0.0 4.0 4.0 4.0 106.86000000000001 1.4383940208981985 727.0057983269172
0.7615999999999996 6.0 1.0 2.0 1.0 0.0 0.0 1.0 73.8 3.2830443911344562 407.5538632050152
4.200500000000002 3.0 2.0 3.0 2.0 0.0 0.0 2.0 67.43 1.9497265485235744 748.3746507232842
0.32869999999999977 3.0 1.0 3.0 1.0 0.0 0.0 1.0 69.39000000000001 2.544573341953591 307.89566977313564
0.9794999999999998 3.0 1.0 4.0 1.0 0.0 0.0 1.0 55.4 2.404221436579065 334.9460875329806
1.7117999999999998 3.0 0.0 5.0 1.0 0.0 0.0 1.0 46.61 2.4626162361341715 371.51078163404424
0.06900000000000012 2.0 2.0 3.0 0.0 0.0 0.0 0.0 49.33 3.3180871972839956 82.49785513558373
-0.8350999999999993 4.0 1.0 0.0 0.0 1.0 1.0 1.0 66.64 2.989267462456908 204.7248250995196
6.620600000000001 0.0 0.0 1.0 2.0 0.0 0.0 2.0 0.0 2.649505991756738 577.3489383657761
1.0823899999999997 4.0 1.0 0.0 2.0 0.0 0.0 2.0 54.46 3.0307899009392414 430.28037088475946
1.4992 6.0 0.0 6.0 1.0 0.0 0.0 1.0 95.74000000000001 3.014435408643494 486.8945651123188
1.4992 6.0 0.0 6.0 1.0 0.0 0.0 1.0 95.74000000000001 3.014435408643494 486.8945651123188
6.679980000000006 4.0 0.0 7.0 3.0 0.0 0.0 3.0 59.32000000000001 1.7833639861151818 1026.2643155669198
4.168800000000003 3.0 0.0 5.0 2.0 0.0 0.0 2.0 30.71 2.230390674272061 496.9423932078171
4.744900000000003 2.0 1.0 4.0 2.0 0.0 0.0 2.0 38.33 2.2346154896105133 696.2329895909495
4.603900000000003 6.0 0.0 6.0 3.0 0.0 0.0 3.0 70.79 1.6601842524090904 874.8087391960878
5.439100000000002 1.0 0.0 2.0 2.0 0.0 0.0 2.0 9.23 2.236425167129567 511.3671014776177
7.4609800000000055 4.0 0.0 6.0 2.0 1.0 1.0 3.0 59.32000000000001 1.7234534010977323 952.8452735247254
0.7449000000000001 2.0 2.0 3.0 0.0 0.0 0.0 0.0 72.19 3.728739473239555 160.6612728526066
2.4369000000000005 1.0 0.0 1.0 0.0 0.0 1.0 1.0 3.24 2.353838599957055 126.83446685613664
1.4565 5.0 1.0 3.0 1.0 0.0 0.0 1.0 72.47 2.7178743394713973 466.7872820395883
1.26928 2.0 0.0 0.0 0.0 1.0 1.0 1.0 40.86 2.8226996937270354 179.8453973109586
2.729440000000001 3.0 0.0 4.0 2.0 0.0 0.0 2.0 38.13 2.399528775502118 545.8249830814397
1.6235 1.0 2.0 4.0 0.0 0.0 0.0 0.0 55.12 4.160038813329765 121.78908529851988
4.271900000000004 2.0 0.0 4.0 1.0 1.0 1.0 2.0 12.47 1.8748773238102474 449.5907426226766
6.177980000000004 4.0 0.0 6.0 2.0 1.0 1.0 3.0 59.32000000000001 1.7214814947399866 930.2980937199308
6.381800000000005 4.0 2.0 5.0 2.0 0.0 1.0 3.0 48.78 1.8012132793214692 1053.0323899408634
8.159799999999999 1.0 0.0 0.0 3.0 0.0 0.0 3.0 13.14 2.6708478081774882 881.2503103410705
4.271900000000004 2.0 0.0 4.0 1.0 1.0 1.0 2.0 12.47 1.8748773238102474 449.5907426226766
6.636000000000001 1.0 0.0 0.0 3.0 0.0 0.0 3.0 13.14 2.5110009946515177 682.9202949036774
4.602400000000004 4.0 0.0 6.0 2.0 0.0 0.0 2.0 47.36 1.9854043117788962 638.9867548012395
-0.38840000000000025 5.0 1.0 4.0 0.0 0.0 0.0 0.0 102.06 3.9372524971283624 193.13235378876152
7.166100000000003 0.0 0.0 1.0 2.0 0.0 0.0 2.0 0.0 2.6779540918569533 577.348938365776
0.9230999999999999 2.0 1.0 0.0 2.0 0.0 0.0 2.0 45.75 3.0307899009392414 427.79014588908643
2.6891000000000007 5.0 0.0 3.0 2.0 0.0 1.0 3.0 49.05 2.1020456381869006 817.415769604436
6.543980000000005 4.0 0.0 6.0 2.0 1.0 1.0 3.0 59.32000000000001 1.7229707400890295 1028.3524836641898
3.3790000000000004 2.0 2.0 2.0 2.0 0.0 0.0 2.0 54.02 1.9834326164411502 516.1690076839118
5.967200000000002 0.0 0.0 1.0 2.0 0.0 0.0 2.0 0.0 2.676215702426927 514.2871240740591
6.620600000000001 0.0 0.0 1.0 2.0 0.0 0.0 2.0 0.0 2.6787151227790353 577.3489383657761
6.620600000000001 0.0 0.0 1.0 2.0 0.0 0.0 2.0 0.0 2.7160635057860123 557.0989383657761
6.6206000000000005 0.0 0.0 1.0 2.0 0.0 0.0 2.0 0.0 2.699844708348423 533.848938365776
6.620600000000001 0.0 0.0 1.0 2.0 0.0 0.0 2.0 0.0 2.6357224461849196 557.098938365776
7.274000000000001 0.0 0.0 1.0 2.0 0.0 0.0 2.0 0.0 2.7888724998539813 620.4500798683472
7.274000000000001 0.0 0.0 1.0 2.0 0.0 0.0 2.0 0.0 2.8033057880593457 600.2000798683471
8.580799999999998 0.0 0.0 1.0 2.0 0.0 0.0 2.0 0.0 2.906319943148304 678.3291147319976
1.3202999999999996 7.0 2.0 6.0 1.0 0.0 0.0 1.0 89.03 2.646984480865104 413.2545543588203
3.1625700000000014 3.0 3.0 4.0 2.0 0.0 0.0 2.0 66.37 1.9321531648813268 513.1774267055373
2.0851 4.0 0.0 3.0 1.0 0.0 1.0 2.0 52.60000000000001 2.349619121313582 531.4366523841107
0.5060999999999996 4.0 1.0 3.0 1.0 0.0 0.0 1.0 72.47 2.4191962930259066 399.70540649183863
5.4391000000000025 1.0 0.0 2.0 2.0 0.0 0.0 2.0 9.23 2.3086971624065704 511.3671014776177
4.1822000000000035 3.0 0.0 2.0 1.0 1.0 1.0 2.0 35.910000000000004 2.3233854788286568 534.2031124676994
1.5731 4.0 2.0 3.0 1.0 0.0 0.0 1.0 85.44 3.0365469815461004 413.7120377294033
7.395680000000005 5.0 1.0 8.0 3.0 0.0 0.0 3.0 71.35 1.7542695134519983 1210.4541526746402
1.505 1.0 1.0 1.0 0.0 0.0 0.0 0.0 20.23 3.168489872670569 41.30296890880646
2.3985000000000003 3.0 0.0 3.0 1.0 2.0 2.0 3.0 46.61 1.9518399104339397 527.1772912714515
0.2727 3.0 3.0 5.0 0.0 0.0 0.0 0.0 111.9 4.793424130145884 255.00506953970532
2.2846 2.0 1.0 1.0 1.0 0.0 0.0 1.0 50.44 3.1737923196144764 265.8568215166631
7.9274000000000004 0.0 0.0 1.0 2.0 0.0 0.0 2.0 0.0 2.8230196650754826 614.3579666719706
4.486400000000002 5.0 0.0 5.0 2.0 0.0 0.0 2.0 57.650000000000006 2.0752796872422503 750.0353143844725
5.003300000000004 5.0 0.0 8.0 2.0 0.0 0.0 2.0 57.650000000000006 1.8999365712251137 730.1151369452534
2.07272 4.0 1.0 3.0 1.0 0.0 1.0 2.0 67.75999999999999 2.5353499681891396 634.4093015647203
6.627980000000005 5.0 0.0 9.0 3.0 0.0 0.0 3.0 68.55000000000001 1.7577562802655773 1095.2796784429293
3.598900000000002 3.0 0.0 8.0 1.0 0.0 0.0 1.0 39.19 2.0509082896491506 311.258065344895
5.967200000000001 0.0 0.0 1.0 2.0 0.0 0.0 2.0 0.0 2.6533127161110612 534.537124074059
5.967200000000001 0.0 0.0 1.0 2.0 0.0 0.0 2.0 0.0 2.6194980887380903 511.2871240740591
6.620600000000001 0.0 0.0 1.0 2.0 0.0 0.0 2.0 0.0 2.643838418826037 554.0989383657761
-5.906200000000003 10.0 8.0 12.0 2.0 0.0 1.0 3.0 163.18 0.0 938.9890130182928
1.0871 3.0 2.0 3.0 0.0 0.0 0.0 0.0 49.33 3.6598886651041704 160.66127285260654
2.2741 2.0 1.0 5.0 0.0 1.0 1.0 1.0 41.57000000000001 2.6355875440546477 212.6872089127504
1.8736000000000002 6.0 2.0 5.0 2.0 0.0 0.0 2.0 97.97 2.1800953874373596 649.5896384824973
4.603900000000003 6.0 0.0 6.0 3.0 0.0 0.0 3.0 70.79 1.6601842524090904 874.8087391960878
4.528020000000003 5.0 0.0 6.0 3.0 0.0 0.0 3.0 61.190000000000005 1.8901646951049913 1013.5663386580753
3.440640000000002 3.0 0.0 5.0 2.0 0.0 0.0 2.0 46.61 2.4303411488233064 704.6687495366206
6.177980000000004 4.0 0.0 6.0 2.0 1.0 1.0 3.0 59.32000000000001 1.7214814947399866 930.2980937199308
-2.2128 4.0 3.0 2.0 0.0 0.0 0.0 0.0 118.77000000000001 4.3820366197846035 157.1417863019849
2.4248000000000003 1.0 1.0 1.0 0.0 0.0 0.0 0.0 37.3 4.2266192868964705 135.4639615981846
2.4649 1.0 1.0 1.0 0.0 0.0 0.0 0.0 37.3 4.2266192868964705 138.21884910034808
-0.7245999999999999 4.0 1.0 4.0 0.0 0.0 0.0 0.0 80.31 4.537306323456445 268.9837596826682
3.6038000000000023 4.0 1.0 7.0 2.0 0.0 0.0 2.0 56.790000000000006 1.7372919970376688 568.9726260550095
5.2315800000000054 9.0 0.0 10.0 2.0 0.0 0.0 2.0 144.98 2.327513212350579 1111.6113426912652
4.172300000000003 4.0 0.0 3.0 2.0 0.0 0.0 2.0 39.19 2.1379755633127884 612.9101502392824
2.1309000000000005 2.0 2.0 1.0 1.0 0.0 0.0 1.0 40.46 3.0479288566756857 276.89126405626786
1.6229 4.0 0.0 5.0 0.0 2.0 2.0 2.0 66.92 1.9325904016549402 610.5731319173833
3.3381000000000016 4.0 0.0 4.0 3.0 0.0 0.0 3.0 42.43000000000001 1.6530262936950788 722.0726691499789
5.967200000000001 0.0 0.0 1.0 2.0 0.0 0.0 2.0 0.0 2.600869107729651 534.537124074059
6.6206000000000005 0.0 0.0 1.0 2.0 0.0 0.0 2.0 0.0 2.8004301926250537 551.0989383657761
6.620600000000001 0.0 0.0 1.0 2.0 0.0 0.0 2.0 0.0 2.7382228051449 557.0989383657761
1.4223999999999999 5.0 1.0 8.0 0.0 0.0 0.0 0.0 72.83 3.710168368087844 237.0504873069013
0.19234000000000007 3.0 1.0 1.0 1.0 0.0 0.0 1.0 68.87 3.1860125339283023 275.4872022742226
2.4238 5.0 1.0 5.0 3.0 1.0 1.0 4.0 75.17 1.3759557752840652 1142.4164996007075
3.622700000000001 4.0 1.0 3.0 2.0 0.0 0.0 2.0 78.38999999999999 2.361830967700234 587.3764362570621
1.0804999999999998 3.0 3.0 3.0 1.0 0.0 0.0 1.0 76.38 2.589071736723409 297.4303058532739
3.907400000000001 4.0 0.0 2.0 3.0 0.0 0.0 3.0 51.56 2.007301287522153 679.6675410900483
1.39044 7.0 2.0 4.0 2.0 0.0 0.0 2.0 127.35 2.239764540396422 907.0190014647743
5.967200000000001 0.0 0.0 1.0 2.0 0.0 0.0 2.0 0.0 2.6114007816004863 534.537124074059
5.967200000000001 0.0 0.0 1.0 2.0 0.0 0.0 2.0 0.0 2.59263094028135 517.2871240740591
6.6206000000000005 0.0 0.0 1.0 2.0 0.0 0.0 2.0 0.0 2.746706162894205 551.0989383657761
6.6206000000000005 0.0 0.0 1.0 2.0 0.0 0.0 2.0 0.0 2.637737572172888 560.0989383657761
6.6206000000000005 0.0 0.0 1.0 2.0 0.0 0.0 2.0 0.0 2.670519007165741 560.0989383657761
7.274 0.0 0.0 1.0 2.0 0.0 0.0 2.0 0.0 2.708022996372837 620.4500798683472
7.274 0.0 0.0 1.0 2.0 0.0 0.0 2.0 0.0 2.737748371627074 594.2000798683472
7.274000000000001 0.0 0.0 1.0 2.0 0.0 0.0 2.0 0.0 2.7351254066163446 597.2000798683472
7.274000000000001 0.0 0.0 1.0 2.0 0.0 0.0 2.0 0.0 2.7762795071636512 573.9500798683471
7.9274000000000004 0.0 0.0 1.0 2.0 0.0 0.0 2.0 0.0 2.8276498484770998 634.6079666719708
7.9274000000000004 0.0 0.0 1.0 2.0 0.0 0.0 2.0 0.0 2.761179564584445 640.6079666719704
8.580799999999998 0.0 0.0 1.0 2.0 0.0 0.0 2.0 0.0 2.9104527004145475 655.0791147319975
8.580799999999998 0.0 0.0 1.0 2.0 0.0 0.0 2.0 0.0 2.833624932933438 655.0791147319975
7.9274000000000004 0.0 0.0 1.0 2.0 0.0 0.0 2.0 0.0 2.87012669123883 614.3579666719706
3.0241000000000007 1.0 0.0 1.0 1.0 0.0 0.0 1.0 17.07 3.211310929132047 257.78306142431705
-0.7155999999999996 4.0 2.0 2.0 0.0 0.0 0.0 0.0 108.73999999999998 4.935254936310331 264.6395178222046
3.847500000000003 1.0 1.0 3.0 1.0 0.0 0.0 1.0 29.1 2.8147696633159103 406.25182000908245
3.8601800000000015 1.0 1.0 1.0 2.0 0.0 0.0 2.0 39.58 2.653105341983149 537.7612169009802
1.3037800000000002 5.0 0.0 4.0 1.0 1.0 1.0 2.0 63.84 1.9190709671103665 419.12692355943756
3.7757000000000023 4.0 1.0 4.0 2.0 0.0 0.0 2.0 50.94 2.325045637565901 593.4613526947602
1.6046 5.0 2.0 9.0 1.0 1.0 1.0 2.0 95.94 2.0070366246242646 649.0319728454912
5.7294000000000045 5.0 0.0 7.0 3.0 0.0 0.0 3.0 48.42 1.8069588791251427 817.0861935598617
-0.8367999999999998 3.0 1.0 1.0 0.0 0.0 1.0 1.0 58.69 2.6401368393624063 163.5860425472368
6.5575 2.0 2.0 3.0 2.0 0.0 0.0 2.0 66.39999999999999 2.6115974662863986 868.3187759496616
-1.5000999999999993 6.0 3.0 3.0 0.0 0.0 0.0 0.0 163.10999999999996 6.40925320501957 439.7730537379757
0.293 3.0 1.0 4.0 0.0 0.0 0.0 0.0 55.4 3.7784759117745135 172.0344235629434
2.0892 5.0 0.0 4.0 1.0 0.0 0.0 1.0 52.6 2.848625561296051 389.3258818636123
1.1047 5.0 0.0 4.0 1.0 0.0 0.0 1.0 69.67000000000002 2.845282327965075 454.9299418941322
0.7708 6.0 0.0 4.0 1.0 0.0 0.0 1.0 86.74000000000001 2.8812771372867427 560.6510991673838
2.1919 2.0 1.0 3.0 1.0 0.0 0.0 1.0 46.53 2.742841851112674 311.4830532803017
3.9274000000000022 5.0 1.0 5.0 3.0 0.0 0.0 3.0 81.53999999999999 1.7364255860632796 883.3978671069485
2.492400000000001 4.0 1.0 4.0 3.0 0.0 0.0 3.0 50.94 2.128574290722194 759.326800407434
6.620600000000001 0.0 0.0 1.0 2.0 0.0 0.0 2.0 0.0 2.6515169744689673 554.0989383657761
-1.2699000000000005 4.0 3.0 4.0 0.0 0.0 0.0 0.0 139.95000000000002 0.0 189.887241290925
-0.9346999999999979 4.0 4.0 7.0 0.0 0.0 0.0 0.0 121.52000000000001 4.1314050048556465 317.4101859627742
1.0946 2.0 0.0 2.0 0.0 0.0 0.0 0.0 29.54 3.4588233430659896 93.05865002596164
5.192300000000004 6.0 0.0 8.0 2.0 0.0 0.0 2.0 53.35 2.1246822139760635 647.7924362052639
4.779200000000003 7.0 0.0 7.0 2.0 0.0 0.0 2.0 104.97 2.281830019641987 978.7377471522177
1.1564 3.0 1.0 6.0 0.0 0.0 0.0 0.0 38.69 3.5028846944766014 77.40635591286735
-0.8726999999999998 5.0 2.0 0.0 2.0 0.0 0.0 2.0 92.84 2.987333469167801 453.2950056993626
1.6500399999999997 4.0 0.0 4.0 1.0 1.0 1.0 2.0 59.080000000000005 2.4550407904661133 509.6552304137705
2.3917 2.0 1.0 6.0 1.0 0.0 0.0 1.0 41.99 2.195736743827031 284.9334103555799
-0.23399999999999976 5.0 3.0 5.0 1.0 1.0 1.0 2.0 106.94 2.463168297480705 588.8554199618068
4.980700000000004 3.0 1.0 2.0 1.0 2.0 2.0 3.0 49.410000000000004 1.6863879995249413 586.7610929462428
5.003300000000004 5.0 0.0 8.0 2.0 0.0 0.0 2.0 57.650000000000006 1.8999365712251137 730.1151369452534
0.5471199999999999 10.0 2.0 5.0 2.0 0.0 0.0 2.0 149.46999999999997 2.185035211397952 910.4696135150818
5.551820000000002 2.0 0.0 4.0 1.0 1.0 1.0 2.0 26.3 2.161739210762795 785.4755517428026
2.2910000000000004 1.0 0.0 5.0 0.0 0.0 0.0 0.0 20.310000000000002 4.12243352441181 111.80026905978025
4.585600000000005 5.0 1.0 6.0 0.0 1.0 3.0 3.0 72.83 1.7612771112578929 706.3275441224729
3.6629000000000023 4.0 1.0 6.0 2.0 0.0 0.0 2.0 50.94 2.3409479177908294 559.5515885260421
6.810600000000006 2.0 2.0 5.0 2.0 0.0 0.0 2.0 33.29 2.435098234253584 747.7056243636326
6.372000000000007 3.0 0.0 9.0 3.0 0.0 0.0 3.0 27.69 1.5545648691555884 854.4761380608963
1.6333000000000002 4.0 2.0 4.0 1.0 0.0 1.0 2.0 91.65 2.53096854541551 637.0510551284292
2.07272 4.0 1.0 3.0 1.0 0.0 1.0 2.0 67.75999999999999 2.550990471886427 634.4093015647204
3.1719000000000017 2.0 1.0 8.0 1.0 0.0 0.0 1.0 41.99 2.0509082896491506 311.258065344895
3.562000000000002 2.0 1.0 9.0 1.0 0.0 0.0 1.0 41.99 1.9957957501933388 324.52530324450765
3.9521000000000024 2.0 1.0 10.0 1.0 0.0 0.0 1.0 41.99 1.9493536257199746 337.8619866614546
4.342200000000004 2.0 1.0 11.0 1.0 0.0 0.0 1.0 41.99 1.9099486996749921 351.2674535278891
4.732300000000004 2.0 1.0 12.0 1.0 0.0 0.0 1.0 41.99 1.8762831762601104 364.7408925496078
2.6400000000000006 2.0 0.0 2.0 1.0 1.0 1.0 2.0 29.54 2.1293835575375892 417.2347167860316
1.3166199999999995 8.0 2.0 7.0 2.0 0.0 0.0 2.0 132.4 2.166338351122616 893.046273701929
1.008 5.0 2.0 0.0 1.0 0.0 1.0 2.0 78.07000000000001 2.671856045122249 408.12521826598567
2.916100000000001 5.0 1.0 4.0 2.0 0.0 0.0 2.0 60.17 2.255633017608437 534.5467010238787
4.069000000000003 3.0 2.0 4.0 3.0 0.0 0.0 3.0 62.22 1.9277432113827682 838.5003414341288
4.0218000000000025 5.0 1.0 7.0 2.0 0.0 0.0 2.0 73.59 2.271488099530214 682.544365262882
0.7938000000000001 2.0 1.0 4.0 0.0 0.0 0.0 0.0 29.46 2.919612641438553 39.79319390447952
6.662420000000005 2.0 0.0 5.0 2.0 1.0 1.0 3.0 26.3 1.704911755724789 932.8842878795632
5.144860000000005 5.0 0.0 6.0 3.0 0.0 0.0 3.0 61.190000000000005 1.9012431520257098 1102.235435583319
0.9319000000000001 9.0 2.0 7.0 2.0 0.0 0.0 2.0 145.81 2.12781901544844 956.4580994504172
4.511700000000001 2.0 2.0 2.0 2.0 0.0 0.0 2.0 58.2 2.1885067686289257 825.7595339075734
3.7698000000000027 8.0 0.0 9.0 1.0 0.0 0.0 1.0 71.44 2.669288541412365 598.9306006286
5.423200000000001 3.0 1.0 4.0 3.0 0.0 0.0 3.0 51.22 1.8607169250284963 1021.2009784094424
2.5050000000000003 1.0 1.0 1.0 0.0 0.0 0.0 0.0 37.3 4.2266192868964705 138.21884910034808
3.3366000000000025 4.0 1.0 3.0 2.0 0.0 0.0 2.0 50.94 2.4406459842592247 582.5812288159723
3.3366000000000025 4.0 1.0 3.0 2.0 0.0 0.0 2.0 50.94 2.4406459842592247 582.5812288159723
3.990000000000003 4.0 1.0 3.0 2.0 0.0 0.0 2.0 50.94 2.5177488169170528 645.4334956902823
4.681100000000004 5.0 0.0 8.0 1.0 0.0 0.0 1.0 38.77 2.965639937751805 521.8927658894296
1.8411999999999995 4.0 1.0 2.0 2.0 0.0 0.0 2.0 93.32999999999998 2.872654785547702 541.8887652577182
2.798400000000001 5.0 0.0 3.0 1.0 1.0 1.0 2.0 72.91 2.406863933926422 612.7376764418274
-0.6251000000000002 7.0 2.0 4.0 2.0 0.0 0.0 2.0 99.08 2.231043647338573 455.22879668985246
4.7078200000000034 2.0 1.0 4.0 2.0 0.0 0.0 2.0 38.33 2.05929391449834 644.2252779339522
3.7637000000000027 2.0 0.0 9.0 0.0 0.0 0.0 0.0 17.07 3.105082536306579 126.09315325521614
1.002 2.0 0.0 5.0 0.0 0.0 0.0 0.0 26.3 2.616293090417985 52.49022499567306
3.446600000000002 2.0 0.0 3.0 1.0 0.0 0.0 1.0 26.3 2.6321748000640026 336.8939251082797
1.9885 3.0 0.0 4.0 3.0 0.0 0.0 3.0 30.71 2.078200678591888 694.5768004074341
4.406200000000004 2.0 0.0 5.0 1.0 0.0 0.0 1.0 20.310000000000002 2.5298626911913886 364.01616778904935
1.9763999999999997 9.0 2.0 8.0 2.0 0.0 0.0 2.0 145.81 2.2625024655067234 1040.8291231621463
5.901900000000002 5.0 0.0 5.0 3.0 0.0 0.0 3.0 43.07 1.807338224092089 864.1092897397375
3.511720000000002 2.0 0.0 6.0 1.0 0.0 0.0 1.0 29.54 3.1259087963303815 432.153792738549
6.439600000000003 4.0 2.0 4.0 3.0 0.0 0.0 3.0 80.32000000000001 1.7387862768568596 1217.802595817716
3.440900000000002 4.0 1.0 6.0 1.0 0.0 0.0 1.0 56.790000000000006 2.7928047763131674 417.90703313914366
4.893100000000004 6.0 0.0 9.0 2.0 0.0 0.0 2.0 66.88000000000001 1.9233842126441774 814.4821746849315
3.9334000000000033 2.0 0.0 8.0 1.0 0.0 0.0 1.0 29.54 3.0947991300608138 463.428493989665
4.335100000000004 5.0 0.0 8.0 1.0 0.0 2.0 3.0 72.91 1.724040985464033 838.8725807118725
2.9716400000000016 3.0 0.0 5.0 1.0 0.0 0.0 1.0 29.54 3.1027723989979648 372.35738955049004
4.111900000000003 5.0 0.0 5.0 2.0 1.0 1.0 3.0 60.89 1.6043669261927567 748.8131085897071
4.2478200000000035 2.0 0.0 4.0 1.0 2.0 2.0 3.0 18.46 1.6926633278940546 495.94651892435473
2.9959000000000016 4.0 0.0 4.0 1.0 1.0 1.0 2.0 40.05 2.0822485465412894 469.83104579516976
2.2687000000000004 1.0 1.0 1.0 0.0 0.0 0.0 0.0 37.3 4.2266192868964705 138.21884910034808
2.2687000000000004 1.0 1.0 1.0 0.0 0.0 0.0 0.0 37.3 4.2266192868964705 138.21884910034808
-0.7533000000000001 5.0 1.0 3.0 0.0 0.0 0.0 0.0 106.50999999999999 4.2694747509505 140.9720530241966
3.237960000000002 4.0 1.0 3.0 2.0 0.0 0.0 2.0 50.17 2.2049454385090903 597.042681183157
-1.0501000000000005 4.0 2.0 0.0 2.0 0.0 0.0 2.0 83.53999999999999 3.09003752135226 532.2070408010901
2.916100000000001 5.0 1.0 4.0 2.0 0.0 0.0 2.0 60.17 2.255633017608437 534.5467010238787
0.984 2.0 1.0 5.0 0.0 0.0 0.0 0.0 37.3 3.0434925690412538 71.31640245632482
-0.2765000000000002 5.0 0.0 0.0 2.0 0.0 0.0 2.0 60.67 2.9331326895310896 476.0352248431261
1.22868 3.0 0.0 0.0 1.0 0.0 1.0 2.0 50.09 2.59177992749615 390.0052757475154
-0.4357 5.0 1.0 5.0 0.0 0.0 0.0 0.0 88.50999999999999 5.676923802661473 344.30321705122185
0.7955000000000001 4.0 2.0 2.0 1.0 0.0 0.0 1.0 72.55 3.330537498737434 309.4164369617753
-0.2551000000000002 6.0 0.0 3.0 1.0 0.0 0.0 1.0 109.57000000000002 3.35771253075613 467.0670566154368
-0.19231999999999988 4.0 3.0 7.0 0.0 0.0 0.0 0.0 110.42000000000002 3.849232061667088 246.21605924781636
-0.2720999999999999 4.0 2.0 3.0 0.0 1.0 1.0 1.0 92.34 3.047078993576686 328.0215071261701
0.7631999999999999 3.0 3.0 7.0 0.0 0.0 0.0 0.0 77.75999999999999 3.4951643559624266 146.55012792536493
2.89482 2.0 1.0 1.0 2.0 0.0 0.0 2.0 50.190000000000005 2.875721300705676 551.5243731611331
0.98898 3.0 2.0 6.0 0.0 0.0 0.0 0.0 73.12 3.9634978170458863 198.28160753856756
1.2501999999999998 5.0 1.0 2.0 2.0 0.0 0.0 2.0 71.79 2.6938365402816773 497.9915248566571
2.1989 2.0 1.0 3.0 0.0 1.0 1.0 1.0 46.53 2.4133409661412504 180.608879641505
1.8488 2.0 1.0 4.0 1.0 0.0 0.0 1.0 46.53 2.725185096108451 268.7581641533625
1.3475 4.0 0.0 2.0 1.0 1.0 1.0 2.0 77.28 2.2016295703686293 450.6537897094956
0.9446999999999998 4.0 4.0 4.0 2.0 0.0 0.0 2.0 98.66 2.0581957539999505 571.1365815063149
0.6671 3.0 1.0 2.0 0.0 1.0 1.0 1.0 66.48 3.0047464931176058 348.5766636881138
0.09639999999999987 3.0 1.0 3.0 0.0 0.0 0.0 0.0 46.53 3.583388067911339 108.87060032410331
2.8332000000000015 3.0 0.0 2.0 0.0 2.0 2.0 2.0 27.69 1.7481699866538731 175.3062531800184
2.594100000000001 4.0 0.0 7.0 0.0 0.0 0.0 0.0 44.760000000000005 3.7897315626710877 136.34180215676218
-1.6690999999999991 7.0 0.0 0.0 2.0 0.0 0.0 2.0 78.89 3.296071840867869 750.1539787521217
-0.13199999999999967 4.0 1.0 4.0 2.0 0.0 0.0 2.0 86.29999999999998 2.3825564269680686 694.0445574878144
6.488800000000005 0.0 0.0 3.0 4.0 0.0 0.0 4.0 0.0 2.1870603731122977 963.3137052800088
1.9671 1.0 1.0 2.0 0.0 0.0 0.0 0.0 37.3 3.9084966379068447 100.2114326716684
-0.08559999999999879 11.0 2.0 7.0 2.0 0.0 0.0 2.0 163.62999999999994 2.2476351858283263 965.8113916572061
0.3189000000000006 4.0 3.0 6.0 2.0 0.0 0.0 2.0 112.57 2.082155258859879 816.8479331533056
2.865400000000001 4.0 1.0 5.0 2.0 1.0 1.0 3.0 50.94 1.9486625438093583 565.3143788212283
0.42440000000000017 10.0 2.0 9.0 2.0 0.0 0.0 2.0 150.86 2.152678569891716 900.4958257897268
5.194400000000004 4.0 0.0 8.0 0.0 0.0 0.0 0.0 26.3 4.371665188108624 195.59906920529525
1.0301999999999998 2.0 1.0 3.0 0.0 1.0 1.0 1.0 46.53 2.0664853449426195 116.0196268605625
3.8389000000000033 6.0 0.0 6.0 1.0 0.0 0.0 1.0 53.47 2.8682466610517277 471.49976697015273
5.241500000000005 4.0 0.0 3.0 2.0 0.0 0.0 2.0 34.89 2.155488071859842 767.924514047756
4.145540000000003 3.0 0.0 5.0 2.0 0.0 0.0 2.0 29.54 2.4230733659323462 618.7072558836003
3.934000000000003 3.0 1.0 3.0 2.0 0.0 1.0 3.0 38.33 2.0174520616059457 797.4112140517698
4.184500000000003 2.0 2.0 14.0 0.0 0.0 0.0 0.0 49.33 3.044723507177709 217.03554357511405
1.1659 4.0 0.0 3.0 1.0 1.0 1.0 2.0 60.440000000000005 2.4543346347887156 500.04591713731946
1.1068999999999998 2.0 1.0 7.0 0.0 0.0 0.0 0.0 49.410000000000004 4.317682912977611 279.99259468635216
5.242900000000003 5.0 0.0 5.0 1.0 0.0 0.0 1.0 47.03 4.054004920713053 674.8660539581201
0.1288999999999999 5.0 1.0 1.0 1.0 0.0 0.0 1.0 61.03 2.8375414305653277 174.79139338038127
0.519 5.0 1.0 2.0 1.0 0.0 0.0 1.0 61.03 2.613882432121332 187.69335773433454
0.7776999999999998 4.0 2.0 3.0 0.0 0.0 0.0 0.0 26.3 3.161595073135587 94.95878455585176
1.6081999999999999 1.0 1.0 4.0 0.0 0.0 0.0 0.0 43.09 3.7443926716234492 138.19301755138517
0.5188999999999999 5.0 1.0 2.0 2.0 0.0 0.0 2.0 80.66000000000001 2.1164219931177755 444.57458750620503
3.9890000000000034 3.0 0.0 9.0 1.0 0.0 0.0 1.0 39.19 1.9957957501933388 324.52530324450765
3.831500000000003 5.0 0.0 6.0 0.0 1.0 1.0 1.0 46.61 2.7817163169493373 300.47868520225484
1.51172 6.0 1.0 3.0 3.0 0.0 0.0 3.0 89.25 2.045435299533405 950.5571106956235
0.8273199999999998 5.0 1.0 2.0 2.0 0.0 0.0 2.0 80.66000000000001 2.1419420556775632 499.5723925694515
1.8645000000000003 5.0 0.0 3.0 1.0 1.0 1.0 2.0 85.35 2.400758783594129 719.731304042031
2.0003 4.0 0.0 1.0 1.0 0.0 1.0 2.0 69.44 2.6033038541611435 464.49023461799874
2.2163000000000004 4.0 0.0 2.0 1.0 0.0 1.0 2.0 69.44 2.49819107238015 441.0485707542533
0.2022 2.0 1.0 2.0 0.0 0.0 0.0 0.0 37.3 3.3299765979747935 59.10049400592805
1.6438199999999998 3.0 1.0 0.0 2.0 0.0 0.0 2.0 46.010000000000005 2.9433728520613918 384.5480911891211
0.031919999999999615 5.0 0.0 0.0 2.0 0.0 0.0 2.0 60.67 3.0225394793174987 517.02322051618
-1.5322999999999993 3.0 3.0 2.0 0.0 1.0 1.0 1.0 98.21000000000001 2.511165392422712 184.82816927212826
2.8831000000000007 4.0 2.0 2.0 0.0 1.0 1.0 1.0 65.18 2.7821772821001063 282.3125088465167
2.2879000000000005 3.0 1.0 2.0 2.0 0.0 0.0 2.0 46.010000000000005 2.6808005777839266 453.9818497253538
0.2628000000000008 2.0 1.0 3.0 2.0 0.0 0.0 2.0 67.77000000000001 2.473003984725982 516.8264503510019
3.208800000000002 3.0 0.0 7.0 1.0 0.0 0.0 1.0 39.19 2.116728158652159 298.0607206259411
4.4059000000000035 6.0 0.0 6.0 3.0 0.0 0.0 3.0 70.54 1.6714281501040393 915.0611129403958
0.17769999999999953 11.0 2.0 6.0 2.0 0.0 0.0 2.0 163.62999999999994 2.308759093306625 1000.3748774462955
2.5919000000000008 3.0 1.0 3.0 2.0 0.0 0.0 2.0 51.22 2.572870219143712 552.1108014996008
4.561200000000004 5.0 0.0 15.0 0.0 0.0 0.0 0.0 53.99000000000001 3.9265499722085613 233.71876200324024
6.451580000000004 6.0 0.0 8.0 2.0 1.0 1.0 3.0 85.62000000000002 1.653722062896552 1219.170311741505
0.5099199999999997 9.0 1.0 5.0 2.0 0.0 0.0 2.0 140.68 2.319495171563986 978.4128342327296
1.8738000000000001 1.0 1.0 3.0 0.0 0.0 0.0 0.0 37.3 3.8545806196804024 112.38037532843026
-0.2551 6.0 0.0 3.0 1.0 0.0 0.0 1.0 109.57000000000002 3.376107722718309 467.0670566154368
3.6906000000000017 3.0 3.0 17.0 0.0 0.0 0.0 0.0 75.35 2.946230137734625 222.83564755572078
3.2344000000000017 6.0 0.0 9.0 2.0 0.0 0.0 2.0 77.57000000000001 2.1404294524849488 664.5722452962036
0.42839999999999984 5.0 0.0 1.0 2.0 0.0 0.0 2.0 60.790000000000006 2.673996462761564 403.2834383297276
-0.2765000000000004 5.0 0.0 0.0 2.0 0.0 0.0 2.0 60.67 3.005244075626373 476.0352248431261
1.3177999999999999 2.0 2.0 4.0 0.0 0.0 0.0 0.0 72.19 4.090497552075815 221.65459135746892
1.6485999999999998 1.0 0.0 2.0 0.0 0.0 0.0 0.0 9.23 3.1442082073698243 45.34481288877288
2.1367000000000003 4.0 0.0 2.0 1.0 0.0 1.0 2.0 44.760000000000005 2.711829829027142 427.9208318981759
1.2501999999999998 5.0 1.0 2.0 2.0 0.0 0.0 2.0 71.79 2.751964000699383 497.9915248566571
4.5775000000000015 5.0 0.0 3.0 2.0 0.0 0.0 2.0 57.01 2.6031730572485574 711.272670389812
1.9281 4.0 0.0 2.0 1.0 0.0 3.0 4.0 66.92 1.7924776200008858 900.2021902533179
3.3122000000000016 2.0 2.0 7.0 2.0 0.0 0.0 2.0 74.6 2.5015920620318117 595.1514364788027
1.3793199999999999 4.0 2.0 3.0 1.0 0.0 1.0 2.0 91.65 2.5397540264821434 622.0901853583583
2.1395999999999997 3.0 1.0 2.0 2.0 0.0 0.0 2.0 59.67 2.78468302160178 483.8276972429591
4.599400000000004 8.0 0.0 9.0 2.0 0.0 0.0 2.0 109.49000000000001 2.407004970799821 1028.4662881181757
6.564900000000007 2.0 0.0 9.0 3.0 0.0 0.0 3.0 18.46 1.596548007804887 907.8662974742949
3.6101000000000028 5.0 0.0 6.0 2.0 0.0 0.0 2.0 57.650000000000006 1.975448227151938 758.176126110126
4.379140000000004 5.0 1.0 10.0 2.0 0.0 0.0 2.0 56.27 1.8874505779379658 722.4427486211525
1.6697000000000002 2.0 2.0 5.0 1.0 0.0 0.0 1.0 66.4 2.4259171535978323 361.7864391863981
1.3888199999999997 3.0 1.0 1.0 1.0 0.0 0.0 1.0 71.82 3.149046838597538 269.4664619910999
0.5893999999999995 3.0 1.0 3.0 1.0 0.0 0.0 1.0 55.4 2.4770888710720005 321.3988126104432
1.3696 3.0 1.0 5.0 1.0 0.0 0.0 1.0 55.4 2.332341837261134 348.54132242058023
1.7581 3.0 1.0 3.0 1.0 0.0 0.0 1.0 55.4 2.418285283136562 392.8756437557802
-0.5550999999999997 4.0 2.0 5.0 1.0 0.0 0.0 1.0 98.49000000000001 2.336451851293272 416.73942441782106
0.9315999999999999 3.0 0.0 3.0 1.0 0.0 0.0 1.0 46.61 2.475823837439312 346.11048355835163
2.492000000000001 3.0 0.0 7.0 1.0 0.0 0.0 1.0 46.61 2.463454822910587 397.1115306159859
3.2722000000000024 3.0 0.0 9.0 1.0 0.0 0.0 1.0 46.61 2.462570755217296 422.92117784826087
2.044 3.0 0.0 7.0 1.0 0.0 0.0 1.0 46.61 2.5066167976050346 443.7183079562084
0.3864 4.0 1.0 5.0 1.0 0.0 0.0 1.0 83.91 2.4358372724104784 443.04080891735794
1.8559 3.0 0.0 3.0 1.0 1.0 1.0 2.0 46.61000000000001 1.8036784842806 410.30709753656726
0.7022000000000002 4.0 0.0 3.0 1.0 1.0 1.0 2.0 55.84 1.8036784842806 412.259237611703
-0.40440000000000015 2.0 2.0 4.0 0.0 0.0 0.0 0.0 66.4 3.6685691630376707 112.77073485399343
3.3415000000000017 4.0 1.0 5.0 2.0 0.0 0.0 2.0 50.94 2.1082293986814724 560.2080667316358
0.4184000000000002 4.0 2.0 4.0 1.0 0.0 0.0 1.0 80.39 2.791184180966809 385.5523482013285
0.8085000000000002 4.0 2.0 5.0 1.0 0.0 0.0 1.0 80.39 2.648689461432445 399.87056283839553
1.5887000000000002 4.0 2.0 7.0 1.0 0.0 0.0 1.0 80.39 2.4109714520866254 428.5346948664055
-0.5622000000000003 4.0 4.0 5.0 0.0 0.0 0.0 0.0 115.06 4.322414967282523 216.21605924781636
2.526200000000001 3.0 1.0 5.0 1.0 0.0 0.0 1.0 51.8 3.068763640782441 320.8884248692657
2.603700000000001 4.0 3.0 4.0 2.0 0.0 0.0 2.0 103.68 2.0951283656645523 803.8665051436037
2.6446000000000005 3.0 1.0 2.0 2.0 0.0 1.0 3.0 63.6 2.1539884027739338 675.3507213541043
5.357800000000005 1.0 1.0 0.0 0.0 1.0 1.0 1.0 29.1 2.102048618535495 205.45811190640114
4.798400000000004 8.0 0.0 9.0 3.0 0.0 0.0 3.0 92.13000000000001 1.5068650772429886 1068.4343643117886
5.026820000000005 7.0 0.0 7.0 3.0 0.0 0.0 3.0 74.94 1.6089716214904664 1048.9236180110568
7.297300000000005 3.0 0.0 9.0 3.0 0.0 0.0 3.0 27.69 1.553677539900025 938.6697946724549
1.7605 7.0 0.0 4.0 1.0 0.0 0.0 1.0 77.32 3.017992304961193 519.9763158000324
3.9257000000000026 2.0 1.0 2.0 2.0 0.0 0.0 2.0 49.410000000000004 2.244270660640442 691.2115667431057
4.451540000000004 2.0 1.0 3.0 2.0 0.0 0.0 2.0 49.410000000000004 2.290346313235774 781.6322273628833
2.6526000000000005 2.0 2.0 3.0 1.0 1.0 1.0 2.0 66.39999999999999 2.0215373187115144 489.60492940664875
4.125400000000002 5.0 1.0 5.0 3.0 0.0 0.0 3.0 81.78999999999999 1.7268298835286473 843.3028096681961
1.2173000000000003 5.0 2.0 5.0 1.0 0.0 1.0 2.0 100.88 2.493170855123481 654.1876868286639
4.025880000000003 4.0 0.0 6.0 3.0 0.0 0.0 3.0 54.5 1.8864499085311184 806.8329428460596
0.9579 2.0 0.0 1.0 0.0 1.0 1.0 1.0 26.3 2.399111469468693 109.09616281328596
1.0757 3.0 0.0 3.0 1.0 1.0 1.0 2.0 46.61000000000001 1.8148837764604118 384.51016324967884
2.2460000000000004 3.0 0.0 3.0 1.0 1.0 1.0 2.0 46.61000000000001 1.8102616410537506 422.27664409246285
0.8266999999999998 4.0 1.0 3.0 1.0 1.0 1.0 2.0 66.84 1.790024294946404 438.0190032211086
0.9189999999999998 4.0 1.0 4.0 1.0 1.0 1.0 2.0 83.91 1.8922587767594357 513.5553649436607
1.0073999999999992 5.0 0.0 4.0 1.0 1.0 1.0 2.0 72.91 1.8966651248931015 528.1253314121191
1.3216999999999999 3.0 0.0 4.0 1.0 0.0 0.0 1.0 46.61 2.3434834232557202 359.7864391863982
1.7117999999999998 3.0 0.0 5.0 1.0 0.0 0.0 1.0 46.61 2.2384022760037863 373.51078163404424
0.8482999999999998 4.0 0.0 3.0 1.0 0.0 0.0 1.0 63.68 2.4956690764140865 427.391586065928
1.3679999999999997 3.0 1.0 4.0 1.0 0.0 0.0 1.0 55.4 2.3909218659614915 359.7864391863982
1.7596999999999998 3.0 1.0 6.0 1.0 0.0 0.0 1.0 55.4 2.264526480530372 362.18714116047363
2.539900000000001 3.0 1.0 8.0 1.0 0.0 0.0 1.0 55.4 2.1454943955050303 389.6369770796329
-0.1666000000000002 4.0 2.0 5.0 1.0 0.0 0.0 1.0 98.49000000000001 2.395000282404399 444.6504493917948
3.664200000000003 4.0 0.0 3.0 2.0 1.0 1.0 3.0 39.94 2.0115531392586874 607.668666316774
5.383700000000002 4.0 2.0 6.0 2.0 0.0 0.0 2.0 76.66 2.051955216550021 998.2813427657023
1.3944 1.0 1.0 3.0 0.0 0.0 0.0 0.0 12.03 2.8318199660707846 35.161259458730164
0.9985999999999997 3.0 3.0 7.0 1.0 0.0 0.0 1.0 92.41999999999999 2.5545064679862284 392.48264694846
2.7951000000000015 8.0 0.0 4.0 2.0 0.0 1.0 3.0 65.59 2.0012436268546563 935.0784048574063
-3.4008 6.0 6.0 5.0 0.0 0.0 0.0 0.0 155.52 4.4503778597717565 201.87139393909504
4.516500000000003 5.0 0.0 5.0 1.0 0.0 1.0 2.0 51.55 2.9453068933352435 732.3307796367011
4.066300000000004 3.0 0.0 5.0 0.0 2.0 2.0 2.0 21.700000000000003 1.8231993666222532 315.6702408480654
0.8351999999999999 4.0 2.0 3.0 1.0 0.0 0.0 1.0 83.6 3.0373108455333924 323.920107283953
1.5002 3.0 1.0 0.0 1.0 0.0 1.0 2.0 52.32 2.604804794929284 346.38181389737264
4.877400000000002 2.0 0.0 4.0 1.0 1.0 1.0 2.0 26.3 2.112361522606635 658.2947166196597
1.6351 5.0 1.0 4.0 2.0 0.0 0.0 2.0 86.46000000000001 2.3071671962460876 701.5855433049934
1.3321000000000005 5.0 2.0 3.0 2.0 0.0 0.0 2.0 97.46000000000001 2.3513857125213105 686.0882215882882
1.1665999999999999 5.0 1.0 4.0 2.0 0.0 0.0 2.0 99.6 2.3071671962460876 699.9759028305566
1.9349199999999998 4.0 1.0 3.0 2.0 0.0 0.0 2.0 77.23 2.3513857125213105 684.3675318824812
4.400800000000002 5.0 1.0 7.0 3.0 0.0 0.0 3.0 83.03 1.9202938365311017 1086.6473423006632
3.863400000000003 3.0 1.0 4.0 2.0 0.0 0.0 2.0 46.92 2.06345948891462 696.2921568198693
4.565000000000004 7.0 0.0 7.0 3.0 1.0 1.0 4.0 79.77000000000001 1.3177355472831163 1021.7165578781726
4.279179999999999 5.0 1.0 2.0 2.0 0.0 0.0 2.0 84.69999999999999 2.745101436315436 923.9031183120674
-1.0717999999999985 13.0 2.0 6.0 3.0 0.0 0.0 3.0 180.93 1.8532770290801959 1132.4492605421594
1.8518999999999999 5.0 1.0 6.0 1.0 0.0 0.0 1.0 71.30000000000001 2.8301187124217244 433.17428249211395
4.5488000000000035 3.0 0.0 4.0 3.0 0.0 0.0 3.0 35.010000000000005 1.6484554106773637 783.3458891954439
0.4602999999999998 4.0 3.0 5.0 1.0 0.0 0.0 1.0 61.72 2.43405983059297 260.57455023665017
2.7193000000000014 3.0 0.0 2.0 1.0 1.0 1.0 2.0 42.68 2.1759549794168977 402.8588593093177
4.600280000000004 5.0 0.0 8.0 2.0 0.0 0.0 2.0 68.55000000000001 1.9358290554813458 783.3884575684514
1.3052999999999997 9.0 2.0 5.0 3.0 0.0 0.0 3.0 136.81 1.8577205349934478 1094.1334223986282
-1.3299999999999996 3.0 3.0 5.0 0.0 0.0 0.0 0.0 109.49000000000001 4.177958096857241 230.67414136612274
0.19279999999999942 10.0 2.0 7.0 2.0 0.0 0.0 2.0 166.53999999999996 2.30118954850458 1064.759044747619
0.8166 4.0 1.0 2.0 1.0 0.0 1.0 2.0 69.95 2.0742229670406047 439.78242795117654
0.7363999999999999 2.0 1.0 4.0 0.0 0.0 0.0 0.0 37.3 2.814002148389726 59.54887502163469
0.244 6.0 0.0 5.0 1.0 0.0 0.0 1.0 84.89000000000001 3.436703793728783 465.8805941435619
5.473000000000002 2.0 0.0 2.0 3.0 0.0 0.0 3.0 22.12 2.09445289144513 774.675566551701
3.3415000000000017 4.0 1.0 4.0 2.0 1.0 1.0 3.0 50.94 1.8384939611278148 623.8634243149781
3.587500000000002 4.0 1.0 5.0 2.0 1.0 1.0 3.0 50.94 1.8336116234672504 626.226071969563
2.3460600000000005 6.0 0.0 4.0 2.0 0.0 0.0 2.0 85.16 2.479849022999368 844.1928380699638
1.9067999999999998 2.0 2.0 2.0 1.0 0.0 0.0 1.0 49.33 2.642679711394538 314.20156003747087
0.5112800000000002 3.0 2.0 3.0 0.0 0.0 0.0 0.0 95.97999999999999 4.666440209480426 250.60497894617112
1.3377999999999997 9.0 2.0 8.0 2.0 0.0 0.0 2.0 137.97 2.0854976198157766 882.5384849157397
3.2430200000000022 6.0 0.0 6.0 2.0 0.0 0.0 2.0 66.12 2.47619464971367 882.9971680737195
2.1465000000000005 4.0 1.0 3.0 2.0 0.0 0.0 2.0 72.19 2.706695791791702 677.2779518203245
3.3245000000000022 4.0 1.0 2.0 2.0 1.0 1.0 3.0 50.94 2.0237333970448037 555.0074197006008
4.0763000000000025 6.0 0.0 7.0 2.0 0.0 0.0 2.0 62.58 2.3797352971679544 814.6745642392357
6.146220000000002 4.0 1.0 3.0 2.0 0.0 0.0 2.0 51.22 2.3347513861930613 827.1305147863728
2.87488 3.0 1.0 1.0 2.0 0.0 1.0 3.0 58.04 2.174022074141394 658.3372887633639
4.700000000000004 5.0 1.0 5.0 3.0 1.0 1.0 4.0 67.87 1.5286490212529467 990.0649308780223
4.093180000000004 8.0 0.0 7.0 3.0 0.0 0.0 3.0 103.56 1.896982693275962 1121.50591195524
2.5754 4.0 1.0 5.0 2.0 0.0 0.0 2.0 59.92 2.400038917044154 638.9801654361156
2.1945000000000006 5.0 0.0 1.0 2.0 0.0 0.0 2.0 42.85 2.673253366445296 452.09568206815914
2.06628 3.0 0.0 2.0 1.0 0.0 0.0 1.0 52.28 2.6689213373040763 390.8785697756128
3.4444000000000026 6.0 0.0 5.0 1.0 0.0 1.0 2.0 68.2 2.472251778817379 692.6550255861107
1.1986 4.0 2.0 6.0 1.0 0.0 0.0 1.0 80.39 2.5215958051689435 414.1952118201256
0.25889999999999974 3.0 2.0 4.0 1.0 0.0 0.0 1.0 80.39 2.791184180966809 383.0230231883477
0.6489999999999998 3.0 2.0 5.0 1.0 0.0 0.0 1.0 80.39 2.648689461432445 397.1806069025027
1.0391 3.0 2.0 6.0 1.0 0.0 0.0 1.0 80.39 2.5215958051689435 411.36074496398896
1.3957199999999996 9.0 3.0 7.0 2.0 0.0 0.0 2.0 163.71000000000004 2.2922340715056473 1139.5691803099892
2.4431000000000003 9.0 0.0 7.0 2.0 0.0 0.0 2.0 101.36 2.5436864954113725 799.890665924346
3.412300000000001 6.0 0.0 2.0 4.0 0.0 0.0 4.0 65.6 2.1498317272062275 1157.3641249838984
1.5648999999999997 8.0 3.0 8.0 2.0 1.0 1.0 3.0 148.61 1.7010276162774025 1016.1090381188418
0.6879 5.0 1.0 3.0 1.0 0.0 1.0 2.0 83.66 2.011084008323884 447.2043646861617
2.5575200000000002 8.0 1.0 5.0 3.0 0.0 0.0 3.0 107.71000000000001 2.094464056289544 1100.4004691207454
3.205300000000002 5.0 0.0 4.0 2.0 1.0 1.0 3.0 77.24 2.129294423184917 911.0406501389996
0.4454999999999994 11.0 2.0 7.0 3.0 0.0 0.0 3.0 170.94999999999993 1.9885891700550204 1329.7842676964742
3.5164000000000026 5.0 0.0 5.0 2.0 0.0 0.0 2.0 55.32000000000001 2.058570766747449 700.7902713757101
3.097520000000002 5.0 0.0 6.0 2.0 0.0 0.0 2.0 57.120000000000005 2.282849710274351 709.6727028192348
1.1594399999999998 8.0 2.0 5.0 2.0 1.0 1.0 3.0 136.57999999999998 1.7647358310479642 999.807716059585
1.47432 4.0 0.0 3.0 1.0 1.0 1.0 2.0 60.440000000000005 2.4423783167319404 538.3732902433615
1.8644200000000002 4.0 0.0 4.0 1.0 1.0 1.0 2.0 60.440000000000005 2.3735826315502537 553.1589699483147
2.2529200000000005 4.0 0.0 4.0 1.0 1.0 1.0 2.0 60.440000000000005 2.3428944477047167 580.3769087225294
1.8193000000000001 4.0 0.0 3.0 1.0 1.0 1.0 2.0 60.440000000000005 2.4423783167319404 543.339092447005
2.597900000000001 4.0 0.0 4.0 1.0 1.0 1.0 2.0 60.440000000000005 2.3428944477047167 585.5741612955017
2.9880000000000013 4.0 0.0 3.0 1.0 1.0 1.0 2.0 60.440000000000005 2.340104013926084 622.1329041177478
1.9284000000000001 4.0 0.0 3.0 1.0 1.0 1.0 2.0 60.440000000000005 2.4423783167319404 543.339092447005
1.0741 6.0 0.0 4.0 1.0 1.0 1.0 2.0 103.58000000000001 2.407666236016471 629.6541860792248
1.8527 6.0 0.0 5.0 1.0 1.0 1.0 2.0 103.58000000000001 2.3357461355584728 673.1179655758745
1.8944999999999996 6.0 2.0 3.0 3.0 2.0 2.0 5.0 101.44999999999999 1.7617670554909077 1280.507328661338
1.9028999999999996 9.0 1.0 6.0 3.0 0.0 0.0 3.0 124.77999999999999 2.078252129036927 1167.0831565023743
3.8237000000000023 4.0 2.0 5.0 2.0 0.0 0.0 2.0 59.59 2.1646344929392645 627.056106258676
5.1791000000000045 3.0 0.0 4.0 2.0 0.0 1.0 3.0 30.82 1.983111469624748 820.1401011720491
2.7051000000000007 6.0 0.0 3.0 2.0 1.0 1.0 3.0 73.02000000000001 1.908029207314639 778.7701136569214
2.2428 6.0 0.0 5.0 1.0 1.0 1.0 2.0 103.58000000000001 2.3875542944785133 688.548176647174
3.0230000000000015 6.0 0.0 5.0 1.0 1.0 1.0 2.0 103.58000000000001 2.4704064547478137 717.4394600620645
3.4131000000000027 6.0 0.0 5.0 1.0 1.0 1.0 2.0 103.58000000000001 2.5016131085612305 730.9065065437735
2.3185000000000002 4.0 0.0 3.0 1.0 1.0 1.0 2.0 60.440000000000005 2.473319254444972 558.245136275495
2.7086000000000015 4.0 0.0 3.0 1.0 1.0 1.0 2.0 60.440000000000005 2.5209528107955 571.1657096000401
3.098700000000002 4.0 0.0 3.0 1.0 1.0 1.0 2.0 60.440000000000005 2.517820343772144 586.1048478648485
2.2094000000000005 4.0 0.0 3.0 1.0 1.0 1.0 2.0 60.440000000000005 2.473319254444972 558.245136275495
3.3781000000000025 4.0 0.0 4.0 1.0 1.0 1.0 2.0 60.440000000000005 2.459624736404449 613.5786321013243
2.2545200000000003 4.0 0.0 4.0 1.0 1.0 1.0 2.0 60.440000000000005 2.418693152813608 567.9684570270679
1.556 4.0 0.0 3.0 1.0 1.0 1.0 2.0 60.440000000000005 2.483522407832477 514.6964273884377
1.9461 4.0 0.0 3.0 1.0 1.0 1.0 2.0 60.440000000000005 2.531373350989 527.3694886361656
7.3904800000000055 5.0 0.0 9.0 3.0 0.0 0.0 3.0 68.55000000000001 1.755229281053558 1144.7122520933972
4.206160000000003 3.0 1.0 3.0 2.0 0.0 0.0 2.0 58.64 2.3785529423187843 846.0969911888998
5.226100000000002 4.0 0.0 3.0 2.0 0.0 0.0 2.0 44.12 2.631551496932057 833.9144537431107
0.9296000000000002 4.0 1.0 5.0 1.0 0.0 0.0 1.0 68.53999999999999 2.8129471759735707 353.50911008868655
2.2984 0.0 0.0 1.0 0.0 0.0 0.0 0.0 0.0 2.9934972434784735 21.019550008653873
2.442500000000001 0.0 0.0 2.0 0.0 0.0 0.0 0.0 0.0 2.7541847860376616 19.219280948873624
2.1965000000000003 0.0 0.0 0.0 0.0 1.0 1.0 1.0 0.0 2.184105569636068 33.30296890880646
3.3668000000000022 0.0 0.0 5.0 0.0 0.0 0.0 0.0 0.0 2.53006045688352 25.019550008653873
2.976700000000002 0.0 0.0 4.0 0.0 0.0 0.0 0.0 0.0 2.447472887876344 19.219280948873624
3.120800000000002 0.0 0.0 0.0 0.0 1.0 1.0 1.0 0.0 2.0 24.0
2.0524 0.0 0.0 0.0 0.0 0.0 0.0 0.0 0.0 3.0237157840738176 15.509775004326936
5.737200000000003 0.0 0.0 0.0 5.0 0.0 0.0 5.0 0.0 2.230840176230173 1069.7218869027129
6.299400000000003 0.0 0.0 0.0 5.0 0.0 0.0 5.0 0.0 2.0194254860819045 1070.7978172121288
5.553220000000004 0.0 0.0 0.0 4.0 0.0 1.0 5.0 0.0 2.0795209519930205 1038.130433495046
5.146200000000003 0.0 0.0 0.0 4.0 0.0 0.0 4.0 0.0 2.268265813130303 866.2526221384028
3.993000000000002 0.0 0.0 0.0 3.0 0.0 0.0 3.0 0.0 2.610318687415942 539.0090985891403
4.054500000000002 1.0 0.0 0.0 3.0 0.0 0.0 3.0 0.0 2.642438259907001 512.8841359099093
6.3282000000000025 0.0 0.0 0.0 6.0 0.0 0.0 6.0 0.0 2.2122779296696886 1193.645129820059
3.3236000000000017 0.0 0.0 0.0 2.0 0.0 1.0 3.0 0.0 2.642726571078704 437.6123343735664
6.299400000000003 0.0 0.0 0.0 5.0 0.0 0.0 5.0 0.0 2.174067242281771 1072.2978172121288
5.146200000000003 0.0 0.0 0.0 4.0 0.0 0.0 4.0 0.0 2.463012369730741 651.5360736465454
5.146200000000003 0.0 0.0 0.0 4.0 0.0 0.0 4.0 0.0 2.3076388675027784 797.2526221384024
6.299400000000003 0.0 0.0 0.0 5.0 0.0 0.0 5.0 0.0 2.0509694788679025 1075.2978172121286
4.411000000000002 0.0 0.0 0.0 3.0 0.0 1.0 4.0 0.0 2.0742919717753603 722.9398740759323
3.901200000000002 2.0 0.0 1.0 3.0 0.0 0.0 3.0 43.14 2.606456150492522 680.4562652641642
4.301420000000002 0.0 0.0 0.0 3.0 0.0 0.0 3.0 0.0 2.474936442179002 635.6567221133737
4.609840000000004 0.0 0.0 0.0 3.0 0.0 0.0 3.0 0.0 2.6661476433549485 560.9984465766782
4.301420000000003 0.0 0.0 0.0 3.0 0.0 0.0 3.0 0.0 2.604862793652033 635.6567221133737
3.566220000000002 0.0 0.0 0.0 2.0 0.0 1.0 3.0 0.0 2.3250739440427637 495.14153898843506
4.301420000000003 0.0 0.0 0.0 3.0 0.0 0.0 3.0 0.0 2.5458785187157504 635.6567221133736
4.555400000000003 0.0 0.0 1.0 3.0 0.0 0.0 3.0 0.0 2.373058986818038 650.3073637557608
2.9841000000000015 0.0 0.0 0.0 1.0 0.0 0.0 1.0 0.0 2.9660431785816628 191.0283370413565
2.8100000000000014 0.0 0.0 1.0 1.0 0.0 0.0 1.0 0.0 2.848234050597751 162.65300142116237
3.4718000000000018 0.0 0.0 3.0 2.0 0.0 0.0 2.0 0.0 1.9574758959875327 322.26859780947655
2.639100000000001 0.0 0.0 2.0 1.0 0.0 0.0 1.0 0.0 2.61489994009295 152.9490957526401
3.0292000000000012 0.0 0.0 3.0 1.0 0.0 0.0 1.0 0.0 2.4265223465879537 164.65300142116237
2.811400000000001 0.0 0.0 2.0 1.0 0.0 0.0 1.0 0.0 2.964000093923802 177.94821324529926
2.811400000000001 0.0 0.0 2.0 1.0 0.0 0.0 1.0 0.0 2.8711457287957725 181.69821324529929
2.611860000000001 0.0 0.0 0.0 1.0 0.0 0.0 1.0 0.0 3.2478347337367026 191.0283370413565
1.6679000000000002 0.0 0.0 0.0 1.0 0.0 0.0 1.0 0.0 3.049388908161901 191.0283370413565
3.4193000000000024 0.0 0.0 4.0 1.0 0.0 0.0 1.0 0.0 2.2758012873675093 176.48961548078339
2.8851000000000013 0.0 0.0 2.0 1.0 0.0 0.0 1.0 0.0 2.5872871851548136 174.4896154807834
2.5574200000000005 0.0 0.0 1.0 1.0 0.0 0.0 1.0 0.0 3.0065240073265844 188.98472797861993
3.9704400000000026 0.0 0.0 1.0 2.0 0.0 0.0 2.0 0.0 2.396509039726096 363.29622783799783
2.5574200000000005 0.0 0.0 1.0 1.0 0.0 0.0 1.0 0.0 2.881555877646136 171.73472797861993
3.2287000000000017 0.0 0.0 0.0 1.0 0.0 0.0 1.0 0.0 3.4555464838177836 256.3300514214521
3.809400000000003 0.0 0.0 5.0 1.0 0.0 0.0 1.0 0.0 2.157795777203053 188.45310074746274
4.589600000000004 0.0 0.0 7.0 1.0 0.0 0.0 1.0 0.0 1.992370638117442 212.73973650167846
4.8618 2.0 0.0 1.0 1.0 0.0 0.0 1.0 43.14 3.682463305848331 390.1682702160744
3.5550000000000006 2.0 0.0 1.0 1.0 0.0 0.0 1.0 43.14 3.3258841466405995 339.81023714834686
2.6484200000000007 0.0 0.0 0.0 1.0 0.0 0.0 1.0 0.0 3.134861511345448 160.49662946459569
3.2116000000000007 0.0 0.0 0.0 1.0 0.0 0.0 1.0 0.0 3.0324555320336755 145.38833891467198
2.7575200000000013 0.0 0.0 0.0 1.0 0.0 0.0 1.0 0.0 3.0324555320336755 143.24662946459569
3.102500000000001 0.0 0.0 0.0 1.0 0.0 0.0 1.0 0.0 3.0324555320336755 147.38833891467198
3.2116000000000007 0.0 0.0 0.0 1.0 0.0 0.0 1.0 0.0 3.077660437970554 166.38833891467198
3.102500000000001 0.0 0.0 0.0 1.0 0.0 0.0 1.0 0.0 3.077660437970554 168.38833891467198
4.2084 2.0 0.0 1.0 1.0 0.0 0.0 1.0 43.14 3.5551420285916264 353.137268020069
2.5645000000000007 0.0 0.0 1.0 1.0 0.0 0.0 1.0 0.0 2.8815558776461354 180.61256853719752
1.9647999999999999 0.0 0.0 0.0 1.0 0.0 0.0 1.0 0.0 3.0324555320336755 145.38833891467198
3.2116000000000007 0.0 0.0 0.0 1.0 0.0 0.0 1.0 0.0 3.134861511345448 162.63833891467198
2.7575200000000013 0.0 0.0 0.0 1.0 0.0 0.0 1.0 0.0 3.077660437970554 164.24662946459569
2.4791000000000007 0.0 0.0 0.0 1.0 0.0 0.0 1.0 0.0 3.077660437970554 168.38833891467198
4.3002 0.0 0.0 0.0 1.0 0.0 0.0 1.0 0.0 3.3421538077705124 229.16988337222986
4.2084 2.0 0.0 1.0 1.0 0.0 0.0 1.0 43.14 3.4973813605379935 379.387268020069
2.5882000000000005 0.0 0.0 0.0 1.0 0.0 0.0 1.0 0.0 3.077660437970554 168.38833891467198
3.5550000000000006 2.0 0.0 1.0 1.0 0.0 0.0 1.0 43.14 3.361225110466304 339.81023714834686
3.5550000000000006 2.0 0.0 1.0 1.0 0.0 0.0 1.0 43.14 3.3798143363005275 316.56023714834686
0.17779999999999996 1.0 0.0 0.0 0.0 0.0 0.0 0.0 3.24 2.3237900077244498 8.0
2.532800000000001 1.0 0.0 3.0 1.0 0.0 0.0 1.0 3.24 2.7384989427199034 189.2875676035994
1.7283 1.0 1.0 1.0 1.0 0.0 0.0 1.0 12.03 2.8320858350070908 145.73281445033504
3.430200000000002 1.0 1.0 2.0 2.0 0.0 0.0 2.0 12.03 2.1614757505786617 315.89864866417315
1.5076999999999998 2.0 0.0 2.0 1.0 0.0 0.0 1.0 26.3 2.895351845489354 213.20412994838864
2.5756000000000006 1.0 1.0 0.0 1.0 0.0 0.0 1.0 26.02 3.165670309917317 171.82006515716174
4.6592 1.0 1.0 0.0 1.0 0.0 0.0 1.0 20.23 3.6035674514745475 230.20322477240757
1.9545999999999997 1.0 1.0 1.0 1.0 0.0 0.0 1.0 20.23 3.0065240073265844 193.51405299160075
1.4008 2.0 1.0 1.0 1.0 0.0 0.0 1.0 29.46 3.0065240073265844 195.86256853719752
1.4093999999999998 3.0 1.0 2.0 1.0 0.0 0.0 1.0 38.69 3.0951982523070996 222.84252842272392
3.0592000000000015 1.0 1.0 1.0 2.0 0.0 0.0 2.0 20.23 2.4238559727704247 375.62904776215686
3.3524000000000003 1.0 1.0 0.0 1.0 0.0 0.0 1.0 20.23 3.2824629074535228 209.1649958700664
2.0090399999999997 1.0 1.0 0.0 1.0 0.0 0.0 1.0 20.23 3.1716780304409156 215.80766205433727
2.1547 1.0 1.0 0.0 1.0 0.0 0.0 1.0 20.23 3.0324555320336755 147.38833891467198
1.4008 2.0 1.0 1.0 1.0 0.0 0.0 1.0 29.46 2.881555877646136 178.61256853719752
2.3174600000000005 1.0 1.0 0.0 1.0 0.0 0.0 1.0 20.23 3.310532874722407 227.90033336357598
2.699 1.0 1.0 0.0 1.0 0.0 0.0 1.0 20.23 3.2478347337367026 202.0478870500104
2.1547 1.0 1.0 0.0 1.0 0.0 0.0 1.0 20.23 3.077660437970554 168.38833891467198
2.699 1.0 1.0 0.0 1.0 0.0 0.0 1.0 20.23 3.165670309917317 171.82006515716174
2.9172000000000002 1.0 1.0 0.0 1.0 0.0 0.0 1.0 20.23 3.171678030440915 222.29788705001033
2.0071000000000003 2.0 2.0 3.0 2.0 0.0 0.0 2.0 57.53 2.594265293333969 466.0052359816527
1.0270999999999997 5.0 3.0 1.0 0.0 4.0 5.0 5.0 104.06 1.7841261782741378 771.8760069846132
0.3098 1.0 1.0 1.0 0.0 0.0 0.0 0.0 37.3 2.8473789230876716 42.91260938324327
0.727 1.0 1.0 1.0 0.0 0.0 0.0 0.0 37.3 3.2575861612334887 56.568425030288566
1.2445000000000002 1.0 1.0 2.0 0.0 0.0 0.0 0.0 37.3 3.3434170589539596 72.09004635215048
2.4669000000000008 1.0 1.0 2.0 2.0 0.0 0.0 2.0 37.3 2.58753091711869 469.21035319335493
1.795 1.0 2.0 2.0 2.0 0.0 0.0 2.0 53.089999999999996 2.5139618271787234 444.8764011192855
1.5072 1.0 1.0 3.0 0.0 0.0 0.0 0.0 37.3 3.5208600674451374 74.59772060569361
2.11182 2.0 1.0 3.0 1.0 0.0 0.0 1.0 46.53 2.719441518462691 322.6358947688086
1.1061 2.0 2.0 6.0 0.0 0.0 0.0 0.0 74.6 3.0256083367235656 125.3759999531186
3.6018000000000017 1.0 1.0 9.0 0.0 0.0 0.0 0.0 37.3 2.8729187591669154 121.2586863990795
1.1500000000000001 2.0 1.0 3.0 1.0 0.0 0.0 1.0 46.53 2.453018743531937 230.35230342705083
1.8034000000000001 2.0 1.0 3.0 1.0 0.0 0.0 1.0 46.53 2.5298890742894535 268.1363912728923
1.7844 1.0 1.0 2.0 1.0 0.0 0.0 1.0 37.3 2.7217735540687813 262.15103906059477
2.2874 1.0 1.0 5.0 0.0 0.0 0.0 0.0 37.3 3.500355906453629 99.43071362054202
4.772100000000004 1.0 1.0 12.0 0.0 0.0 0.0 0.0 37.3 2.904707557588277 154.8143311431168
2.4568000000000003 2.0 1.0 3.0 1.0 0.0 0.0 1.0 46.53 2.6819734486308224 325.1652197817895
1.8034000000000001 2.0 1.0 3.0 1.0 0.0 0.0 1.0 46.53 2.6285070021470927 285.3863912728923
1.7930000000000001 2.0 1.0 3.0 1.0 0.0 0.0 1.0 46.53 2.7469405523531787 311.4466725353074
2.6916 1.0 1.0 1.0 1.0 0.0 0.0 1.0 37.3 3.1860125339283023 276.2420897763861
2.6916 1.0 1.0 1.0 1.0 0.0 0.0 1.0 37.3 3.1515496683060507 296.492089776386
2.538000000000001 1.0 1.0 1.0 2.0 0.0 0.0 2.0 37.3 2.8309756583676706 455.10186173234996
1.4463000000000001 2.0 1.0 1.0 1.0 0.0 0.0 1.0 37.3 2.9283752374267684 178.3185566594942
0.9778 2.0 1.0 1.0 1.0 0.0 0.0 1.0 50.44 2.9283752374267684 175.56366915733074
1.9894 1.0 1.0 1.0 1.0 0.0 0.0 1.0 37.3 3.1529414466808685 257.53794892648057
2.5380000000000003 1.0 1.0 1.0 2.0 0.0 0.0 2.0 37.3 2.6860346638769905 460.35186173234996
1.69322 1.0 1.0 1.0 1.0 0.0 0.0 1.0 37.3 3.069899265759275 253.1894333808838
1.3934 2.0 1.0 2.0 1.0 0.0 0.0 1.0 46.53 2.9138015626758045 250.54461008172765
1.69322 1.0 1.0 1.0 1.0 0.0 0.0 1.0 37.3 3.1529414466808685 253.1894333808838
1.5239 1.0 1.0 1.0 1.0 0.0 0.0 1.0 37.3 3.069899265759275 257.53794892648057
1.5239 1.0 1.0 1.0 1.0 0.0 0.0 1.0 37.3 3.003400684579818 240.28794892648057
2.0382 1.0 1.0 1.0 1.0 0.0 0.0 1.0 37.3 3.069899265759275 257.53794892648057
2.5082000000000004 1.0 1.0 2.0 1.0 0.0 0.0 1.0 37.3 2.9291455995407594 272.3949829877227
2.1473000000000004 1.0 1.0 1.0 1.0 0.0 0.0 1.0 37.3 3.069899265759275 257.53794892648057
2.1473000000000004 1.0 1.0 1.0 1.0 0.0 0.0 1.0 37.3 3.003400684579818 240.28794892648057
1.9894 1.0 1.0 1.0 1.0 0.0 0.0 1.0 37.3 3.069899265759275 257.53794892648057
1.9893999999999998 1.0 1.0 1.0 1.0 0.0 0.0 1.0 37.3 3.003400684579818 240.28794892648057
1.0248 1.0 1.0 0.0 0.0 0.0 0.0 0.0 20.23 3.1684898726705697 33.69332843436965
0.7771999999999999 1.0 1.0 1.0 0.0 0.0 0.0 0.0 20.23 2.5395388613593908 17.609640474436812
2.768300000000001 1.0 1.0 2.0 2.0 0.0 0.0 2.0 20.23 2.2962461305928525 340.99502151011234
1.1789 1.0 1.0 1.0 1.0 0.0 0.0 1.0 20.23 2.8320858350070908 145.73281445033504
1.3114 1.0 1.0 0.0 0.0 1.0 1.0 1.0 20.23 2.1229179499593664 46.14170945007629
1.9491 1.0 1.0 5.0 0.0 0.0 0.0 0.0 20.23 2.53006045688352 29.368065554250645
1.6115 1.0 1.0 3.0 1.0 0.0 0.0 1.0 20.23 2.4265223465879537 169.34295735705518
2.3376000000000006 1.0 1.0 5.0 0.0 0.0 0.0 0.0 20.23 2.746690906857495 50.52932501298081
1.9475000000000002 1.0 1.0 4.0 0.0 0.0 0.0 0.0 20.23 2.7158427612932585 41.65148445440323
1.1673 1.0 1.0 2.0 0.0 0.0 0.0 0.0 20.23 2.7541847860376616 23.11941547876375
1.48732 1.0 1.0 1.0 1.0 0.0 0.0 1.0 20.23 2.8815558776461354 176.26405299160075
1.9475 1.0 1.0 4.0 0.0 0.0 0.0 0.0 20.23 2.919612641438553 37.65148445440323
1.9475 1.0 1.0 4.0 0.0 0.0 0.0 0.0 20.23 2.862065598305084 43.65148445440322
1.5574 1.0 1.0 0.0 0.0 1.0 1.0 1.0 20.23 2.1923771580194713 52.787077443344025
1.5574 1.0 1.0 3.0 0.0 0.0 0.0 0.0 20.23 2.8318199660707846 35.161259458730164
1.5574 1.0 1.0 3.0 0.0 0.0 0.0 0.0 20.23 2.678257743164726 33.16125945873016
2.4857000000000005 1.0 1.0 1.0 1.0 0.0 0.0 1.0 20.23 3.1694511920127173 214.79775799182195
1.0110999999999999 0.0 0.0 0.0 0.0 0.0 0.0 0.0 0.0 1.0 2.0
1.4012 0.0 0.0 0.0 0.0 0.0 0.0 0.0 0.0 1.6329931618554523 2.7548875021634682
1.4413 0.0 0.0 0.0 0.0 0.0 0.0 0.0 0.0 1.6329931618554523 2.7548875021634682
1.8139 0.0 0.0 0.0 0.0 0.0 0.0 0.0 0.0 1.6329931618554523 2.7548875021634682
1.6336 0.0 0.0 0.0 0.0 0.0 0.0 0.0 0.0 2.3237900077244498 8.0
1.81 0.0 0.0 0.0 0.0 0.0 0.0 0.0 0.0 2.3237900077244498 8.75488750216347
1.7171 0.0 0.0 0.0 0.0 0.0 0.0 0.0 0.0 2.3237900077244498 10.75488750216347
1.1784999999999999 0.0 0.0 0.0 0.0 0.0 0.0 0.0 0.0 2.3237900077244498 8.0
2.2836 0.0 0.0 0.0 0.0 0.0 0.0 0.0 0.0 3.0237157840738176 22.364527976600282
3.1603000000000003 0.0 0.0 0.0 0.0 0.0 0.0 0.0 0.0 3.541196965079901 51.5907190016011
2.9189 0.0 0.0 1.0 0.0 0.0 0.0 0.0 0.0 4.020391543176799 67.50977500432694
2.5938 0.0 0.0 1.0 0.0 0.0 0.0 0.0 0.0 2.9934972434784735 26.52932501298081
2.7140000000000004 0.0 0.0 0.0 0.0 1.0 1.0 1.0 0.0 2.1229179499593664 46.14170945007629
2.5715000000000012 0.0 0.0 3.0 0.0 0.0 0.0 0.0 0.0 2.3390923149762908 15.900134529890124
2.9616000000000016 0.0 0.0 4.0 0.0 0.0 0.0 0.0 0.0 2.447472887876344 23.360990398949916
1.8540999999999999 0.0 0.0 2.0 0.0 0.0 0.0 0.0 0.0 2.19060968716425 12.36452797660028
3.351700000000002 0.0 0.0 5.0 0.0 0.0 0.0 0.0 0.0 2.53006045688352 29.368065554250645
3.1956000000000016 0.0 0.0 5.0 0.0 0.0 0.0 0.0 0.0 2.53006045688352 29.368065554250645
3.3918000000000026 0.0 0.0 5.0 0.0 0.0 0.0 0.0 0.0 2.53006045688352 29.368065554250645
1.0921 2.0 0.0 1.0 1.0 0.0 0.0 1.0 30.21 2.962094525806721 141.1235805057187
1.2278 3.0 0.0 1.0 1.0 0.0 1.0 2.0 35.53 2.483389643538051 293.3886867286258
1.4073 3.0 0.0 2.0 1.0 0.0 0.0 1.0 60.21 3.223906041284385 295.4920897763861
1.4073 3.0 0.0 2.0 1.0 0.0 0.0 1.0 60.21 3.000886645997868 278.2420897763861
1.1256000000000002 2.0 0.0 2.0 0.0 0.0 0.0 0.0 26.3 3.4904530666021536 105.09616281328597
1.7617 2.0 0.0 3.0 0.0 0.0 0.0 0.0 26.3 3.502986511184309 136.1930175513852
0.3623 2.0 1.0 1.0 0.0 0.0 0.0 0.0 38.33 3.002590528674132 62.710134480364864
0.8927999999999999 4.0 0.0 5.0 0.0 0.0 0.0 0.0 52.60000000000001 3.402570682630092 135.1368500605771
2.6435000000000013 2.0 0.0 4.0 1.0 0.0 0.0 1.0 26.3 2.404796656306514 254.05260581186823
1.7496999999999998 2.0 0.0 2.0 1.0 0.0 0.0 1.0 26.3 2.453018743531937 228.5778659162335
0.5286 3.0 0.0 3.0 0.0 0.0 0.0 0.0 43.370000000000005 3.386924951000887 117.47138037474598
0.5694 2.0 0.0 1.0 0.0 0.0 0.0 0.0 26.3 2.9881608821342693 43.50977500432694
2.817000000000001 4.0 0.0 4.0 1.0 0.0 0.0 1.0 52.60000000000001 2.988528119899692 394.17506138831783
0.9444 2.0 0.0 2.0 0.0 0.0 0.0 0.0 26.3 2.8219389370591843 62.71013448036486
1.3755 1.0 0.0 2.0 0.0 0.0 0.0 0.0 17.07 2.9881608821342693 41.900134529890124
2.0116 1.0 0.0 3.0 0.0 0.0 0.0 0.0 17.07 3.0500782919131915 74.45601115561732
1.2314 1.0 0.0 1.0 0.0 0.0 0.0 0.0 17.07 3.2575861612334887 54.95878455585175
3.3260000000000023 1.0 0.0 7.0 0.0 0.0 0.0 0.0 17.07 2.8497612822334424 97.04589952780505
2.127500000000001 1.0 1.0 0.0 0.0 0.0 0.0 0.0 20.23 4.020391543176799 66.26466250649041
1.3489 1.0 1.0 0.0 0.0 0.0 0.0 0.0 20.23 3.168489872670569 38.54808140664299
1.5582799999999999 1.0 0.0 0.0 1.0 0.0 0.0 1.0 23.79 3.049388908161901 195.37685258695328
0.91998 1.0 0.0 0.0 0.0 0.0 0.0 0.0 23.79 2.4330963097956344 33.03830640231605
0.6959799999999999 1.0 0.0 0.0 0.0 0.0 0.0 0.0 23.79 2.9217836800202113 48.793987519471216
1.31008 1.0 0.0 1.0 0.0 0.0 0.0 0.0 23.79 2.483699570591265 42.09986547010987
2.8650800000000007 1.0 0.0 0.0 1.0 0.0 0.0 1.0 23.79 3.3427746227314072 267.89784791592245
3.142800000000002 0.0 0.0 5.0 0.0 0.0 0.0 0.0 0.0 2.616293090417985 46.0
3.5329000000000024 0.0 0.0 6.0 0.0 0.0 0.0 0.0 0.0 2.663883887398184 55.058650025961626
2.0587 0.0 0.0 0.0 0.0 0.0 1.0 1.0 0.0 2.6009491392218798 102.0
1.5824 0.0 0.0 0.0 0.0 0.0 0.0 0.0 0.0 2.549193338482967 15.219280948873624
1.7485 0.0 0.0 2.0 0.0 0.0 0.0 0.0 0.0 2.6531630746803305 29.302968908806456
2.3626000000000005 0.0 0.0 3.0 0.0 0.0 0.0 0.0 0.0 2.4884037718761123 29.01955000865387
2.1386000000000003 0.0 0.0 3.0 0.0 0.0 0.0 0.0 0.0 2.6559049179251715 36.0
2.752700000000001 0.0 0.0 4.0 0.0 0.0 0.0 0.0 0.0 2.558780869327957 37.30296890880646
1.8926 0.0 0.0 0.0 0.0 0.0 1.0 1.0 0.0 2.4 58.039100017307746
2.4763200000000003 0.0 1.0 0.0 2.0 0.0 0.0 2.0 15.79 2.931346196218265 346.2557528676839
0.9578999999999999 2.0 1.0 0.0 2.0 0.0 0.0 2.0 41.57 2.9546597902851044 282.28075871425636
2.901300000000001 1.0 0.0 0.0 2.0 0.0 0.0 2.0 0.0 2.954659790285104 278.54542122074673
1.0147 0.0 1.0 0.0 1.0 0.0 0.0 1.0 15.79 3.1250000000000004 60.12481811269772
1.5629 1.0 1.0 0.0 2.0 0.0 0.0 2.0 28.68 2.954659790285104 280.89393676634353
1.8278 2.0 0.0 0.0 2.0 0.0 0.0 2.0 26.03 2.954659790285104 282.89393676634353
2.1753 0.0 0.0 0.0 1.0 0.0 1.0 2.0 0.0 2.53519473965517 190.03322454351994
1.58802 1.0 0.0 0.0 1.0 0.0 0.0 1.0 13.14 3.049648321313926 107.4988650600484
1.3342 4.0 0.0 3.0 1.0 0.0 0.0 1.0 65.50999999999999 2.732617316782816 254.83989120139114
1.8713199999999999 1.0 1.0 0.0 2.0 0.0 0.0 2.0 28.68 2.876510166944625 315.7850778806647
3.018200000000001 3.0 0.0 1.0 2.0 0.0 0.0 2.0 12.89 2.6865183649994084 333.88449368949716
2.05652 1.0 0.0 0.0 1.0 0.0 0.0 1.0 0.0 3.049648321313926 107.4988650600484
2.3105 1.0 0.0 1.0 1.0 0.0 0.0 1.0 0.0 2.762608341443769 118.73595983423269
-0.5359000000000003 1.0 2.0 0.0 0.0 1.0 1.0 1.0 24.06 2.3673518510178746 63.19344939991072
1.3966 0.0 0.0 0.0 0.0 0.0 0.0 0.0 0.0 2.8030394876740514 27.019550008653873
4.5523 0.0 0.0 0.0 0.0 0.0 1.0 1.0 0.0 3.266578967542274 234.14620796147236
4.7574 0.0 0.0 1.0 0.0 0.0 0.0 0.0 0.0 4.708295226687179 159.92449716458776
1.5673 0.0 0.0 1.0 0.0 0.0 0.0 0.0 0.0 2.2968352619191386 17.24511249783653
1.9574 0.0 0.0 2.0 0.0 0.0 0.0 0.0 0.0 2.4017152226171965 24.828921423310437
3.148220000000002 0.0 0.0 0.0 2.0 0.0 0.0 2.0 0.0 2.9131611636048604 369.2000235425419
3.4932000000000016 0.0 0.0 0.0 2.0 0.0 0.0 2.0 0.0 2.9131611636048604 374.03449039867854
3.148220000000001 0.0 0.0 0.0 2.0 0.0 0.0 2.0 0.0 2.8289012156206956 374.4500235425418
3.4932000000000016 0.0 0.0 0.0 2.0 0.0 0.0 2.0 0.0 2.8289012156206956 379.2844903986785
2.4220000000000006 1.0 1.0 0.0 2.0 0.0 0.0 2.0 26.02 2.9131611636048604 374.03449039867854
2.5454 1.0 1.0 0.0 2.0 0.0 0.0 2.0 20.23 2.8289012156206956 379.2844903986785
3.5741000000000014 2.0 0.0 1.0 2.0 0.0 0.0 2.0 12.36 2.8237536172818247 478.9191904065538
3.456640000000002 0.0 0.0 0.0 2.0 0.0 0.0 2.0 0.0 2.946471324842402 372.8078661934481
3.456640000000002 0.0 0.0 0.0 2.0 0.0 0.0 2.0 0.0 2.8920650451735157 413.3078661934481
3.456640000000002 0.0 0.0 0.0 2.0 0.0 0.0 2.0 0.0 2.786653081405114 372.05786619344804
3.7650600000000027 0.0 0.0 0.0 2.0 0.0 0.0 2.0 0.0 2.81148314052133 452.7901181971989
3.4022000000000014 0.0 0.0 1.0 2.0 0.0 0.0 2.0 0.0 2.673996462761564 387.91537277547695
3.4022000000000023 0.0 0.0 1.0 2.0 0.0 0.0 2.0 0.0 2.7909670297392646 382.66537277547695
2.3321000000000005 1.0 1.0 1.0 2.0 0.0 0.0 2.0 20.23 2.7909670297392646 387.63117497912054
3.584600000000001 2.0 0.0 0.0 2.0 0.0 1.0 3.0 18.46 2.124918321677156 389.7528748573925
4.238000000000001 2.0 0.0 0.0 2.0 0.0 1.0 3.0 18.46 2.150306093572765 522.7806108146203
4.238000000000001 2.0 0.0 0.0 2.0 0.0 1.0 3.0 18.46 2.108606050374169 522.7806108146203
1.9032200000000001 2.0 0.0 1.0 1.0 0.0 0.0 1.0 43.14 3.1529414466808685 257.53794892648057
1.6033999999999997 3.0 0.0 2.0 1.0 0.0 0.0 1.0 52.37 3.121219318886157 272.1431256273244
1.4112 6.0 0.0 3.0 1.0 0.0 0.0 1.0 129.42000000000002 3.387380075453351 377.17334888764105
1.503 4.0 0.0 2.0 1.0 0.0 0.0 1.0 86.28 3.121805775248301 306.8248996548373
1.6033999999999997 3.0 0.0 2.0 1.0 0.0 0.0 1.0 52.37 2.9138015626758045 254.89312562732442
1.503 4.0 0.0 2.0 1.0 0.0 0.0 1.0 86.28 3.0061498337295465 285.8248996548372
1.7196200000000006 6.0 0.0 3.0 1.0 0.0 0.0 1.0 129.42000000000002 3.5727545380551327 461.8906850873487
1.503 4.0 0.0 2.0 1.0 0.0 0.0 1.0 86.28 3.267076195703771 303.0748996548373
1.6033999999999997 3.0 0.0 2.0 1.0 0.0 0.0 1.0 52.37 3.0058892189147386 272.1431256273244
1.8114200000000005 4.0 0.0 2.0 1.0 0.0 0.0 1.0 86.28 3.3454419708109935 342.5053335743196
1.81142 4.0 0.0 2.0 1.0 0.0 0.0 1.0 86.28 3.348659071315219 374.7553335743196
0.10160000000000025 2.0 1.0 1.0 0.0 0.0 0.0 0.0 52.32 2.831257109931365 52.75488750216347
-0.34230000000000005 1.0 1.0 1.0 0.0 0.0 0.0 0.0 43.09 3.204805417886435 57.91340299823497
0.27180000000000015 1.0 1.0 2.0 0.0 0.0 0.0 0.0 43.09 2.831257109931365 51.50977500432694
-1.2360999999999998 7.0 1.0 6.0 0.0 0.0 0.0 0.0 124.97 3.3921841591083783 152.0344235629434
1.0632000000000001 2.0 0.0 3.0 0.0 0.0 0.0 0.0 43.14 2.8219389370591843 62.710134480364864
1.4533 2.0 0.0 4.0 0.0 0.0 0.0 0.0 43.14 2.822354554248032 72.82892142331043
-0.597 6.0 0.0 5.0 0.0 0.0 0.0 0.0 104.74000000000001 3.0550899395377584 117.70950594454669
1.4197 0.0 0.0 1.0 0.0 0.0 0.0 0.0 0.0 2.483699570591265 38.49022499567306
1.0428000000000002 1.0 0.0 2.0 0.0 0.0 0.0 0.0 9.23 2.19060968716425 11.119415478763749
1.823 1.0 0.0 4.0 0.0 0.0 0.0 0.0 9.23 2.447472887876344 23.360990398949916
1.5756 2.0 1.0 7.0 0.0 0.0 0.0 0.0 29.46 2.6476048489438337 47.219280948873624
2.6198000000000006 2.0 0.0 9.0 0.0 0.0 0.0 0.0 18.46 2.72724281291869 64.2388309575275
1.1869 1.0 0.0 0.0 0.0 1.0 1.0 1.0 9.23 2.0 19.40990953421706
2.603200000000001 1.0 0.0 6.0 0.0 0.0 0.0 0.0 9.23 2.595082706793886 37.832293921787276
2.3528000000000002 1.0 0.0 3.0 0.0 0.0 0.0 0.0 9.23 3.8655589302387363 105.06618564394176
2.3528000000000002 1.0 0.0 2.0 0.0 0.0 0.0 0.0 9.23 3.7348237213155926 101.55641063961481
1.0095999999999998 2.0 0.0 3.0 0.0 0.0 0.0 0.0 32.67 3.1646093088392386 51.65148445440323
3.5061000000000018 2.0 0.0 3.0 2.0 0.0 0.0 2.0 32.67 2.3775033169366506 388.38981176779873
2.9433000000000007 3.0 1.0 1.0 2.0 0.0 0.0 2.0 49.660000000000004 2.8617654561508625 465.4314410863231
1.7866 2.0 0.0 3.0 0.0 0.0 0.0 0.0 32.67 3.821219649088782 83.05865002596164
1.7898 2.0 0.0 5.0 0.0 0.0 0.0 0.0 32.67 3.285299824207474 69.45811190640113
2.570000000000001 2.0 0.0 7.0 0.0 0.0 0.0 0.0 32.67 3.326343011048127 88.09284782231802
1.7898 2.0 0.0 5.0 0.0 0.0 0.0 0.0 32.67 3.1954118462751673 75.45811190640111
1.3997 2.0 0.0 4.0 0.0 0.0 0.0 0.0 32.67 2.975409490043988 65.44900955152481
0.6194999999999999 2.0 0.0 2.0 0.0 0.0 0.0 0.0 32.67 2.964900494759057 46.05785641096993
4.116100000000002 0.0 0.0 1.0 2.0 0.0 0.0 2.0 0.0 2.4238559727704247 375.62904776215686
3.662020000000002 0.0 0.0 1.0 2.0 0.0 0.0 2.0 0.0 2.4238559727704247 370.54288143497655
4.660400000000002 0.0 0.0 1.0 2.0 0.0 0.0 2.0 0.0 2.492123645200362 406.0796467381505
4.660400000000002 0.0 0.0 1.0 2.0 0.0 0.0 2.0 0.0 2.396509039726096 371.5796467381504
4.007000000000002 0.0 0.0 1.0 2.0 0.0 0.0 2.0 0.0 2.5360704460016144 392.8790477621569
4.660400000000002 0.0 0.0 1.0 2.0 0.0 0.0 2.0 0.0 2.483814803753657 435.32964673815036
4.660400000000002 0.0 0.0 1.0 2.0 0.0 0.0 2.0 0.0 2.6088478266698347 406.07964673815036
5.967200000000002 0.0 0.0 1.0 2.0 0.0 0.0 2.0 0.0 2.7731464229293827 444.53712407405914
4.660400000000003 0.0 0.0 1.0 2.0 0.0 0.0 2.0 0.0 2.5800778256593344 435.32964673815036
6.620600000000001 0.0 0.0 1.0 2.0 0.0 0.0 2.0 0.0 2.795373917060275 533.8489383657761
4.660400000000002 0.0 0.0 1.0 2.0 0.0 0.0 2.0 0.0 2.549116842654202 449.57964673815036
6.6206000000000005 0.0 0.0 1.0 2.0 0.0 0.0 2.0 0.0 2.5988657342017785 577.348938365776
5.967200000000002 0.0 0.0 1.0 2.0 0.0 0.0 2.0 0.0 2.5431406197905666 534.5371240740591
5.967200000000002 0.0 0.0 1.0 2.0 0.0 0.0 2.0 0.0 2.5794829348325483 534.5371240740591
5.967200000000001 0.0 0.0 1.0 2.0 0.0 0.0 2.0 0.0 2.5552455662440963 517.2871240740591
5.967200000000001 0.0 0.0 1.0 2.0 0.0 0.0 2.0 0.0 2.5654015993956527 517.2871240740591
4.660400000000003 0.0 0.0 1.0 2.0 0.0 0.0 2.0 0.0 2.5278040316309607 435.32964673815036
4.660400000000003 0.0 0.0 1.0 2.0 0.0 0.0 2.0 0.0 2.565840902948807 435.32964673815036
4.660400000000002 0.0 0.0 1.0 2.0 0.0 0.0 2.0 0.0 2.498254962562555 432.3296467381504
7.274000000000001 0.0 0.0 1.0 2.0 0.0 0.0 2.0 0.0 2.699049768905642 620.4500798683472
7.928600000000003 0.0 0.0 1.0 2.0 0.0 0.0 2.0 0.0 2.7065514301640414 564.9500798683472
5.313800000000002 0.0 0.0 1.0 2.0 0.0 0.0 2.0 0.0 2.5959274909034624 491.9759470533523
6.620600000000001 0.0 0.0 1.0 2.0 0.0 0.0 2.0 0.0 2.6779540918569533 577.348938365776
6.620600000000001 0.0 0.0 1.0 2.0 0.0 0.0 2.0 0.0 2.7609447076772757 577.3489383657761
6.620600000000001 0.0 0.0 1.0 2.0 0.0 0.0 2.0 0.0 2.6407167932311695 577.3489383657761
6.6206000000000005 0.0 0.0 1.0 2.0 0.0 0.0 2.0 0.0 2.677061819570362 577.348938365776
7.274000000000001 0.0 0.0 1.0 2.0 0.0 0.0 2.0 0.0 2.8546465531596237 564.9500798683472
5.313800000000001 0.0 0.0 1.0 2.0 0.0 0.0 2.0 0.0 2.6931956726281236 471.72594705335234
5.313800000000001 0.0 0.0 1.0 2.0 0.0 0.0 2.0 0.0 2.584092666430649 454.47594705335234
5.313800000000002 0.0 0.0 1.0 2.0 0.0 0.0 2.0 0.0 2.646979599028448 491.9759470533523
5.313800000000001 0.0 0.0 1.0 2.0 0.0 0.0 2.0 0.0 2.5789507732878176 491.9759470533523
5.313800000000001 0.0 0.0 1.0 2.0 0.0 0.0 2.0 0.0 2.5510019801121246 491.9759470533523
5.313800000000001 0.0 0.0 1.0 2.0 0.0 0.0 2.0 0.0 2.452797331194705 474.7259470533523
5.967200000000002 0.0 0.0 1.0 2.0 0.0 0.0 2.0 0.0 2.681070111898475 485.037124074059
5.967200000000002 0.0 0.0 1.0 2.0 0.0 0.0 2.0 0.0 2.671376416567896 534.5371240740591
5.967200000000002 0.0 0.0 1.0 2.0 0.0 0.0 2.0 0.0 2.664241834834569 534.5371240740591
6.620600000000001 0.0 0.0 1.0 2.0 0.0 0.0 2.0 0.0 2.716933436432465 577.348938365776
7.274000000000001 0.0 0.0 1.0 2.0 0.0 0.0 2.0 0.0 2.81020763157126 620.4500798683472
7.274000000000001 0.0 0.0 1.0 2.0 0.0 0.0 2.0 0.0 2.7606300611154553 620.4500798683472
0.7855000000000001 1.0 1.0 1.0 1.0 0.0 0.0 1.0 43.09 2.981454614041131 205.415952604261
2.0119000000000002 2.0 0.0 0.0 1.0 0.0 1.0 2.0 34.14 2.690389534648589 427.4713488019866
2.4254000000000007 0.0 0.0 1.0 1.0 0.0 0.0 1.0 0.0 2.8320858350070908 145.73281445033504
2.4085 1.0 0.0 1.0 1.0 0.0 0.0 1.0 0.0 2.8320858350070908 145.73281445033504
1.2549 1.0 1.0 2.0 1.0 0.0 0.0 1.0 29.1 2.719528532842932 183.367456039361
2.4209000000000005 2.0 0.0 1.0 1.0 0.0 0.0 1.0 12.36 2.97485801127833 223.93128368278164
2.2984 1.0 1.0 1.0 1.0 0.0 0.0 1.0 29.1 2.8574541535636215 272.54949758389114
1.9534199999999997 1.0 1.0 1.0 1.0 0.0 0.0 1.0 29.1 2.7909314514807626 268.0201725709103
1.5531999999999997 3.0 1.0 2.0 1.0 0.0 0.0 1.0 72.24000000000001 3.0435273546341013 348.9973052375338
2.2894000000000005 2.0 0.0 2.0 1.0 0.0 0.0 1.0 12.36 2.6687661861354384 236.69432088304723
2.271 1.0 1.0 0.0 1.0 0.0 1.0 2.0 20.23 2.4305475587328433 265.575329132854
2.0923 1.0 1.0 1.0 1.0 0.0 0.0 1.0 43.09 3.318913173486669 278.2420897763861
3.695520000000003 3.0 0.0 3.0 2.0 0.0 0.0 2.0 52.37 2.1635295475102483 534.6157679203478
0.9833999999999996 2.0 2.0 4.0 1.0 0.0 0.0 1.0 41.129999999999995 2.404796656306514 258.88707266800486
2.0095 1.0 1.0 3.0 1.0 0.0 0.0 1.0 12.03 2.610675164103469 193.2875676035994
1.1537 2.0 0.0 1.0 0.0 1.0 1.0 1.0 32.67 2.2166579722077144 78.49785513558373
4.102000000000002 2.0 0.0 2.0 2.0 0.0 0.0 2.0 24.72 2.159341417811232 365.35156717534267
1.8676999999999995 5.0 0.0 3.0 1.0 2.0 2.0 3.0 55.839999999999996 1.7896528798720672 559.0371822548029
3.8750000000000027 2.0 0.0 4.0 2.0 0.0 1.0 3.0 6.48 1.946085728189517 556.5202782227693
1.0337 4.0 0.0 3.0 0.0 0.0 0.0 0.0 44.760000000000005 3.7910098125875025 82.43699516085105
2.659300000000001 3.0 0.0 4.0 0.0 0.0 0.0 0.0 35.53 3.9078360952395634 139.76467590036683
0.8548999999999998 1.0 2.0 2.0 1.0 0.0 0.0 1.0 55.120000000000005 2.453018743531937 233.10719092921428
0.3340000000000002 2.0 1.0 1.0 1.0 0.0 0.0 1.0 60.160000000000004 3.2186466288823383 303.7795180972205
0.6424200000000001 2.0 1.0 1.0 1.0 0.0 0.0 1.0 60.160000000000004 3.2779105845781125 356.4582525456591
1.884 2.0 1.0 5.0 0.0 1.0 1.0 1.0 41.57000000000001 2.5822640284816734 201.86647567444433
6.495500000000002 0.0 0.0 2.0 2.0 0.0 0.0 2.0 0.0 2.4741168126302453 494.04416142195936
3.6130200000000023 5.0 0.0 5.0 1.0 0.0 0.0 1.0 27.69 2.905013649037325 401.05065730513206
0.9828999999999999 5.0 1.0 5.0 0.0 0.0 0.0 0.0 47.56 3.89250063709835 191.13235378876152
6.187900000000002 0.0 0.0 2.0 2.0 0.0 0.0 2.0 0.0 2.5095731194515962 516.2479162169986
2.4568000000000003 2.0 1.0 3.0 1.0 0.0 0.0 1.0 46.53 2.7194415184626908 325.1652197817895
4.669700000000003 4.0 0.0 6.0 1.0 0.0 0.0 1.0 27.69 2.8934015609300836 418.0120791427407
3.2969000000000017 2.0 1.0 2.0 1.0 0.0 0.0 1.0 38.33 2.5599256739669265 325.6529664102151
1.7801 1.0 1.0 1.0 1.0 0.0 0.0 1.0 32.34 2.5897829796017806 256.4908622767174
2.2576 1.0 0.0 4.0 0.0 0.0 0.0 0.0 9.23 3.2230469044906185 60.078200034615506
5.599500000000002 1.0 1.0 2.0 2.0 0.0 0.0 2.0 20.23 2.6223747107902757 540.9564823741972
2.845300000000001 2.0 1.0 3.0 1.0 0.0 0.0 1.0 46.53 2.817664884623791 351.9103452953617
2.1218000000000004 8.0 0.0 9.0 0.0 0.0 0.0 0.0 71.06 4.80781070887242 340.9115786798855
2.6435000000000013 2.0 1.0 2.0 1.0 0.0 0.0 1.0 38.33 2.45867389842926 269.5130516555259
3.727700000000003 5.0 0.0 8.0 0.0 0.0 0.0 0.0 18.46 3.8459343998916413 155.81664443119072
3.7702000000000027 5.0 0.0 9.0 0.0 0.0 0.0 0.0 18.46 3.7767972529836142 167.96932691749925
4.542900000000002 4.0 0.0 4.0 1.0 0.0 0.0 1.0 27.69 3.0637668536422646 432.78186641075825
4.241100000000003 3.0 1.0 5.0 1.0 0.0 0.0 1.0 30.49 2.908672062473614 442.31411626963074
3.9902000000000033 3.0 1.0 4.0 1.0 0.0 0.0 1.0 47.56 3.03966067515308 462.8805941435619
3.651200000000001 4.0 0.0 5.0 0.0 0.0 0.0 0.0 44.760000000000005 4.348945648714502 200.81093255154835
3.154700000000002 6.0 0.0 7.0 1.0 0.0 0.0 1.0 87.9 2.809298823967879 436.1860559450845
5.391500000000002 3.0 0.0 5.0 1.0 0.0 0.0 1.0 18.46 3.0183375639003995 453.42230511705435
3.0869000000000018 1.0 1.0 1.0 1.0 0.0 0.0 1.0 32.34 2.781208374094021 352.66523279752516
3.0185000000000013 2.0 1.0 2.0 1.0 0.0 0.0 1.0 41.57 2.7296891226311293 371.1300188482176
5.7283000000000035 4.0 0.0 7.0 1.0 0.0 0.0 1.0 44.760000000000005 3.0473402647740437 523.4337618117596
3.144300000000002 6.0 0.0 5.0 1.0 0.0 0.0 1.0 70.83000000000001 2.989649487124908 474.98338445956347
4.257200000000004 1.0 1.0 4.0 1.0 0.0 0.0 1.0 32.34 2.5795971234132855 396.0920604590611
0.8818000000000001 2.0 1.0 3.0 0.0 0.0 0.0 0.0 52.32 2.822354554248032 72.82892142331043
-0.2884999999999999 2.0 1.0 0.0 0.0 0.0 0.0 0.0 52.32 2.847378923087672 42.91260938324327
0.49170000000000014 2.0 1.0 2.0 0.0 0.0 0.0 0.0 52.32 2.8219389370591843 62.710134480364864
3.3419000000000016 1.0 1.0 2.0 1.0 0.0 0.0 1.0 29.1 2.793568433647237 325.3907822709722
4.640100000000003 5.0 0.0 6.0 1.0 0.0 0.0 1.0 18.46 2.409952515150928 363.5217766799077
1.71322 2.0 1.0 1.0 1.0 0.0 0.0 1.0 38.33 2.6942943035683435 283.61195376207496
4.043560000000001 2.0 0.0 0.0 1.0 0.0 0.0 1.0 47.58 3.7817196239994977 440.5804759440678
3.645100000000002 5.0 0.0 6.0 2.0 0.0 0.0 2.0 61.6 2.278597130020676 660.4340420045148
4.652000000000002 4.0 0.0 4.0 1.0 0.0 0.0 1.0 27.69 3.0637668536422646 435.5367539129217
2.7989000000000006 1.0 1.0 1.0 1.0 0.0 0.0 1.0 32.34 2.8751990386596566 387.8956862132586
2.735500000000001 2.0 0.0 1.0 0.0 1.0 1.0 1.0 20.310000000000002 2.3197705033828684 141.4639615981846
4.023120000000003 1.0 1.0 4.0 1.0 0.0 0.0 1.0 29.1 2.658540869183674 376.19538535705436
2.8366200000000017 2.0 1.0 2.0 1.0 0.0 0.0 1.0 38.33 2.933366964265961 358.6397938525446
2.528200000000001 2.0 1.0 2.0 1.0 0.0 0.0 1.0 38.33 2.8972633792489466 320.8184995540784
2.4543800000000005 5.0 0.0 4.0 1.0 0.0 0.0 1.0 51.480000000000004 2.8184686840890385 404.3607878340687
2.02164 2.0 1.0 1.0 1.0 0.0 0.0 1.0 38.33 2.8277507114795024 300.4508263350793
2.4742000000000006 2.0 1.0 2.0 1.0 0.0 0.0 1.0 41.57 2.604870971658759 313.0929223461079
5.630000000000004 9.0 0.0 10.0 2.0 0.0 0.0 2.0 55.38000000000001 2.0099514406420202 743.5541844393116
2.825400000000001 1.0 1.0 2.0 1.0 0.0 0.0 1.0 32.34 2.648497145709761 408.02209140643123
2.466500000000001 4.0 0.0 1.0 1.0 0.0 1.0 2.0 27.69 2.3475283098099338 366.16170126290484
5.4322000000000035 4.0 0.0 6.0 1.0 0.0 0.0 1.0 27.69 3.006125183376143 462.68116844292115
4.104800000000003 1.0 1.0 4.0 1.0 0.0 0.0 1.0 29.1 2.6711809891831026 356.7002728592179
4.748600000000004 5.0 0.0 9.0 1.0 0.0 0.0 1.0 44.760000000000005 2.7112591144821527 395.60917321427945
3.6085800000000017 4.0 0.0 5.0 2.0 0.0 0.0 2.0 42.25 2.294205282611584 649.8237729942598
4.506300000000004 5.0 0.0 7.0 0.0 0.0 0.0 0.0 18.46 4.018684248799224 205.89322139327916
3.127600000000002 2.0 1.0 2.0 1.0 0.0 0.0 1.0 41.57 2.7296891226311293 373.1300188482176
2.7419200000000012 1.0 1.0 1.0 1.0 0.0 0.0 1.0 32.34 2.781208374094021 349.9752768616324
5.715600000000004 4.0 0.0 6.0 2.0 0.0 0.0 2.0 26.3 2.156886975278886 500.3871268499786
4.494100000000002 4.0 0.0 4.0 1.0 0.0 0.0 1.0 27.69 3.0637668536422646 435.5367539129217
5.416100000000004 3.0 0.0 4.0 2.0 0.0 0.0 2.0 18.46 2.410608615324308 666.9207739501664
4.238320000000003 4.0 1.0 7.0 1.0 0.0 0.0 1.0 47.56 2.9018753958305568 465.20159328759047
4.198300000000004 5.0 0.0 9.0 0.0 1.0 1.0 1.0 38.77 2.500832468781038 356.1282826724072
3.8896000000000033 5.0 1.0 8.0 1.0 0.0 0.0 1.0 56.790000000000006 3.0495345127413174 548.098914116059
4.877900000000004 4.0 0.0 7.0 1.0 0.0 0.0 1.0 35.53 2.640460092253913 378.48264694846
4.035000000000004 2.0 0.0 4.0 1.0 0.0 0.0 1.0 20.310000000000002 2.4492413621653952 335.3769263952092
6.679980000000006 4.0 0.0 7.0 3.0 0.0 0.0 3.0 59.32000000000001 1.7833639861151818 1026.2643155669198
0.3551000000000001 1.0 1.0 1.0 0.0 0.0 0.0 0.0 26.02 1.9747448713915894 5.245112497836532
0.2052 1.0 0.0 0.0 0.0 0.0 0.0 0.0 17.07 2.1874960973678963 10.264662506490405
0.22939999999999994 2.0 0.0 1.0 0.0 0.0 0.0 0.0 32.67 2.825749368745867 34.62919048309069
0.3200000000000002 1.0 0.0 0.0 1.0 0.0 0.0 1.0 26.939999999999998 3.0214653097240864 138.00750422530467
1.6274 2.0 0.0 1.0 0.0 0.0 0.0 0.0 0.0 1.9747448713915894 6.0
1.69844 1.0 0.0 0.0 1.0 0.0 0.0 1.0 12.89 3.134861511345448 160.49662946459569
1.69844 1.0 0.0 0.0 1.0 0.0 0.0 1.0 12.89 3.077660437970554 164.24662946459569
1.69844 1.0 0.0 0.0 1.0 0.0 0.0 1.0 12.89 3.0324555320336755 143.24662946459569
1.69844 1.0 0.0 0.0 1.0 0.0 0.0 1.0 12.89 3.134861511345448 160.49662946459569
1.69844 1.0 0.0 0.0 1.0 0.0 0.0 1.0 12.89 3.077660437970554 164.24662946459569
1.7246 1.0 0.0 1.0 1.0 0.0 0.0 1.0 12.89 2.9910469146846212 167.00151696675914
1.7246000000000001 1.0 0.0 1.0 1.0 0.0 0.0 1.0 12.89 2.9910469146846212 167.00151696675914
2.1435999999999993 2.0 0.0 1.0 2.0 0.0 0.0 2.0 25.78 2.457149480139045 305.23158955045676
2.1435999999999993 2.0 0.0 1.0 2.0 0.0 0.0 2.0 25.78 2.4571494801390448 305.23158955045676
2.7830000000000004 2.0 0.0 0.0 3.0 0.0 0.0 3.0 25.78 2.610318687415942 547.2925174892929
3.3880000000000017 1.0 0.0 0.0 3.0 0.0 0.0 3.0 12.89 2.5237326453890008 493.95635116211264
3.388000000000001 1.0 0.0 0.0 3.0 0.0 0.0 3.0 12.89 2.610318687415942 544.2063511621126
2.2348 1.0 0.0 0.0 2.0 0.0 0.0 2.0 12.89 2.8880516016579914 275.7051383449476
4.450000000000003 2.0 0.0 1.0 4.0 0.0 0.0 4.0 25.78 1.910516242744683 835.5299589568695
1.6297999999999997 2.0 0.0 0.0 2.0 0.0 0.0 2.0 25.78 2.8880516016579914 278.23446335792846
3.5847200000000026 6.0 0.0 7.0 1.0 0.0 0.0 1.0 53.47 2.9903765648588534 458.28775961477083
3.9954000000000023 2.0 2.0 2.0 2.0 0.0 0.0 2.0 40.46 2.370227579270102 503.61088041818437
3.2206000000000023 2.0 2.0 5.0 1.0 0.0 0.0 1.0 40.46 2.4244942240332854 281.65026016439094
4.828600000000004 2.0 2.0 4.0 2.0 0.0 0.0 2.0 40.46 2.521517738794992 536.8202783238603
3.8248000000000006 2.0 2.0 1.0 2.0 0.0 0.0 2.0 52.04 2.5020803743746223 489.037124074059
0.8510000000000002 2.0 2.0 0.0 1.0 0.0 0.0 1.0 52.04 3.0324555320336755 145.38833891467198
2.5352000000000006 4.0 2.0 3.0 2.0 0.0 0.0 2.0 70.5 2.480232986164691 516.2156041118582
1.39852 2.0 0.0 1.0 1.0 0.0 0.0 1.0 34.14 3.2015159310664942 334.8597370000623
0.4845999999999999 1.0 0.0 3.0 0.0 0.0 0.0 0.0 20.310000000000002 3.1646093088392386 50.041843979966416
1.7303 3.0 1.0 6.0 2.0 0.0 0.0 2.0 62.400000000000006 2.2680320030660144 605.9393625230555
1.5717999999999999 2.0 1.0 3.0 1.0 0.0 0.0 1.0 46.17 2.84972423894021 355.90406717944
1.7961199999999997 2.0 2.0 1.0 1.0 0.0 0.0 1.0 32.26 2.8815558776461354 180.61256853719752
1.4876999999999998 2.0 2.0 1.0 1.0 0.0 0.0 1.0 32.26 2.8320858350070908 149.87452390041133
2.785700000000001 5.0 0.0 9.0 0.0 0.0 0.0 0.0 35.53 3.95605873215453 225.17178396441636
2.626800000000001 5.0 0.0 8.0 0.0 0.0 0.0 0.0 52.6 4.083350427266094 211.73533443302583
2.0055 5.0 0.0 7.0 0.0 0.0 0.0 0.0 35.53 3.7437098947519436 201.3011575472214
1.2127000000000001 1.0 0.0 4.0 0.0 0.0 0.0 0.0 17.07 3.0551722039096187 68.43856189774725
3.5202000000000027 5.0 0.0 8.0 0.0 0.0 0.0 0.0 35.53 4.413406891838412 254.72482509951953
3.1879000000000017 6.0 0.0 7.0 0.0 0.0 0.0 0.0 52.6 4.68408057958743 362.19242983832686
0.44100000000000006 2.0 0.0 2.0 0.0 0.0 0.0 0.0 34.14 3.8856046430784614 112.62522105691478
0.8136000000000001 2.0 0.0 2.0 0.0 0.0 0.0 0.0 34.14 3.8856046430784614 115.87033355475131
1.4118000000000002 3.0 0.0 3.0 1.0 0.0 0.0 1.0 43.370000000000005 2.9915745285024826 328.580422437888
1.0217 3.0 0.0 2.0 1.0 0.0 0.0 1.0 43.370000000000005 3.13971737739725 314.79873975447003
4.342440000000003 6.0 0.0 5.0 3.0 0.0 0.0 3.0 78.26 2.060272558310196 1169.389462654349
2.755000000000001 3.0 1.0 2.0 2.0 0.0 0.0 2.0 60.160000000000004 2.4961289671937283 567.0601341830188
1.3820000000000006 5.0 3.0 3.0 2.0 0.0 0.0 2.0 123.48000000000002 2.73843419417077 784.7082073607701
2.0599999999999996 4.0 2.0 3.0 2.0 0.0 0.0 2.0 89.26 2.344260332870976 720.0192623873418
0.35230000000000045 4.0 2.0 5.0 0.0 0.0 0.0 0.0 98.48999999999998 3.8528574795387525 271.41438217180246
-0.28379999999999994 4.0 2.0 4.0 0.0 0.0 0.0 0.0 98.48999999999998 3.6158366979002143 235.8327748775539
1.1325 4.0 2.0 7.0 0.0 0.0 0.0 0.0 98.48999999999998 3.8795400003754703 302.6308462310055
1.2074999999999998 3.0 1.0 1.0 1.0 0.0 1.0 2.0 66.48 2.606555900520484 536.7500531426354
0.6826 4.0 1.0 2.0 1.0 0.0 1.0 2.0 72.83 2.3772972953769815 409.66338271391083
2.7326000000000006 2.0 0.0 0.0 2.0 0.0 1.0 3.0 34.14 2.414775645683774 556.1373359552139
0.35030000000000017 4.0 3.0 4.0 1.0 0.0 0.0 1.0 128.97 3.6059006195477066 497.20599283598176
2.8537100000000013 3.0 0.0 1.0 2.0 0.0 0.0 2.0 9.86 2.685246082532517 493.75123770895794
1.4080000000000001 3.0 2.0 4.0 0.0 0.0 0.0 0.0 63.32 3.623760116450608 173.86535284142974
1.1108 3.0 0.0 2.0 0.0 0.0 1.0 1.0 29.43 2.3472738489589746 153.13685006057713
0.8225 1.0 1.0 1.0 0.0 0.0 0.0 0.0 26.02 3.1684898726705697 37.30296890880646
1.2832999999999999 1.0 1.0 2.0 0.0 0.0 0.0 0.0 26.02 3.154490065368808 46.532068975639476
3.514800000000003 0.0 0.0 4.0 0.0 0.0 0.0 0.0 0.0 3.824684203207495 47.45811190640113
1.1064399999999999 1.0 2.0 1.0 1.0 0.0 0.0 1.0 57.53 3.2848383766231546 340.15625140819003
1.6427999999999996 1.0 2.0 1.0 2.0 0.0 0.0 2.0 57.53 2.8459423685999683 510.26096714460544
-4.989399999999995 0.0 0.0 1.0 2.0 0.0 0.0 2.0 7.76 1.12499981887503e-06 380.27667782934395
-5.049799999999995 0.0 0.0 0.0 2.0 0.0 1.0 3.0 7.76 6.399999085333467e-07 440.449905948586
4.262400000000004 6.0 0.0 6.0 1.0 0.0 1.0 2.0 68.31 1.9232440436168907 664.9815798262047
4.057500000000004 7.0 0.0 8.0 1.0 0.0 1.0 2.0 68.31 1.9697921241251515 707.8365033465442
5.296100000000005 5.0 0.0 9.0 1.0 0.0 1.0 2.0 42.010000000000005 1.9767801305443369 598.7191320277816
0.8725 2.0 0.0 2.0 1.0 0.0 0.0 1.0 26.3 2.453018743531937 233.10719092921428
-2.3980999999999986 1.0 0.0 2.0 0.0 0.0 0.0 0.0 9.23 0.0 18.264662506490403
-2.490099999999999 4.0 0.0 0.0 0.0 0.0 0.0 0.0 80.25999999999999 -7.199999951999999e-08 70.56842503028855
-0.1849 1.0 0.0 0.0 0.0 0.0 0.0 0.0 17.07 2.0 2.0
0.2528 0.0 0.0 0.0 0.0 0.0 0.0 0.0 0.0 3.137461179749811 55.01955000865387
1.1636 2.0 0.0 0.0 0.0 0.0 1.0 1.0 17.07 2.521181527601934 85.72120767599534
-0.476 4.0 0.0 2.0 0.0 0.0 0.0 0.0 52.60000000000001 3.8856046430784614 112.62522105691478
1.4583000000000002 2.0 0.0 2.0 1.0 0.0 0.0 1.0 34.14 2.9479803431399967 274.87402422213546
0.1644000000000001 2.0 0.0 1.0 0.0 0.0 0.0 0.0 34.14 3.5677034550432034 71.5488750216347
0.5545 2.0 0.0 2.0 0.0 0.0 0.0 0.0 34.14 3.5779199262724384 94.25327665163482
1.4596 2.0 2.0 5.0 0.0 0.0 0.0 0.0 34.14 3.0550899395377584 117.70950594454669
0.33089999999999997 5.0 0.0 2.0 0.0 0.0 0.0 0.0 61.83 3.7663087916101996 153.05163237816978
3.8817800000000027 6.0 0.0 7.0 1.0 0.0 0.0 1.0 63.839999999999996 2.9883516144192117 564.0660168264776
2.627600000000001 1.0 1.0 1.0 1.0 0.0 0.0 1.0 26.02 3.318913173486669 278.2420897763861
0.78968 3.0 0.0 2.0 0.0 0.0 0.0 0.0 40.86 3.0198851496716976 104.74764726768922
1.99784 6.0 0.0 5.0 0.0 0.0 0.0 0.0 71.37 3.6613521421134756 215.89354033035602
4.7458 2.0 1.0 1.0 1.0 0.0 0.0 1.0 54.37 3.8445859040754877 495.05428338471296
2.490100000000001 4.0 0.0 1.0 3.0 0.0 0.0 3.0 70.34 2.457301107429124 814.7593585162939
-0.5835 2.0 0.0 0.0 0.0 0.0 0.0 0.0 34.14 3.2659863237109046 23.774437510817343
4.187800000000004 4.0 0.0 3.0 2.0 0.0 0.0 2.0 34.59 2.148641347800913 695.4160953684072
3.355900000000001 4.0 0.0 0.0 0.0 2.0 3.0 3.0 52.60000000000001 2.1874187740195965 573.9273121140942
3.9192000000000036 4.0 0.0 6.0 1.0 1.0 1.0 2.0 44.760000000000005 1.9762330395093344 582.8697304336721
3.689800000000001 3.0 0.0 0.0 0.0 2.0 3.0 3.0 35.53 2.187726044332392 470.1834139056276
-0.3881 3.0 0.0 0.0 0.0 1.0 1.0 1.0 35.53 2.3673518510178746 63.19344939991072
3.5980000000000025 7.0 0.0 10.0 0.0 0.0 0.0 0.0 46.150000000000006 4.786871873258736 251.64012554421817
1.3151 2.0 1.0 1.0 1.0 0.0 0.0 1.0 33.120000000000005 2.981454614041131 209.5576620543373
1.5141 4.0 1.0 3.0 0.0 0.0 0.0 0.0 46.53 3.6598886651041704 157.9063853504431
3.974100000000001 0.0 0.0 0.0 1.0 0.0 0.0 1.0 0.0 3.165670309917317 169.06517765499825
3.6797000000000004 1.0 1.0 0.0 1.0 0.0 0.0 1.0 20.23 3.310532874722407 236.16499587006643
3.229 1.0 1.0 0.0 1.0 0.0 0.0 1.0 26.02 3.310532874722407 236.16499587006643
0.8471000000000002 2.0 2.0 3.0 1.0 0.0 0.0 1.0 57.53 2.877595790918249 255.7359747745539
2.75 2.0 2.0 3.0 2.0 0.0 0.0 2.0 74.6 2.6974636434800607 561.1959859811753
0.8844999999999998 2.0 2.0 1.0 1.0 0.0 0.0 1.0 40.46 3.0065240073265844 195.86256853719752
1.7449999999999999 0.0 0.0 0.0 0.0 0.0 0.0 0.0 0.0 3.0237157840738176 22.364527976600282
3.741800000000003 0.0 0.0 6.0 0.0 0.0 0.0 0.0 0.0 2.595082706793886 37.832293921787276
2.5084999999999997 0.0 0.0 0.0 0.0 0.0 0.0 0.0 0.0 3.5411969650799016 58.44547197387445
-0.524799999999999 11.0 0.0 10.0 0.0 0.0 0.0 0.0 148.57000000000002 6.000582462033392 582.9155996344957
1.4714 2.0 1.0 1.0 1.0 0.0 0.0 1.0 43.09 3.003400684579818 237.9394333808838
0.0696000000000001 6.0 0.0 3.0 1.0 0.0 0.0 1.0 48.39000000000001 3.2008180791458556 268.63201166582786
0.27631999999999995 2.0 1.0 0.0 1.0 0.0 0.0 1.0 46.0 3.2963435848007157 197.4547535417141
2.4953000000000003 1.0 2.0 1.0 2.0 0.0 0.0 2.0 38.05 2.58753091711869 474.1761553969985
1.3421 1.0 2.0 1.0 1.0 0.0 0.0 1.0 38.05 2.6742416022951265 220.30753299614886
6.198200000000001 2.0 0.0 0.0 2.0 0.0 1.0 3.0 18.46 2.115832067928514 543.5110495664155
8.8118 2.0 0.0 0.0 2.0 0.0 1.0 3.0 18.46 2.32088843639644 697.8417983917849
6.198200000000002 2.0 0.0 0.0 2.0 0.0 1.0 3.0 18.46 2.1753733008191007 597.5110495664155
4.891400000000002 2.0 0.0 0.0 2.0 0.0 1.0 3.0 18.46 2.093075245073251 515.4403729860492
7.505000000000001 2.0 0.0 0.0 2.0 0.0 1.0 3.0 18.46 2.2269680328348387 681.7030107910092
6.851600000000001 2.0 0.0 0.0 2.0 0.0 1.0 3.0 18.46 2.2258139821235354 699.2495901709044
6.1996 1.0 0.0 0.0 3.0 0.0 0.0 3.0 13.14 2.5110009946515177 682.9202949036774
6.198200000000002 2.0 0.0 0.0 2.0 0.0 1.0 3.0 18.46 2.163125974777752 655.0110495664154
6.620600000000001 0.0 0.0 1.0 2.0 0.0 0.0 2.0 0.0 2.7693730560826473 577.348938365776
2.6445000000000007 2.0 2.0 2.0 2.0 0.0 0.0 2.0 49.33 2.186811345762867 494.2955976569277
2.615400000000001 4.0 0.0 2.0 2.0 0.0 0.0 2.0 52.6 1.9296630435110773 482.7351541205121
0.2923999999999999 3.0 2.0 2.0 1.0 0.0 0.0 1.0 89.25999999999999 2.951896247179317 436.159125541551
0.5378999999999994 2.0 2.0 2.0 1.0 1.0 1.0 2.0 58.2 2.524396870109536 398.28675391292165
-1.2268999999999994 3.0 1.0 0.0 0.0 0.0 1.0 1.0 58.69 2.7289998504252155 151.3624125497598
1.0414999999999999 4.0 2.0 3.0 0.0 2.0 2.0 2.0 83.47 1.9621955411559604 404.09657603487483
1.5908 2.0 0.0 0.0 0.0 0.0 0.0 0.0 43.14 3.7911184170869663 85.42592196522058
1.771 2.0 1.0 2.0 1.0 1.0 1.0 2.0 46.17 2.4002434981758296 413.20058758574135
-1.0622000000000003 8.0 0.0 4.0 0.0 2.0 2.0 2.0 123.20000000000002 1.948118235012669 278.90366073218416
-0.9368000000000005 2.0 2.0 0.0 1.0 0.0 0.0 1.0 65.72 3.4364670255861682 219.36195376207493
0.6756399999999999 3.0 1.0 0.0 1.0 0.0 0.0 1.0 51.8 3.165670309917317 169.06517765499825
3.7878000000000025 2.0 0.0 5.0 2.0 1.0 1.0 3.0 40.620000000000005 2.0215060313567244 627.5305050940952
0.10669999999999985 3.0 3.0 2.0 0.0 0.0 0.0 0.0 63.32 4.040215640745235 118.61662740247263
4.425600000000004 3.0 1.0 6.0 2.0 1.0 1.0 3.0 40.54 1.4445792101332058 737.6113236938788
0.909 5.0 3.0 6.0 1.0 0.0 0.0 1.0 112.70000000000002 2.821158149823159 480.20675753303044
2.0924999999999994 3.0 0.0 0.0 1.0 4.0 6.0 7.0 32.78 1.5524232297011886 848.052733715765
1.55042 4.0 0.0 2.0 2.0 0.0 0.0 2.0 30.17 2.73026047273788 578.7023102137921
3.942700000000003 5.0 1.0 6.0 2.0 1.0 2.0 4.0 29.950000000000003 1.4100209962913943 779.7720785762971
4.241000000000003 3.0 0.0 4.0 2.0 0.0 1.0 3.0 6.48 1.9079557582606876 549.5488048405728
1.4844199999999999 3.0 0.0 1.0 2.0 0.0 0.0 2.0 26.93 2.688005786650138 493.7512377089579
4.239400000000003 3.0 0.0 3.0 2.0 0.0 1.0 3.0 6.48 2.031569707068425 563.943928696335
0.5808999999999997 5.0 1.0 2.0 1.0 1.0 1.0 2.0 88.37 2.2393591762857787 390.1832651623677
4.308100000000003 5.0 1.0 6.0 2.0 1.0 2.0 4.0 29.950000000000003 1.4716669756319083 868.9465296058858
-1.3750000000000007 8.0 4.0 2.0 2.0 1.0 1.0 3.0 126.65 2.035435145869755 601.3927524598979
1.5261 5.0 2.0 3.0 2.0 0.0 0.0 2.0 85.08 2.2889130817194454 561.3113832440436
1.5159999999999998 3.0 2.0 5.0 0.0 1.0 1.0 1.0 58.2 3.113648891223277 345.5171294787495
-1.0397 5.0 1.0 0.0 2.0 0.0 0.0 2.0 72.68 3.178460985506274 574.1705593822571
0.5702 2.0 1.0 0.0 1.0 0.0 1.0 2.0 46.17 2.6946772551637395 310.7002242088733
4.945600000000004 4.0 0.0 4.0 2.0 1.0 2.0 4.0 9.72 1.5496001153747445 831.8857872361674
0.8768 7.0 2.0 5.0 2.0 0.0 0.0 2.0 116.43 2.3363061545836903 709.172688016295
2.6851000000000003 6.0 0.0 3.0 1.0 1.0 2.0 3.0 71.06 2.19554879426611 715.5225852429162
3.493400000000002 3.0 1.0 5.0 2.0 1.0 1.0 3.0 60.85000000000001 2.0249517771284085 728.0369369106378
1.22952 6.0 2.0 3.0 2.0 0.0 0.0 2.0 97.97 2.276726283674452 618.7003402944881
-2.3071999999999995 4.0 4.0 3.0 0.0 0.0 0.0 0.0 80.92 3.292478156075495 48.0
1.3278999999999999 2.0 2.0 3.0 1.0 0.0 0.0 1.0 32.26 2.7110407232330616 222.5400055614587
-0.4022000000000001 3.0 2.0 0.0 0.0 0.0 2.0 2.0 74.43 2.9295862435831603 362.1908003330719
1.0568 4.0 3.0 5.0 1.0 0.0 0.0 1.0 101.29 2.6444911926355648 496.7696521436176
2.1097 5.0 0.0 2.0 1.0 4.0 6.0 7.0 51.239999999999995 1.5219335948756048 973.8696754699489
2.2553 5.0 2.0 4.0 3.0 0.0 0.0 3.0 90.00999999999999 1.9404043278286545 871.4206209073054
2.2155000000000005 6.0 4.0 1.0 2.0 0.0 1.0 3.0 107.22000000000001 2.0139232497137 737.1839683526324
1.1680199999999998 5.0 2.0 3.0 2.0 0.0 0.0 2.0 97.97 2.2671419224709672 635.748359753755
0.8681999999999999 6.0 2.0 4.0 2.0 0.0 0.0 2.0 107.19999999999999 2.22609992235484 653.3445828576388
2.31562 3.0 2.0 3.0 1.0 1.0 1.0 2.0 75.27 1.9653113721229387 560.5867417449646
1.36602 5.0 2.0 3.0 2.0 0.0 0.0 2.0 98.22 2.2767262836744524 616.5006093542684
1.2575999999999998 7.0 2.0 5.0 2.0 0.0 0.0 2.0 105.51 2.3975621374281344 621.1065134129683
4.266700000000004 4.0 0.0 3.0 0.0 3.0 4.0 4.0 60.440000000000005 1.5550748620254948 707.1669090421246
0.6204999999999998 6.0 4.0 2.0 0.0 3.0 4.0 4.0 115.06000000000002 1.8376918794672796 806.7175206902476
3.636800000000003 6.0 2.0 6.0 0.0 3.0 4.0 4.0 100.90000000000002 1.7985953894529008 956.7669810831956
0.9743999999999999 2.0 2.0 0.0 1.0 0.0 0.0 1.0 46.25 3.134861511345448 164.63833891467198
0.7907999999999997 6.0 2.0 2.0 1.0 0.0 0.0 1.0 132.53 3.427504477934317 416.1731577182378
1.177 3.0 1.0 1.0 1.0 0.0 0.0 1.0 69.16 3.069899265759275 259.67965837655686
1.177 3.0 1.0 1.0 1.0 0.0 0.0 1.0 69.16 3.003400684579818 242.4296583765568
1.2086000000000003 5.0 1.0 2.0 1.0 0.0 0.0 1.0 106.50999999999999 3.267052212361692 375.28740254995904
1.6088199999999997 3.0 1.0 1.0 1.0 0.0 0.0 1.0 63.37 3.232208870305491 295.7372022742226
1.2047 2.0 1.0 1.0 1.0 0.0 0.0 1.0 37.3 3.0097819477866006 200.66106510209755
1.2086000000000003 5.0 1.0 2.0 1.0 0.0 0.0 1.0 106.50999999999999 3.2021054375890703 375.287402549959
1.4395 3.0 1.0 1.0 1.0 0.0 0.0 1.0 63.37 3.1960696621259204 299.878911724299
1.5170200000000003 5.0 1.0 2.0 1.0 0.0 0.0 1.0 106.50999999999999 3.427504477934317 414.78633577032497
1.2086000000000003 5.0 1.0 2.0 1.0 0.0 0.0 1.0 106.50999999999999 3.3454419708109935 343.03740254995904
1.006 4.0 2.0 1.0 1.0 0.0 0.0 1.0 83.6 3.318913173486668 276.3837992264624
2.9674000000000014 3.0 1.0 2.0 2.0 0.0 0.0 2.0 63.37 2.5219240579176367 523.0420115762224
2.813900000000001 3.0 1.0 3.0 1.0 0.0 0.0 1.0 63.37 3.123580798288176 349.2203893594689
0.6726000000000001 3.0 3.0 1.0 1.0 0.0 0.0 1.0 83.55 3.1960696621259195 295.73720227422257
0.9670000000000001 2.0 2.0 1.0 1.0 0.0 0.0 1.0 63.32 3.069899265759275 257.53794892648057
0.7959999999999998 3.0 3.0 1.0 1.0 0.0 0.0 1.0 77.76 3.1515496683060507 292.492089776386
1.099 3.0 2.0 2.0 1.0 0.0 0.0 1.0 66.75999999999999 3.1343002499495434 305.92621196610224
2.2738 2.0 2.0 1.0 1.0 0.0 0.0 1.0 63.32 3.3738590108748694 338.423415200434
0.9670000000000001 2.0 2.0 1.0 1.0 0.0 0.0 1.0 63.32 3.003400684579818 240.2879489264805
0.7959999999999998 3.0 3.0 1.0 1.0 0.0 0.0 1.0 77.76 3.318913173486669 272.2420897763861
2.349100000000001 3.0 1.0 4.0 1.0 0.0 0.0 1.0 46.53 2.4810725342253392 289.9058830612445
1.1787999999999998 3.0 1.0 1.0 1.0 0.0 0.0 1.0 46.53 3.0326621558006566 267.7946100817276
2.1936 4.0 2.0 2.0 2.0 0.0 0.0 2.0 72.55 2.2062649973289963 537.6157679203478
1.0554 3.0 1.0 1.0 1.0 0.0 0.0 1.0 52.32 2.8953480359887567 253.2994975838911
2.6158 3.0 1.0 5.0 1.0 0.0 0.0 1.0 52.32 2.3674874478117127 305.90308737575606
3.3960000000000017 3.0 1.0 7.0 1.0 0.0 0.0 1.0 52.32 2.1877833988335254 332.5803757963123
3.786100000000002 3.0 1.0 8.0 1.0 0.0 0.0 1.0 52.32 2.117836776279736 346.0161635210679
1.4054 2.0 0.0 4.0 0.0 0.0 0.0 0.0 18.46 2.919612641438553 39.79319390447952
0.23670000000000002 2.0 0.0 2.0 0.0 0.0 0.0 0.0 18.46 2.19060968716425 12.36452797660028
1.0877999999999999 3.0 0.0 0.0 0.0 1.0 1.0 1.0 27.69 2.3408516164378748 69.28421251514428
1.0169000000000001 2.0 0.0 4.0 0.0 0.0 0.0 0.0 18.46 2.447472887876344 25.26112492884004
1.8957000000000002 5.0 3.0 2.0 0.0 3.0 4.0 4.0 94.83 1.83769187946728 804.7488254884713
2.3524000000000003 6.0 2.0 3.0 0.0 3.0 4.0 4.0 100.90000000000002 1.6546195138211754 786.2375645587604
2.560600000000001 6.0 1.0 3.0 0.0 3.0 4.0 4.0 97.74000000000001 1.6645960183635236 827.2246952751074
2.666700000000002 4.0 2.0 2.0 0.0 3.0 4.0 4.0 74.6 1.7001113115352158 637.8073073537269
2.1284 6.0 2.0 3.0 0.0 3.0 4.0 4.0 100.90000000000002 1.663956407732868 827.2246952751074
1.9898 5.0 2.0 2.0 0.0 3.0 4.0 4.0 91.66999999999999 1.7481728292749805 723.9130815015496
4.723500000000005 2.0 0.0 1.0 0.0 3.0 4.0 4.0 34.14 1.6696033124820626 588.6489897976311
4.269300000000004 2.0 1.0 0.0 0.0 3.0 4.0 4.0 37.3 1.6968001719233186 545.9104984355639
3.879200000000003 2.0 1.0 0.0 0.0 3.0 4.0 4.0 37.3 1.6883496404253646 507.69574308017087
4.087400000000003 2.0 0.0 0.0 0.0 3.0 4.0 4.0 34.14 1.703811290891583 545.7696078462164
3.695900000000003 3.0 1.0 2.0 0.0 3.0 4.0 4.0 54.370000000000005 1.646027462326123 606.2051148204893
1.7620999999999996 8.0 2.0 4.0 0.0 3.0 4.0 4.0 127.20000000000002 1.8004822924129775 1018.3858270401208
3.8384000000000027 3.0 1.0 1.0 0.0 3.0 4.0 4.0 54.37 1.6975828976870395 634.995115124503
1.8737 5.0 3.0 2.0 0.0 3.0 4.0 4.0 94.83 1.7976551042621027 734.0836113882948
2.923300000000001 4.0 2.0 1.0 0.0 3.0 4.0 4.0 74.6 1.863657222021154 787.182282642092
2.466500000000001 6.0 2.0 3.0 0.0 3.0 4.0 4.0 100.9 1.757846453544653 909.7455961968411
-0.7977000000000001 2.0 2.0 0.0 1.0 0.0 0.0 1.0 65.72 3.523897718994017 312.83394095677266
-0.6283800000000002 2.0 2.0 0.0 1.0 0.0 0.0 1.0 65.72 3.523897718994017 309.2243004823359
-1.1742 2.0 2.0 0.0 0.0 1.0 1.0 1.0 58.2 2.5537050272065858 106.10331482049533
-0.9264000000000001 3.0 1.0 0.0 1.0 0.0 0.0 1.0 54.86 3.523897718994017 309.2243004823359
1.2491999999999999 3.0 2.0 2.0 0.0 1.0 2.0 2.0 75.27000000000001 2.4086730423167193 391.9738038616938
0.491 3.0 2.0 4.0 0.0 1.0 1.0 1.0 75.27000000000001 3.0712067017858526 314.5766636881138
1.1849999999999998 3.0 2.0 4.0 0.0 1.0 1.0 1.0 75.27000000000001 2.8717018629932234 303.19136469282626
0.5709000000000001 3.0 2.0 3.0 0.0 1.0 1.0 1.0 75.27000000000001 3.1417146687955246 313.5592023607486
0.7871999999999999 2.0 1.0 0.0 1.0 0.0 0.0 1.0 33.120000000000005 3.0214653097240864 138.00750422530467
0.7275 1.0 0.0 0.0 2.0 0.0 0.0 2.0 37.2 2.9131611636048604 378.7244463345713
1.9403999999999997 2.0 1.0 0.0 2.0 0.0 0.0 2.0 33.120000000000005 2.8289012156206956 383.97444633457127
3.575400000000001 4.0 1.0 2.0 2.0 0.0 0.0 2.0 50.7 2.3046460439097363 497.60732647329075
2.2356999999999996 6.0 2.0 4.0 1.0 0.0 0.0 1.0 62.730000000000004 2.945000898431184 347.5528924740622
1.803 5.0 1.0 5.0 1.0 0.0 0.0 1.0 53.940000000000005 2.9607316091961065 313.37105540415854
0.9275 5.0 2.0 2.0 1.0 0.0 0.0 1.0 76.72 2.854706890657317 254.39099680660752
2.2340999999999998 6.0 2.0 5.0 1.0 0.0 0.0 1.0 62.730000000000004 2.911011564812741 311.7313157250365
1.6708799999999997 6.0 2.0 4.0 1.0 0.0 0.0 1.0 86.52 2.929790651983936 410.95050427088734
1.5223999999999998 6.0 2.0 4.0 1.0 0.0 0.0 1.0 71.96000000000001 2.945000898431184 347.5528924740622
1.8440999999999996 1.0 0.0 0.0 1.0 0.0 0.0 1.0 12.89 3.0214653097240864 138.00750422530467
0.34249999999999975 2.0 2.0 1.0 0.0 1.0 1.0 1.0 63.32 2.6129569939582904 127.01955000865388
0.641 2.0 2.0 3.0 1.0 0.0 0.0 1.0 63.32 2.58460408239752 258.4908622767174
1.083 2.0 2.0 2.0 1.0 0.0 0.0 1.0 74.6 3.121805775248301 300.33467465916425
0.478 3.0 2.0 2.0 1.0 0.0 0.0 1.0 87.49000000000001 3.121805775248301 304.683190204761
0.478 3.0 2.0 2.0 1.0 0.0 0.0 1.0 87.49000000000001 3.0061498337295465 283.68319020476093
0.47799999999999987 3.0 2.0 2.0 1.0 0.0 0.0 1.0 87.49000000000001 3.121805775248301 304.683190204761
0.478 3.0 2.0 2.0 1.0 0.0 0.0 1.0 87.49000000000001 3.267076195703771 300.933190204761
0.478 3.0 2.0 2.0 1.0 0.0 0.0 1.0 87.49000000000001 3.121805775248301 304.683190204761
0.7797999999999999 2.0 1.0 1.0 1.0 0.0 0.0 1.0 50.19 2.981454614041131 207.5576620543373
3.9566000000000034 4.0 1.0 16.0 0.0 0.0 0.0 0.0 80.31 3.9192447836908597 428.30870365898204
-0.2895000000000001 1.0 1.0 1.0 0.0 0.0 0.0 0.0 43.09 2.8473789230876716 44.912609383243264
-0.1333999999999999 1.0 1.0 1.0 0.0 0.0 0.0 0.0 43.09 2.8473789230876716 44.912609383243264
1.2692999999999999 1.0 1.0 3.0 0.0 0.0 0.0 0.0 43.09 4.090340515801205 109.62548782626679
0.31789999999999996 1.0 1.0 2.0 0.0 0.0 0.0 0.0 43.09 3.3434170589539596 75.33515884998701
1.6693 1.0 0.0 1.0 1.0 0.0 0.0 1.0 20.310000000000002 2.851177890164404 242.9994627262031
2.666800000000001 1.0 0.0 3.0 1.0 0.0 0.0 1.0 20.310000000000002 2.9490603525213714 297.4156580655714
3.1232200000000017 2.0 0.0 6.0 1.0 0.0 0.0 1.0 29.54 3.1439293404994153 406.7805068733243
-0.9702999999999999 2.0 2.0 1.0 0.0 0.0 0.0 0.0 63.32 2.847378923087672 42.91260938324327
2.5037000000000007 1.0 1.0 1.0 0.0 0.0 1.0 1.0 20.23 2.5385757360885064 162.20181564730422
0.7377 2.0 1.0 2.0 0.0 0.0 0.0 0.0 52.32 3.0500782919131915 80.49785513558373
2.2797 1.0 1.0 1.0 0.0 0.0 1.0 1.0 20.23 2.620729102033821 191.04945807617773
0.8802000000000001 2.0 1.0 0.0 0.0 0.0 0.0 0.0 52.32 3.5512529243669313 93.09201719290463
-3.2214000000000005 6.0 5.0 1.0 0.0 1.0 1.0 1.0 110.38000000000001 2.6344089870615974 146.2188491003481
0.49030000000000007 1.0 2.0 2.0 0.0 0.0 0.0 0.0 24.06 3.0551722039096187 64.82892142331043
1.2033 1.0 1.0 2.0 0.0 0.0 0.0 0.0 37.3 3.5001125965545556 122.49022499567306
-1.6094000000000002 3.0 3.0 2.0 0.0 0.0 0.0 0.0 83.55000000000001 3.3434170589539605 72.58027134782354
3.7268 0.0 0.0 0.0 0.0 0.0 0.0 0.0 0.0 4.020391543176799 61.50977500432693
0.3259 2.0 2.0 4.0 0.0 0.0 0.0 0.0 74.6 3.1028259423155773 104.12640240679957
-0.06419999999999987 2.0 2.0 3.0 0.0 0.0 0.0 0.0 74.6 3.1818458670936187 92.60593781761291
0.10669999999999985 3.0 3.0 2.0 0.0 0.0 0.0 0.0 63.32 4.040215640745235 118.61662740247263
0.7160000000000002 2.0 2.0 5.0 0.0 0.0 0.0 0.0 74.6 3.0550899395377584 113.70950594454669
-1.0934000000000001 3.0 3.0 3.0 0.0 0.0 0.0 0.0 94.83000000000001 3.632432151939845 128.919684538544
1.3921999999999999 1.0 1.0 0.0 1.0 0.0 0.0 1.0 20.23 3.0214653097240864 134.10736969541455
-1.3361999999999998 3.0 3.0 4.0 0.0 0.0 0.0 0.0 106.41 3.4907296603908136 145.8284895747849
1.1278 2.0 1.0 2.0 0.0 1.0 1.0 1.0 46.17 3.0011226361089163 231.07924487569684
-1.338429999999999 3.0 5.0 5.0 0.0 0.0 0.0 0.0 125.22 3.3118352065890755 170.93102051518318
1.0388 4.0 1.0 1.0 0.0 0.0 0.0 0.0 50.69 3.608044380766722 146.58337707694835
-1.0622000000000003 8.0 0.0 4.0 0.0 2.0 2.0 2.0 123.20000000000002 1.948118235012669 278.90366073218416
-0.6214000000000002 3.0 2.0 0.0 0.0 1.0 1.0 1.0 75.27000000000001 2.930240445198694 222.21195064185667
0.851 2.0 2.0 0.0 1.0 0.0 0.0 1.0 52.04 3.077660437970554 166.38833891467198
-0.8674000000000002 3.0 2.0 0.0 0.0 2.0 2.0 2.0 75.27 2.2951607917374073 245.00096093374566
4.759000000000004 1.0 2.0 10.0 0.0 1.0 1.0 1.0 41.13 1.8383285946614136 237.14450308522768
1.9546 1.0 1.0 1.0 1.0 0.0 0.0 1.0 20.23 2.881555877646136 176.26405299160075
-0.23129999999999995 3.0 2.0 1.0 0.0 1.0 1.0 1.0 75.27000000000001 2.951250011669165 239.37710316891452
-0.4773 3.0 2.0 0.0 0.0 2.0 2.0 2.0 75.27 2.2803508798325676 258.37607576948636
2.9202800000000018 0.0 0.0 0.0 1.0 0.0 0.0 1.0 0.0 3.2824629074535228 196.2103774276832
2.993400000000001 0.0 0.0 0.0 1.0 0.0 0.0 1.0 0.0 3.0324555320336755 145.38833891467198
0.15879999999999994 3.0 2.0 2.0 0.0 1.0 1.0 1.0 75.27000000000001 3.0073639750208327 246.56270446889653
-0.06520000000000004 3.0 2.0 2.0 0.0 1.0 1.0 1.0 75.27000000000001 2.9495794574566077 275.7642645701818
1.2046999999999999 2.0 1.0 1.0 1.0 0.0 0.0 1.0 37.3 3.070760681783566 217.91106510209752
0.8033999999999997 3.0 3.0 0.0 1.0 0.0 0.0 1.0 60.69 3.165670309917317 169.06517765499825
0.5489 3.0 2.0 3.0 0.0 1.0 1.0 1.0 75.27000000000001 2.973421401450698 265.7816541110614
0.3249000000000001 3.0 2.0 3.0 0.0 1.0 1.0 1.0 75.27000000000001 3.0297133631540913 289.1789276376484
0.5009999999999999 3.0 1.0 2.0 0.0 1.0 1.0 1.0 66.48 3.115227612022728 294.4321921301733
0.3029 3.0 2.0 0.0 0.0 2.0 2.0 2.0 75.27 2.2670906216820734 283.1789276376484
1.69322 1.0 1.0 1.0 1.0 0.0 0.0 1.0 37.3 3.003400684579818 235.93943338088374
0.7149999999999999 3.0 2.0 2.0 0.0 1.0 1.0 1.0 75.27000000000001 2.9007059860382536 333.67900166923835
1.2819000000000003 2.0 1.0 2.0 1.0 0.0 0.0 1.0 52.32000000000001 2.453018743531937 233.10719092921428
1.5213999999999999 9.0 0.0 6.0 1.0 0.0 0.0 1.0 62.580000000000005 2.70750912340813 437.2272019195011
-0.3149000000000006 3.0 2.0 1.0 1.0 0.0 0.0 1.0 68.00999999999999 2.8526279288191434 221.69435494406167
0.7948999999999999 3.0 2.0 3.0 0.0 1.0 1.0 1.0 75.27000000000001 3.1053348201628164 291.78936172707694
1.5239 1.0 1.0 1.0 1.0 0.0 0.0 1.0 37.3 3.1529414466808685 257.53794892648057
0.6507999999999999 3.0 2.0 2.0 0.0 1.0 1.0 1.0 75.27000000000001 3.2148004179982292 290.62919048309067
0.9670000000000001 2.0 2.0 1.0 1.0 0.0 0.0 1.0 63.32 3.1529414466808694 257.53794892648057
1.0904 2.0 2.0 1.0 1.0 0.0 0.0 1.0 57.53 3.0698992657592745 254.78306142431708
1.3291 3.0 2.0 5.0 0.0 1.0 1.0 1.0 75.27000000000001 2.788484477314955 292.3515359368125
-0.6419199999999998 5.0 2.0 3.0 0.0 0.0 0.0 0.0 103.58000000000001 4.27225609702679 291.80025768442397
1.3003999999999998 3.0 1.0 1.0 1.0 0.0 0.0 1.0 63.37 3.003400684579818 241.67477087439332
1.177 3.0 1.0 1.0 1.0 0.0 0.0 1.0 69.16 3.1529414466808694 259.67965837655686
3.5371200000000025 0.0 0.0 0.0 1.0 0.0 0.0 1.0 0.0 3.6035674514745475 214.30309024251744
1.3003999999999998 3.0 1.0 1.0 1.0 0.0 0.0 1.0 63.37 3.069899265759275 258.9247708743934
3.1319000000000017 3.0 2.0 9.0 0.0 1.0 1.0 1.0 67.42999999999999 1.9450379132527982 301.89721411270165
1.1050999999999997 3.0 2.0 3.0 0.0 1.0 1.0 1.0 75.27000000000001 3.006647572562854 347.42596479667276
3.0429000000000013 4.0 4.0 12.0 0.0 1.0 1.0 1.0 97.99000000000001 2.4624405408050674 431.80244996317316
0.46779999999999955 3.0 2.0 0.0 0.0 2.0 2.0 2.0 58.2 2.2670906216820734 285.93381513981194
1.7191999999999998 3.0 2.0 6.0 0.0 1.0 1.0 1.0 75.27000000000001 2.6810184590014075 305.7124307904384
1.0831 3.0 2.0 0.0 0.0 2.0 2.0 2.0 75.27 2.213501074254922 308.12137657048413
5.395100000000005 1.0 2.0 10.0 0.0 4.0 4.0 4.0 41.13 1.2559369327854404 371.3587126455221
1.1050999999999997 3.0 2.0 3.0 0.0 1.0 1.0 1.0 75.27000000000001 3.2037805931017176 351.42596479667276
2.1678999999999995 0.0 1.0 0.0 2.0 0.0 0.0 2.0 15.79 2.9546597902851044 278.54542122074673
0.9609999999999999 3.0 2.0 4.0 0.0 1.0 1.0 1.0 75.27000000000001 3.1578567421981303 329.1388378978494
3.9591000000000034 2.0 1.0 0.0 0.0 4.0 4.0 4.0 37.3 1.6370645181431462 458.48270663634156
1.3505999999999998 2.0 2.0 1.0 1.0 0.0 0.0 1.0 49.33 2.790931451480763 270.54949758389114
2.1092999999999997 3.0 2.0 7.0 0.0 1.0 1.0 1.0 75.27000000000001 2.577524415827032 319.1280580656219
1.3934 2.0 1.0 2.0 1.0 0.0 0.0 1.0 46.53 3.00588921891474 267.7946100817276
1.3505999999999998 2.0 2.0 1.0 1.0 0.0 0.0 1.0 49.33 2.8574541535636215 270.54949758389114
1.3934 2.0 1.0 2.0 1.0 0.0 0.0 1.0 46.53 3.121219318886157 267.7946100817276
1.3510999999999997 3.0 2.0 3.0 0.0 1.0 1.0 1.0 75.27000000000001 3.1323563177496307 372.55492181215095
1.3988199999999997 2.0 2.0 1.0 1.0 0.0 0.0 1.0 57.53 3.232208870305491 291.3886867286258
1.24 4.0 1.0 3.0 0.0 0.0 0.0 0.0 55.4 4.0741188846199865 163.8856389575664
2.4993999999999996 3.0 2.0 8.0 0.0 1.0 1.0 1.0 75.27000000000001 2.481974676008492 332.60023954948133
1.4073 3.0 0.0 2.0 1.0 0.0 0.0 1.0 60.21 3.0995997413346403 295.4920897763861
1.3498999999999999 3.0 2.0 4.0 0.0 1.0 1.0 1.0 58.2 3.0460336908423664 307.9462521949897
1.5689 3.0 1.0 2.0 1.0 0.0 0.0 1.0 46.53 2.753742758109602 263.6070662599115
-0.6214000000000002 3.0 2.0 1.0 0.0 1.0 1.0 1.0 75.27000000000001 2.7442166644252244 203.86728533313538
0.6726000000000001 3.0 3.0 1.0 1.0 0.0 0.0 1.0 83.55000000000001 3.232208870305491 295.7372022742226
2.29258 3.0 0.0 1.0 1.0 0.0 0.0 1.0 36.15 3.124497140594299 345.3548452299175
1.4818 3.0 0.0 2.0 1.0 0.0 0.0 1.0 35.53 2.8435240620306375 263.6070662599115
2.8895 3.0 2.0 9.0 0.0 1.0 1.0 1.0 75.27000000000001 2.395755574296671 346.1301266476036
2.2075999999999993 3.0 2.0 5.0 0.0 4.0 4.0 4.0 67.42999999999999 1.4348667382694669 386.46093893230164
0.7959999999999998 3.0 3.0 1.0 1.0 0.0 0.0 1.0 77.76 3.2322088703054925 292.492089776386
1.7411999999999999 3.0 2.0 2.0 0.0 1.0 1.0 1.0 75.27000000000001 3.274877644011565 406.0075355623199
1.4574999999999998 2.0 1.0 2.0 1.0 0.0 0.0 1.0 46.17 2.773021709979395 289.90177445528485
1.6392999999999998 3.0 2.0 2.0 0.0 1.0 2.0 2.0 75.27000000000001 2.3904088805503676 405.952293778953
1.9589999999999999 3.0 1.0 3.0 1.0 0.0 0.0 1.0 46.53 2.611171250638134 276.7262618127396
2.2534 3.0 2.0 0.0 0.0 2.0 2.0 2.0 75.27 2.1241908721200304 344.8873664483047
2.4869000000000003 3.0 0.0 2.0 1.0 0.0 0.0 1.0 15.6 2.922416229196866 296.80950344595533
3.4925000000000024 2.0 1.0 0.0 0.0 3.0 4.0 4.0 37.3 1.6520192857313454 583.0048893946201
1.50166 4.0 1.0 2.0 1.0 0.0 0.0 1.0 71.97 2.689252090308924 364.3159956110485
3.475100000000002 4.0 3.0 13.0 0.0 1.0 1.0 1.0 94.83000000000001 2.3892234453698933 431.80244996317316
2.0877 1.0 1.0 0.0 1.0 0.0 0.0 1.0 20.23 3.6035674514745475 230.20322477240757
2.1473000000000004 1.0 1.0 1.0 1.0 0.0 0.0 1.0 37.3 3.1529414466808685 257.53794892648057
2.8698200000000016 1.0 0.0 2.0 1.0 0.0 0.0 1.0 15.6 2.8972050907216187 318.70082633507934
2.6435000000000004 3.0 2.0 0.0 0.0 2.0 2.0 2.0 75.27 2.0811172444135293 358.5798645179983
3.251100000000002 4.0 3.0 12.0 0.0 1.0 1.0 1.0 94.83000000000001 2.4772080498794105 468.7069712765646
5.270200000000002 0.0 0.0 0.0 0.0 2.0 4.0 4.0 0.0 2.032344649126246 480.66067707067873
4.087400000000003 2.0 0.0 0.0 0.0 3.0 4.0 4.0 34.14 1.703811290891583 545.7696078462164
2.0293999999999994 3.0 2.0 3.0 0.0 1.0 2.0 2.0 75.27000000000001 2.5213285430765198 445.3115352488387
3.8826000000000027 2.0 1.0 1.0 0.0 3.0 4.0 4.0 37.3 1.6711962826978068 597.4530522903293
0.4197999999999998 4.0 0.0 0.0 2.0 0.0 0.0 2.0 51.56 2.8880516016579914 280.7246883536015
2.964900000000002 4.0 0.0 4.0 0.0 1.0 3.0 3.0 63.68 1.61158435496958 638.8542726966778
0.5009999999999994 2.0 2.0 3.0 1.0 0.0 0.0 1.0 66.4 2.544573341953591 307.89566977313564
2.4335000000000004 1.0 1.0 1.0 1.0 0.0 0.0 1.0 32.34 2.6460935389709666 294.98794078246516
1.293 3.0 1.0 2.0 1.0 0.0 0.0 1.0 80.44 3.267076195703771 300.933190204761
2.1191 3.0 1.0 2.0 1.0 0.0 0.0 1.0 49.66 2.999189730319975 317.580422437888
1.857 2.0 2.0 4.0 1.0 0.0 0.0 1.0 63.32 2.782977187746648 310.402966410215
2.1191 3.0 1.0 2.0 1.0 0.0 0.0 1.0 49.66 3.113793063513397 338.58042243788793
1.3885999999999998 5.0 2.0 4.0 1.0 0.0 0.0 1.0 62.730000000000004 2.8288672837931865 253.33545368371156
1.6836 3.0 2.0 4.0 0.0 1.0 1.0 1.0 75.27000000000001 3.196697739990804 372.17778205062433
3.7680000000000025 3.0 2.0 9.0 0.0 4.0 4.0 4.0 67.42999999999999 1.2923938387256315 442.27751173369364
-1.4074 6.0 4.0 2.0 0.0 0.0 1.0 1.0 107.22 2.796067066263468 232.19280948873626
1.8529 2.0 2.0 1.0 1.0 0.0 0.0 1.0 57.53 3.232208870305491 295.73720227422257
3.353600000000002 0.0 0.0 1.0 2.0 0.0 0.0 2.0 0.0 2.457149480139045 297.4313204906765
4.477900000000004 3.0 3.0 4.0 0.0 4.0 4.0 4.0 77.76 1.5548220176091474 605.412568486979
3.0255 2.0 0.0 1.0 1.0 0.0 0.0 1.0 12.36 2.9960277321018163 261.43952526087224
4.723500000000005 2.0 0.0 1.0 0.0 3.0 4.0 4.0 34.14 1.6696033124820626 588.6489897976311
0.18999999999999984 5.0 2.0 3.0 1.0 0.0 0.0 1.0 123.76000000000002 2.637400949993913 382.93815266453123
2.1655999999999995 5.0 2.0 4.0 1.0 0.0 0.0 1.0 62.730000000000004 2.8436364364825457 298.02878439482896
1.4885999999999997 4.0 2.0 6.0 0.0 1.0 1.0 1.0 64.68 2.715463548997536 344.5934897520126
2.365100000000001 2.0 1.0 2.0 1.0 0.0 0.0 1.0 41.57 2.604870971658759 313.0929223461079
1.9464 3.0 1.0 2.0 1.0 0.0 0.0 1.0 80.44 3.267052212361691 376.7553335743196
3.237000000000002 2.0 1.0 5.0 1.0 0.0 0.0 1.0 46.53 2.4046929964771686 352.5207793847902
3.4487000000000023 4.0 4.0 4.0 0.0 4.0 4.0 4.0 97.99000000000001 1.6063269488351186 636.7605586006101
2.531900000000001 2.0 1.0 5.0 1.0 0.0 0.0 1.0 46.53 2.7767172318985915 374.0958253198426
3.7650600000000027 0.0 0.0 0.0 2.0 0.0 0.0 2.0 0.0 2.998053323801449 444.54011819719915
1.9464000000000004 3.0 1.0 2.0 1.0 0.0 0.0 1.0 80.44 3.427344204506423 376.7553335743196
2.251000000000001 2.0 2.0 0.0 2.0 0.0 0.0 2.0 40.46 2.9433728520613918 379.8581352532283
0.9153999999999998 4.0 2.0 1.0 2.0 0.0 0.0 2.0 63.83 2.790967029739264 393.68492278413083
2.7002000000000006 2.0 1.0 2.0 1.0 0.0 0.0 1.0 46.53 3.433209197937794 349.4875302332068
3.694300000000003 3.0 1.0 1.0 0.0 3.0 4.0 4.0 54.370000000000005 1.7233351689464649 620.5733968704452
3.130700000000001 2.0 1.0 2.0 1.0 0.0 0.0 1.0 38.33 2.3963098098746016 423.48300610791136
4.840100000000005 3.0 0.0 2.0 0.0 3.0 4.0 4.0 43.370000000000005 1.590853355055114 620.761871865839
-0.2809999999999997 6.0 0.0 7.0 0.0 0.0 0.0 0.0 86.74000000000001 3.4084654000021937 304.51801900399903
3.273900000000001 1.0 1.0 2.0 1.0 0.0 0.0 1.0 37.3 3.1708680052130664 349.4875302332068
3.940400000000003 2.0 1.0 5.0 1.0 2.0 2.0 3.0 23.47 1.7530078068956165 420.45231089625196
2.1182999999999996 3.0 1.0 1.0 1.0 0.0 1.0 2.0 47.56 2.2980827540382793 426.2720914064313
4.330500000000004 2.0 1.0 5.0 1.0 2.0 2.0 3.0 23.47 1.7265103084694822 434.28028308676033
4.146600000000002 0.0 0.0 0.0 2.0 0.0 0.0 2.0 0.0 2.8395199428108358 380.60813525322834
4.146600000000002 0.0 0.0 0.0 2.0 0.0 0.0 2.0 0.0 2.8771445584268407 421.10813525322834
-1.6424000000000003 7.0 5.0 4.0 1.0 1.0 1.0 2.0 119.61000000000001 2.1504764393251574 436.48277752692195
4.146600000000002 0.0 0.0 0.0 2.0 0.0 0.0 2.0 0.0 2.9433728520613918 379.8581352532283
3.5741000000000014 2.0 0.0 1.0 2.0 0.0 0.0 2.0 12.36 2.679999020137666 484.1691904065537
2.666700000000002 4.0 2.0 2.0 0.0 3.0 4.0 4.0 74.6 1.7001113115352158 637.8073073537269
3.1102000000000007 2.0 1.0 3.0 1.0 0.0 0.0 1.0 46.53 2.866629468975875 365.0942913293867
3.1102000000000007 2.0 1.0 3.0 1.0 0.0 0.0 1.0 46.53 2.8834336520823234 365.0942913293867
3.6092000000000026 2.0 2.0 0.0 1.0 2.0 3.0 4.0 40.46 1.7111998765070122 538.2198018097886
4.195500000000004 5.0 1.0 6.0 0.0 1.0 3.0 3.0 72.83 1.7401695799133003 666.1821699817359
2.620000000000001 3.0 1.0 2.0 1.0 0.0 1.0 2.0 38.33 2.086650443821241 414.28675391292165
0.6347999999999998 5.0 4.0 5.0 1.0 0.0 1.0 2.0 81.95 1.9518277980661054 497.9225718548434
1.9309 4.0 1.0 4.0 1.0 2.0 2.0 3.0 49.769999999999996 1.632677623313254 476.06840462966727
0.0935999999999998 4.0 2.0 2.0 1.0 0.0 0.0 1.0 89.26 3.047486126365013 436.15912554155096
2.923300000000001 4.0 2.0 1.0 0.0 3.0 4.0 4.0 74.6 1.863657222021154 787.182282642092
2.3032000000000004 2.0 1.0 3.0 2.0 0.0 0.0 2.0 46.53 2.264114487813849 490.94614329904033
-1.0293 6.0 0.0 0.0 2.0 0.0 0.0 2.0 61.82 3.221281081084588 616.5285919942219
1.8117999999999994 5.0 3.0 5.0 1.0 0.0 1.0 2.0 87.43 2.184428438860255 502.68265003285603
1.8036 5.0 3.0 2.0 0.0 3.0 4.0 4.0 94.83000000000001 1.781065864389522 753.802096834946
3.6126000000000023 2.0 2.0 0.0 1.0 2.0 3.0 4.0 40.46 1.7217049645427582 658.1613573389167
1.0425999999999995 3.0 1.0 2.0 1.0 1.0 1.0 2.0 66.48 2.582730701021051 512.2274586171206
3.586000000000002 1.0 0.0 0.0 3.0 0.0 0.0 3.0 13.14 2.6424382599070015 512.8841359099093
3.8965400000000026 2.0 1.0 5.0 1.0 1.0 1.0 2.0 32.34 2.065054948314816 463.8567122649591
0.9180999999999993 5.0 1.0 4.0 1.0 3.0 3.0 4.0 62.3 1.4200028178766764 545.037182254803
2.0023999999999997 4.0 2.0 7.0 1.0 0.0 0.0 1.0 67.59 2.6993698551050787 461.97739235477394
1.925 3.0 2.0 8.0 1.0 0.0 0.0 1.0 66.56 2.7067949179355035 392.1346196779266
0.3134999999999998 5.0 2.0 2.0 1.0 0.0 0.0 1.0 98.49 2.9635761460168015 452.034942848858
4.266700000000004 4.0 0.0 3.0 0.0 3.0 4.0 4.0 60.440000000000005 1.5550748620254948 707.1669090421246
-1.3318000000000003 7.0 3.0 4.0 2.0 0.0 0.0 2.0 119.04999999999998 2.3607877514506095 546.0876253223265
3.915600000000003 2.0 1.0 1.0 1.0 2.0 3.0 4.0 29.46 1.6961562138560808 672.9094096754334
1.9898 5.0 2.0 2.0 0.0 3.0 4.0 4.0 91.66999999999999 1.7481728292749805 723.9130815015496
2.6613999999999995 5.0 2.0 2.0 2.0 0.0 0.0 2.0 89.64999999999999 2.242151986538292 507.0383011118628
1.2867 4.0 0.0 3.0 1.0 0.0 0.0 1.0 60.440000000000005 2.9635761460168015 449.50561783587716
1.1168000000000005 7.0 1.0 3.0 1.0 0.0 0.0 1.0 149.64999999999998 3.5727545380551327 461.8906850873487
1.06662 4.0 1.0 1.0 2.0 0.0 0.0 2.0 52.95 2.7499662486882657 536.9509441597285
3.128400000000001 2.0 2.0 3.0 2.0 0.0 0.0 2.0 49.33 2.314817218585019 494.2955976569277
0.6204999999999998 6.0 4.0 2.0 0.0 3.0 4.0 4.0 115.06000000000002 1.8376918794672796 806.7175206902476
-0.21050000000000008 6.0 2.0 2.0 2.0 1.0 1.0 3.0 93.03 2.0160134417522895 590.4936898575354
1.41762 4.0 2.0 4.0 2.0 0.0 0.0 2.0 67.16 1.811845174610821 493.461665312455
2.7830000000000004 2.0 0.0 0.0 3.0 0.0 0.0 3.0 25.78 2.5237326453890008 497.04251748929295
2.1821 4.0 2.0 2.0 2.0 0.0 0.0 2.0 66.91 1.9351946097978587 428.63769851496676
1.78302 3.0 2.0 5.0 1.0 0.0 0.0 1.0 75.27000000000001 2.6444911926355648 494.5587374421375
3.4060200000000016 3.0 1.0 3.0 2.0 1.0 1.0 3.0 37.81 1.8700358331035545 518.2454609773257
2.3362 4.0 0.0 3.0 1.0 1.0 1.0 2.0 60.440000000000005 2.523086654516206 542.0685132995446
2.3524000000000003 6.0 2.0 3.0 0.0 3.0 4.0 4.0 100.90000000000002 1.6546195138211754 786.2375645587604
2.669100000000001 4.0 0.0 4.0 2.0 0.0 0.0 2.0 44.12 2.291432767601567 519.6000784462864
3.036500000000001 2.0 1.0 3.0 2.0 0.0 0.0 2.0 46.53 2.478964438638834 560.3959195741091
4.221000000000004 3.0 1.0 0.0 1.0 3.0 4.0 5.0 46.260000000000005 1.5319846700877742 801.194381990157
-1.970899999999999 8.0 4.0 5.0 2.0 0.0 0.0 2.0 139.28 2.265207858895495 588.1457870436972
1.3604000000000003 4.0 0.0 0.0 2.0 0.0 1.0 3.0 38.13 2.404541008002664 617.1802493708518
5.313800000000001 0.0 0.0 1.0 2.0 0.0 0.0 2.0 0.0 2.4942463505417196 474.7259470533523
2.0653 4.0 0.0 4.0 1.0 0.0 0.0 1.0 60.440000000000005 2.8213893752723997 490.70764542323866
-0.19628000000000012 6.0 2.0 3.0 1.0 1.0 1.0 2.0 133.07999999999998 2.3418569370217903 629.5425620141572
2.643020000000001 4.0 0.0 4.0 1.0 1.0 1.0 2.0 60.440000000000005 2.3961853867571756 595.2656136543128
2.1284 6.0 2.0 3.0 0.0 3.0 4.0 4.0 100.90000000000002 1.663956407732868 827.2246952751074
0.4219 6.0 1.0 4.0 1.0 1.0 1.0 2.0 132.38 2.673854577841607 566.3215769780918
1.3958 4.0 0.0 3.0 1.0 0.0 0.0 1.0 60.440000000000005 2.9635761460168015 449.50561783587716
5.313800000000002 0.0 0.0 1.0 2.0 0.0 0.0 2.0 0.0 2.635224937794043 454.47594705335234
0.9247000000000005 5.0 2.0 1.0 1.0 0.0 1.0 2.0 80.39 2.503928380469885 450.74511856965984
2.6446200000000006 4.0 0.0 3.0 1.0 1.0 1.0 2.0 60.440000000000005 2.517820343772144 580.8044578395272
-1.4237999999999995 6.0 1.0 1.0 1.0 0.0 0.0 1.0 107.41 3.398483669272069 523.4168055653823
5.313800000000002 0.0 0.0 1.0 2.0 0.0 0.0 2.0 0.0 2.6754566921501923 477.7259470533523
0.07350000000000018 6.0 1.0 3.0 1.0 1.0 1.0 2.0 118.04999999999998 2.070287586498745 519.7401440929854
2.490900000000001 6.0 0.0 5.0 1.0 0.0 0.0 1.0 70.83000000000001 2.83268136998952 412.94177594497535
0.9570999999999998 5.0 2.0 3.0 2.0 0.0 0.0 2.0 94.46000000000001 2.248157403703537 641.7527254246339
2.0576 5.0 0.0 4.0 1.0 0.0 1.0 2.0 61.830000000000005 2.3513485505348797 576.6964147011811
-1.9800000000000006 9.0 4.0 2.0 2.0 1.0 1.0 3.0 139.54000000000002 2.035435145869755 602.6175788415977
3.6808000000000014 1.0 1.0 3.0 2.0 0.0 0.0 2.0 37.3 2.4013638717125736 563.9612141459353
3.033120000000002 4.0 0.0 4.0 1.0 1.0 1.0 2.0 60.440000000000005 2.459624736404449 608.181991035452
0.6825999999999999 6.0 1.0 4.0 1.0 1.0 1.0 2.0 118.39000000000003 2.6515855240257475 581.5278982785503
2.4188000000000005 6.0 2.0 2.0 0.0 4.0 5.0 5.0 93.06000000000002 1.6368996691130526 925.030308713443
3.2433000000000005 4.0 2.0 4.0 2.0 0.0 0.0 2.0 67.01 2.1939902741755093 553.246140818398
2.1406 4.0 0.0 2.0 2.0 0.0 1.0 3.0 38.13 2.1919574940607376 647.0194296299117
3.583280000000002 4.0 0.0 6.0 2.0 0.0 0.0 2.0 54.5 2.357871703320212 570.9210237184806
1.6302999999999999 4.0 1.0 0.0 1.0 2.0 4.0 5.0 49.77 1.8330360876486915 670.2442212037415
1.0740000000000005 5.0 1.0 1.0 1.0 0.0 1.0 2.0 77.23 2.5587493676112096 488.27833979757924
1.0740000000000003 5.0 1.0 1.0 1.0 0.0 1.0 2.0 77.23 2.55874936761121 488.27833979757924
0.9247000000000003 5.0 2.0 1.0 1.0 0.0 1.0 2.0 80.39 2.503928380469884 450.74511856965984
3.4232200000000024 4.0 0.0 4.0 1.0 1.0 1.0 2.0 60.440000000000005 2.47797444842872 623.1277134418987
1.6687 3.0 2.0 1.0 2.0 0.0 0.0 2.0 80.39 2.9910434101807177 619.6001475530923
2.19162 3.0 1.0 4.0 2.0 0.0 0.0 2.0 59.300000000000004 2.3158955225664375 623.3402858231867
1.0248 6.0 0.0 4.0 1.0 1.0 1.0 2.0 109.60000000000001 2.655794481048141 609.0762017944195
5.967200000000001 0.0 0.0 1.0 2.0 0.0 0.0 2.0 0.0 2.5239337976273553 494.03712407405914
3.0356000000000005 2.0 2.0 2.0 2.0 0.0 0.0 2.0 57.53 2.5756673637094636 623.6285760476572
2.466500000000001 6.0 2.0 3.0 0.0 3.0 4.0 4.0 100.9 1.757846453544653 909.7455961968411
5.967200000000002 0.0 0.0 1.0 2.0 0.0 0.0 2.0 0.0 2.5856376418759384 485.037124074059
5.967200000000002 0.0 0.0 1.0 2.0 0.0 0.0 2.0 0.0 2.6231883850988287 534.5371240740591
5.967200000000002 0.0 0.0 1.0 2.0 0.0 0.0 2.0 0.0 2.6616827212373178 485.037124074059
5.967200000000002 0.0 0.0 1.0 2.0 0.0 0.0 2.0 0.0 2.677072338935707 520.287124074059
4.211400000000004 1.0 1.0 4.0 2.0 0.0 3.0 5.0 12.03 1.8805976481796658 610.8929198710237
1.78138 6.0 2.0 5.0 1.0 0.0 0.0 1.0 127.70000000000002 3.330991051120794 671.7912617869265
5.929000000000003 0.0 0.0 3.0 2.0 0.0 0.0 2.0 0.0 2.3941105028842737 456.8221302041951
1.2152 6.0 1.0 5.0 1.0 2.0 2.0 3.0 118.39 2.066603689769285 651.2930255480345
1.6818 3.0 1.0 0.0 1.0 0.0 1.0 2.0 58.53 2.7671592529145994 522.1428588468092
5.204700000000001 1.0 1.0 0.0 1.0 0.0 0.0 1.0 20.23 3.6035674514745475 230.20322477240757
0.3789000000000001 7.0 2.0 3.0 1.0 1.0 1.0 2.0 110.62 2.0705050837720798 704.4446471008787
0.40430000000000027 5.0 3.0 6.0 1.0 0.0 0.0 1.0 103.70000000000002 2.9005153152498657 588.1702785757096
3.167200000000001 3.0 1.0 4.0 2.0 0.0 0.0 2.0 54.37 2.2278319113837433 555.234856974764
3.627200000000003 2.0 0.0 1.0 2.0 0.0 1.0 3.0 15.6 2.1844102539303756 619.9009892075029
3.3872000000000018 1.0 1.0 0.0 2.0 0.0 1.0 3.0 46.330000000000005 2.3052507895775833 596.9467906495954
4.147200000000001 2.0 2.0 3.0 2.0 0.0 0.0 2.0 49.33 2.337930511639871 638.3112969345251
4.148200000000004 5.0 0.0 7.0 1.0 0.0 0.0 1.0 89.51999999999998 3.699377936225601 563.6129198986837
4.158300000000003 4.0 0.0 4.0 1.0 1.0 1.0 2.0 60.440000000000005 2.5070202869905214 641.6758697590222
4.121000000000003 2.0 0.0 4.0 2.0 0.0 1.0 3.0 6.48 1.9850866170180104 585.609300164348
-0.059799999999999576 5.0 2.0 1.0 1.0 0.0 1.0 2.0 97.46000000000001 2.596371030201124 518.3376471907853
0.13290000000000013 7.0 2.0 5.0 1.0 1.0 1.0 2.0 110.62 2.0446068051794493 654.6657794183036
-0.011199999999999766 7.0 2.0 4.0 1.0 1.0 1.0 2.0 110.62 2.0765220960148265 667.2295403943393
4.136700000000003 2.0 0.0 6.0 2.0 1.0 1.0 3.0 23.550000000000004 1.567632131858489 648.2421416714782
5.743900000000005 3.0 0.0 2.0 1.0 3.0 4.0 5.0 43.370000000000005 1.3660269079734393 855.9642320145714
3.1408000000000014 2.0 1.0 3.0 2.0 0.0 0.0 2.0 46.17 2.2690023568603053 594.1625722468401
0.9300000000000002 6.0 0.0 4.0 1.0 1.0 1.0 2.0 103.58000000000001 2.2195259103395495 621.0904251031891
6.062900000000006 3.0 0.0 4.0 1.0 3.0 4.0 5.0 43.370000000000005 1.2626717930105114 886.7784634307171
4.487200000000003 0.0 0.0 0.0 3.0 0.0 1.0 4.0 0.0 2.3129964651763157 650.310154499518
2.5724 5.0 2.0 4.0 2.0 0.0 0.0 2.0 85.25000000000001 2.3502170049464204 650.7065804079459
6.4530000000000065 3.0 0.0 5.0 1.0 3.0 4.0 5.0 43.370000000000005 1.2168037884037015 902.2368732834967
0.523 7.0 2.0 6.0 1.0 1.0 1.0 2.0 110.62 1.9848586157865216 669.9667172006579
6.6206000000000005 0.0 0.0 1.0 2.0 0.0 0.0 2.0 0.0 2.5667343335123993 554.0989383657761
3.1408000000000005 2.0 1.0 3.0 2.0 0.0 0.0 2.0 46.17 2.3403650251403376 611.4125722468402
0.5567000000000012 5.0 2.0 6.0 1.0 1.0 1.0 2.0 101.72999999999999 2.1429292572333583 675.2996041218231
6.620600000000001 0.0 0.0 1.0 2.0 0.0 0.0 2.0 0.0 2.60749366884592 554.098938365776
5.672800000000006 3.0 0.0 3.0 1.0 3.0 4.0 5.0 43.370000000000005 1.312345814824168 871.3541895525763
4.4128000000000025 2.0 1.0 4.0 2.0 0.0 0.0 2.0 46.53 2.297640484068147 611.3901139421383
2.535800000000001 3.0 1.0 3.0 2.0 0.0 0.0 2.0 59.06 2.3403650251403376 614.3783744504838
3.1732000000000014 4.0 1.0 4.0 2.0 3.0 3.0 5.0 45.59 1.6870853618182944 760.387301042531
2.5358 3.0 1.0 3.0 2.0 0.0 0.0 2.0 59.06 2.3403650251403376 614.3783744504838
-1.6511999999999964 8.0 3.0 3.0 0.0 2.0 4.0 4.0 146.89000000000001 1.8468552624597727 756.963370969733
3.636800000000003 6.0 2.0 6.0 0.0 3.0 4.0 4.0 100.90000000000002 1.7985953894529008 956.7669810831956
4.891400000000002 2.0 0.0 0.0 2.0 0.0 1.0 3.0 18.46 2.1212342606299273 516.9403729860492
3.0307000000000013 4.0 1.0 4.0 2.0 3.0 3.0 5.0 45.59 1.7272777541598696 760.3873010425311
6.620600000000001 0.0 0.0 1.0 2.0 0.0 0.0 2.0 0.0 2.6870358722469825 577.3489383657761
0.11540000000000039 5.0 1.0 1.0 1.0 0.0 1.0 2.0 94.30000000000001 2.673361481809571 596.1798552387091
1.3423999999999998 5.0 1.0 3.0 2.0 0.0 0.0 2.0 82.28 2.5417251486516017 618.7158480810886
5.120300000000005 3.0 1.0 2.0 1.0 1.0 2.0 3.0 54.37 1.7553122684958327 698.0391965827502
2.6320000000000006 3.0 2.0 4.0 2.0 0.0 0.0 2.0 72.19 2.22609992235484 646.850249256006
2.7230000000000008 3.0 2.0 3.0 2.0 0.0 0.0 2.0 72.19 2.267141922470967 636.7825575501115
3.730400000000002 6.0 1.0 7.0 1.0 0.0 0.0 1.0 115.53999999999999 3.869113877191057 643.0844693591861
2.0782 4.0 2.0 4.0 2.0 0.0 0.0 2.0 81.42 2.22609992235484 649.2926143268148
1.94128 4.0 2.0 3.0 2.0 0.0 0.0 2.0 95.97999999999999 2.2564240733484517 713.978800813668
4.275500000000004 3.0 0.0 8.0 2.0 0.0 0.0 2.0 29.54 2.526296518136546 654.2421416714783
3.361900000000002 3.0 1.0 8.0 2.0 0.0 0.0 2.0 59.22 2.502189298799148 620.555221777562
1.3386999999999998 3.0 2.0 2.0 2.0 1.0 1.0 3.0 75.27 2.2808903274581502 649.316652299741
2.395600000000001 4.0 1.0 4.0 2.0 0.0 0.0 2.0 89.31 2.23673963204555 681.4291395308571
0.8681999999999999 6.0 2.0 4.0 2.0 0.0 0.0 2.0 107.2 2.22609992235484 653.3445828576388
1.3016 4.0 1.0 2.0 1.0 0.0 1.0 2.0 72.47 2.2854342658256472 589.763242395379
3.0314200000000007 3.0 2.0 3.0 2.0 0.0 0.0 2.0 72.19 2.3044771297116236 697.08319819935
3.0314200000000007 3.0 2.0 3.0 2.0 0.0 0.0 2.0 72.19 2.3333181372188254 697.08319819935
1.7620999999999996 8.0 2.0 4.0 0.0 3.0 4.0 4.0 127.20000000000002 1.8004822924129775 1018.3858270401208
3.794200000000002 2.0 1.0 3.0 2.0 0.0 0.0 2.0 46.17 2.3743992910734377 657.0325575501116
3.0314200000000007 3.0 2.0 3.0 2.0 0.0 0.0 2.0 72.19 2.346302111070405 697.08319819935
1.4764399999999998 5.0 2.0 3.0 2.0 0.0 0.0 2.0 97.97 2.330509006052534 675.9193645265303
3.0025400000000015 3.0 0.0 1.0 3.0 0.0 0.0 3.0 34.89 2.4281054235691135 818.337035760738
7.274 0.0 0.0 1.0 2.0 0.0 0.0 2.0 0.0 2.665223904449952 597.2000798683472
3.0314200000000007 3.0 2.0 3.0 2.0 0.0 0.0 2.0 72.19 2.359518597726708 697.08319819935
3.0314200000000007 3.0 2.0 3.0 2.0 0.0 0.0 2.0 72.19 2.333318137218825 697.08319819935
2.395600000000001 4.0 1.0 4.0 2.0 0.0 0.0 2.0 89.31 2.3946684679567802 698.6791395308572
7.274000000000001 0.0 0.0 1.0 2.0 0.0 0.0 2.0 0.0 2.7065514301640414 564.9500798683472
3.0314200000000007 3.0 2.0 3.0 2.0 0.0 0.0 2.0 72.19 2.4108496033869318 714.3331981993499
2.8103000000000007 6.0 0.0 3.0 1.0 0.0 2.0 3.0 71.06 2.2581731710520927 768.8345393102228
7.274000000000001 0.0 0.0 1.0 2.0 0.0 0.0 2.0 0.0 2.7761581852522488 518.4500798683472
1.1946 9.0 0.0 8.0 2.0 0.0 0.0 2.0 105.31 2.1105656343586174 779.7526586855129
4.405900000000004 7.0 1.0 4.0 0.0 4.0 5.0 5.0 99.13000000000001 1.511026481335621 1133.9132330640352
2.3843000000000005 4.0 1.0 2.0 2.0 0.0 1.0 3.0 84.60000000000001 2.198099775373002 754.0140888404637
0.6461999999999999 6.0 2.0 4.0 2.0 0.0 0.0 2.0 107.08 2.3067474684315887 766.0345986836236
2.0990199999999994 5.0 1.0 4.0 2.0 0.0 0.0 2.0 102.2 2.255995519340913 724.3026812874944
3.247300000000002 13.0 5.0 7.0 0.0 7.0 8.0 8.0 182.82999999999998 0.8263083726243678 1374.4176851913944
1.9778 5.0 2.0 4.0 2.0 0.0 0.0 2.0 115.33000000000001 2.2362828848518124 724.3026812874944
2.950700000000001 3.0 1.0 1.0 2.0 0.0 1.0 3.0 50.459999999999994 2.271838969980807 738.4422380249488
3.376400000000001 3.0 2.0 3.0 2.0 0.0 0.0 2.0 72.19 2.346302111070405 700.1693645265303
3.376400000000001 3.0 2.0 3.0 2.0 0.0 0.0 2.0 72.19 2.359518597726708 700.1693645265304
3.376400000000001 3.0 2.0 3.0 2.0 0.0 0.0 2.0 72.19 2.363844226968876 700.1693645265304
1.6105000000000003 5.0 1.0 3.0 2.0 1.0 1.0 3.0 65.78 2.183159031345674 854.2600816822633
3.050440000000001 5.0 1.0 1.0 2.0 0.0 1.0 3.0 75.69 2.2146349889657357 749.6758570776698
-0.05979999999999985 5.0 2.0 1.0 1.0 0.0 1.0 2.0 97.46000000000001 2.596371030201124 518.3376471907853
1.7768000000000002 7.0 1.0 8.0 1.0 0.0 0.0 1.0 149.67999999999998 3.769656534349374 677.2562499222905
1.9777999999999998 5.0 2.0 4.0 2.0 0.0 0.0 2.0 115.33000000000001 2.384275254459628 741.5526812874942
3.376400000000001 3.0 2.0 3.0 2.0 0.0 0.0 2.0 72.19 2.4108496033869313 717.4193645265304
2.731600000000001 4.0 2.0 4.0 2.0 0.0 0.0 2.0 81.42 2.382420873119823 714.8961694768096
3.7714000000000025 4.0 0.0 0.0 2.0 1.0 2.0 4.0 28.07 1.8381648390067977 766.612056859587
2.0025999999999993 4.0 1.0 4.0 2.0 1.0 1.0 3.0 75.71000000000001 2.089194586602063 734.6204742966938
0.42999999999999994 4.0 0.0 1.0 1.0 1.0 2.0 3.0 74.76 1.9727163817275395 617.3289181460389
2.674200000000001 3.0 2.0 3.0 2.0 0.0 0.0 2.0 72.19 2.267141922470967 636.7825575501115
1.9994999999999998 8.0 0.0 5.0 2.0 0.0 0.0 2.0 66.24000000000001 2.29629490763367 683.0193670634867
2.972200000000001 4.0 2.0 3.0 3.0 0.0 0.0 3.0 84.07999999999998 1.9260874098713097 840.2231332611786
1.1458 8.0 1.0 3.0 3.0 0.0 0.0 3.0 115.42000000000002 2.0834579657542083 764.8623146411958
2.9308000000000014 4.0 0.0 2.0 3.0 0.0 1.0 4.0 38.13 1.7487606028043723 885.7228989930144
3.3044200000000012 5.0 1.0 2.0 2.0 0.0 1.0 3.0 75.69 2.1973993075101133 784.5698188865393
7.9274000000000004 0.0 0.0 1.0 2.0 0.0 0.0 2.0 0.0 2.796160297162765 663.8579666719705
2.7943000000000007 5.0 1.0 6.0 2.0 0.0 0.0 2.0 98.53999999999999 2.175753723869798 754.8251355277979
4.577600000000004 4.0 0.0 3.0 1.0 2.0 2.0 3.0 55.84 1.9674755749665138 736.3512445821262
2.3927000000000005 4.0 1.0 5.0 2.0 1.0 1.0 3.0 75.71000000000001 2.034205495275545 750.0860960580177
7.9274000000000004 0.0 0.0 1.0 2.0 0.0 0.0 2.0 0.0 2.8656071971830146 634.6079666719705
2.28622 5.0 2.0 4.0 2.0 0.0 0.0 2.0 115.33000000000001 2.4508785285148456 802.8137136029435
5.763040000000004 0.0 0.0 0.0 4.0 0.0 0.0 4.0 0.0 2.3825782969541605 961.5588177778453
3.5322000000000022 4.0 0.0 2.0 3.0 0.0 0.0 3.0 51.56 2.0433756861239982 772.9823747516816
5.107000000000005 2.0 0.0 6.0 3.0 1.0 1.0 4.0 6.48 1.3986674434807924 811.2091445535079
3.6945200000000025 5.0 1.0 3.0 2.0 0.0 1.0 3.0 75.69 2.15382181385864 799.9854268390541
4.029800000000001 3.0 2.0 3.0 2.0 0.0 0.0 2.0 72.19 2.379764840794545 746.0429062831673
4.012400000000001 2.0 1.0 3.0 2.0 0.0 0.0 2.0 46.17 2.3412222595552916 657.0325575501116
-0.0608999999999999 5.0 2.0 1.0 1.0 0.0 1.0 2.0 118.69 2.84659666427789 723.7308563894459
5.188000000000005 2.0 0.0 3.0 2.0 0.0 1.0 3.0 3.24 2.062890975135638 691.3677237596133
-0.9138000000000002 6.0 2.0 1.0 1.0 0.0 1.0 2.0 114.53 2.6557301028449474 626.9796171728123
3.172900000000002 4.0 1.0 7.0 2.0 1.0 1.0 3.0 75.71000000000001 1.9085168627533866 781.089956071775
-0.9137999999999997 6.0 2.0 1.0 1.0 0.0 1.0 2.0 114.53000000000002 2.6557301028449474 626.9796171728123
-0.24439999999999973 6.0 1.0 1.0 1.0 0.0 1.0 2.0 111.37 2.7614736361412557 666.8755074307753
-0.39369999999999994 6.0 2.0 1.0 1.0 0.0 1.0 2.0 114.53 2.7116001028609293 626.9796171728123
1.2102 4.0 0.0 3.0 1.0 1.0 2.0 3.0 74.76 1.9219813041591665 647.4783086809873
-0.2443999999999995 6.0 1.0 1.0 1.0 0.0 1.0 2.0 111.37 2.7614736361412557 666.8755074307753
3.4159000000000015 4.0 1.0 1.0 3.0 0.0 1.0 4.0 59.67 2.0379726375463783 925.002519657784
0.5922999999999998 7.0 2.0 6.0 1.0 1.0 2.0 3.0 113.01000000000002 1.6915380267707596 788.6704465871796
1.785600000000004 14.0 5.0 7.0 0.0 3.0 3.0 3.0 193.91 2.183066335168143 1167.2981664566057
8.580799999999998 0.0 0.0 1.0 2.0 0.0 0.0 2.0 0.0 2.826348678606057 646.0791147319976
4.474720000000004 5.0 1.0 5.0 2.0 0.0 1.0 3.0 75.69 2.024873761711056 830.8874882275627
3.9123000000000037 6.0 0.0 6.0 2.0 0.0 0.0 2.0 66.35000000000001 2.484706756037894 761.5617836423706
1.5440000000000003 6.0 1.0 2.0 2.0 1.0 2.0 4.0 75.01 2.004088915400979 963.2881482992597
1.0567999999999995 8.0 1.0 4.0 2.0 2.0 2.0 4.0 103.04 1.5223174900117835 876.2432965501941
3.730900000000003 8.0 1.0 4.0 2.0 0.0 0.0 2.0 133.87999999999997 2.6643961989149596 990.8820663941078
4.495600000000004 4.0 0.0 5.0 2.0 0.0 1.0 3.0 15.71 1.9870942688955264 686.8198722645237
8.580799999999998 0.0 0.0 1.0 2.0 0.0 0.0 2.0 0.0 2.960312444807486 593.5791147319975
2.4397000000000046 14.0 4.0 8.0 0.0 3.0 3.0 3.0 182.91 2.2219520946543754 1187.5764542086654
2.562140000000001 4.0 3.0 3.0 2.0 0.0 0.0 2.0 109.48999999999998 2.481292347581099 874.3401567967136
1.7489999999999997 6.0 2.0 5.0 2.0 0.0 0.0 2.0 131.3 2.3124827283243476 848.9235299303641
1.9904 4.0 0.0 5.0 1.0 1.0 2.0 3.0 74.76 1.8226583780813193 677.7252410290278
1.0634199999999998 8.0 1.0 5.0 2.0 1.0 1.0 3.0 152.04 1.7448558166778183 994.3507174119841
2.871600000000001 6.0 1.0 5.0 2.0 0.0 1.0 3.0 83.09 2.4141279799484034 1001.3949196223746
3.5801200000000026 4.0 0.0 1.0 3.0 0.0 1.0 4.0 43.07 2.0133815691934758 880.929525395127
5.737200000000003 0.0 0.0 0.0 5.0 0.0 0.0 5.0 0.0 2.3176108221779406 917.0049697160238
5.737200000000003 0.0 0.0 0.0 5.0 0.0 0.0 5.0 0.0 2.329150586973285 998.0049697160237
1.2672999999999996 10.0 2.0 6.0 2.0 1.0 1.0 3.0 132.5 1.8199711780051284 953.45156625816
3.8845000000000027 4.0 0.0 1.0 3.0 0.0 1.0 4.0 40.46 2.262222363849489 1073.8572075993527
9.2342 0.0 0.0 1.0 2.0 0.0 0.0 2.0 0.0 2.9283441974146136 722.3640379903333
5.331500000000003 4.0 0.0 6.0 3.0 0.0 0.0 3.0 44.760000000000005 1.868683541996186 667.7177523421716
5.885600000000006 4.0 0.0 4.0 2.0 1.0 2.0 4.0 6.48 1.6303380857414707 746.4259502830744
5.072400000000004 6.0 0.0 6.0 3.0 0.0 0.0 3.0 57.650000000000006 1.6601842524090906 878.4183796705246
4.233520000000003 4.0 0.0 1.0 3.0 0.0 1.0 4.0 43.07 2.0274961737508215 943.5164678122118
3.7033000000000023 6.0 0.0 3.0 2.0 0.0 3.0 5.0 63.220000000000006 1.5816249271358416 1040.1489593987324
0.5982999999999998 5.0 2.0 2.0 1.0 0.0 1.0 2.0 109.57 2.7513491066043745 763.6424933197931
4.522500000000004 7.0 0.0 6.0 3.0 1.0 1.0 4.0 79.77000000000001 1.3579283242583147 1005.6290159028301
0.8210000000000002 5.0 3.0 2.0 1.0 0.0 1.0 2.0 118.35999999999999 2.6743266515390722 763.4169308306105
1.8257 8.0 2.0 6.0 2.0 0.0 0.0 2.0 136.57999999999998 2.228235047344562 966.5295423929398
1.5810000000000002 5.0 2.0 2.0 2.0 0.0 1.0 3.0 99.60000000000001 2.0932817931934427 907.3290496863176
3.5139200000000006 4.0 1.0 3.0 3.0 0.0 0.0 3.0 77.98 2.160670373157657 1038.352309274621
-1.243599999999999 10.0 7.0 2.0 1.0 0.0 3.0 4.0 201.84999999999997 2.1025415292648266 1182.3066220599728
2.9014000000000006 6.0 2.0 2.0 4.0 0.0 0.0 4.0 100.88000000000001 1.9454274018179325 1135.0684424393062
1.9509200000000002 6.0 2.0 2.0 2.0 0.0 1.0 3.0 99.60000000000001 2.0868272197468087 931.0039542533557
9.908299999999995 4.0 2.0 4.0 2.0 0.0 0.0 2.0 40.46 2.749951805766159 913.6082582149352
4.106600000000005 6.0 1.0 5.0 2.0 1.0 2.0 4.0 71.11 1.5930921417904162 930.3487065911534
6.530300000000003 3.0 2.0 4.0 3.0 0.0 0.0 3.0 67.43 1.6833988950565026 1212.8572448093828
1.2046 10.0 2.0 6.0 2.0 0.0 0.0 2.0 158.7 2.38847280663076 1086.4132525180241
0.2684000000000003 10.0 5.0 9.0 3.0 0.0 0.0 3.0 210.53999999999996 1.674622124193935 1201.0294275064246
6.919200000000003 0.0 0.0 0.0 7.0 0.0 0.0 7.0 0.0 2.1132609847421806 1140.946634757434
5.553980000000005 10.0 1.0 11.0 2.0 0.0 0.0 2.0 176.35999999999999 2.6674261929815826 1241.644705096995
1.3385999999999991 13.0 3.0 5.0 2.0 3.0 5.0 7.0 160.83 1.3182370054389008 1352.5325604550394
3.269000000000003 12.0 5.0 15.0 0.0 1.0 1.0 1.0 278.8 4.320268725023779 2325.0756756660257
0.42366000000000004 2.0 0.0 0.0 0.0 0.0 0.0 0.0 47.58 2.857271683437132 70.04663563528787
-0.33919999999999995 2.0 0.0 0.0 0.0 0.0 0.0 0.0 34.14 4.062942298971397 90.81635834269238
1.5312999999999999 1.0 1.0 0.0 1.0 0.0 0.0 1.0 20.23 3.0324555320336755 147.38833891467198
5.510300000000005 1.0 1.0 5.0 0.0 0.0 1.0 1.0 20.23 2.775853160028001 495.9314560383046
0.25059999999999993 2.0 0.0 0.0 0.0 0.0 1.0 1.0 34.14 2.8264765530384865 148.70521621571413
1.1349999999999998 2.0 2.0 3.0 0.0 0.0 0.0 0.0 72.19 4.318367796433647 189.84539731095862
2.0456 1.0 1.0 0.0 1.0 0.0 0.0 1.0 20.23 3.077660437970554 168.38833891467198
0.16070000000000018 4.0 2.0 4.0 0.0 0.0 0.0 0.0 98.49 5.001716279282679 271.2859095563728
0.5508000000000004 4.0 2.0 5.0 0.0 0.0 0.0 0.0 98.49000000000001 5.000077530121062 284.54361676852557
-0.050800000000000234 3.0 2.0 2.0 0.0 2.0 2.0 2.0 83.83000000000001 2.244421562106585 235.26000097822467
1.7908999999999997 2.0 1.0 2.0 1.0 0.0 0.0 1.0 29.46 2.693803452362809 190.91749419417292
0.62632 3.0 1.0 1.0 1.0 0.0 0.0 1.0 71.82 2.9776485317868318 229.4715490331534
0.9392999999999998 4.0 2.0 5.0 0.0 0.0 0.0 0.0 98.49 5.069616226100596 308.5932917402318
0.1348000000000001 5.0 2.0 6.0 0.0 0.0 0.0 0.0 107.72 4.933784495489116 299.07138261445647
1.3208000000000002 1.0 1.0 1.0 1.0 0.0 0.0 1.0 26.02 2.981454614041131 205.415952604261
2.2509000000000006 3.0 1.0 4.0 0.0 1.0 1.0 1.0 61.77 2.341813687064413 219.4029963976061
0.49289999999999984 4.0 2.0 6.0 0.0 0.0 0.0 0.0 98.49000000000001 5.346083555867068 339.3805937012686
2.662440000000001 1.0 1.0 0.0 1.0 0.0 0.0 1.0 20.23 3.310532874722407 232.42965837655686
0.36620000000000014 2.0 2.0 2.0 1.0 0.0 0.0 1.0 49.33 2.6930079504145 233.10719092921434
0.6367199999999997 4.0 0.0 1.0 1.0 0.0 0.0 1.0 60.96 3.173792319614476 265.8568215166631
1.9472 1.0 1.0 2.0 1.0 0.0 0.0 1.0 37.3 2.9138015626758045 248.77017257091032
1.4413 3.0 1.0 2.0 1.0 0.0 0.0 1.0 71.82 2.903361776459067 266.54604134507315
0.7941 2.0 1.0 2.0 1.0 0.0 0.0 1.0 52.32 2.9138015626758045 253.2994975838911
0.7941 2.0 1.0 2.0 1.0 0.0 0.0 1.0 52.32 3.0058892189147386 270.54949758389114
1.2426999999999997 8.0 0.0 4.0 1.0 0.0 0.0 1.0 96.6 3.063005285275386 779.7756209504377
0.9354999999999996 2.0 1.0 3.0 1.0 0.0 0.0 1.0 32.34 2.4977844401611917 269.5130516555259
1.9968 1.0 1.0 0.0 1.0 0.0 0.0 1.0 20.23 3.0324555320336755 147.38833891467198
2.7274000000000003 1.0 1.0 4.0 1.0 0.0 0.0 1.0 37.3 2.6404813389186934 274.64668245876646
-0.8097000000000008 8.0 0.0 4.0 1.0 0.0 0.0 1.0 96.6 3.146198572818335 617.4263841673181
1.5117999999999996 4.0 2.0 4.0 0.0 0.0 1.0 1.0 84.5 3.055048355885182 430.8898405799299
1.4517 4.0 0.0 2.0 1.0 0.0 0.0 1.0 60.96 3.1291797718477805 303.6001748617566
2.0216399999999997 2.0 1.0 1.0 1.0 0.0 0.0 1.0 38.33 2.793568433647237 320.7008263350793
0.48051999999999995 5.0 1.0 3.0 1.0 0.0 0.0 1.0 81.19 3.013268332720571 318.78271070124214
2.54322 1.0 0.0 0.0 2.0 0.0 0.0 2.0 12.89 2.8289012156206965 379.2844903986785
2.9183000000000012 2.0 1.0 3.0 1.0 0.0 0.0 1.0 38.33 2.905749557549536 336.1489335759842
-0.2960999999999985 6.0 2.0 6.0 0.0 0.0 0.0 0.0 124.79 4.9555890849376985 375.3817000499374
0.4325999999999995 3.0 2.0 4.0 1.0 0.0 0.0 1.0 75.63 2.3993417942255073 322.8436560484995
1.4986 3.0 2.0 3.0 1.0 0.0 0.0 1.0 66.75999999999999 2.948507336572909 368.38478965282144
1.0154899999999998 3.0 2.0 0.0 2.0 0.0 0.0 2.0 57.36 3.0929120500200673 400.94019739120694
-1.1368 4.0 2.0 0.0 1.0 0.0 0.0 1.0 83.96000000000001 3.405927556291114 447.17307819084994
-0.27409999999999995 4.0 1.0 1.0 1.0 0.0 0.0 1.0 71.93 3.5244016511818717 445.78625624293716
-0.7098 5.0 1.0 0.0 1.0 0.0 0.0 1.0 81.16 3.405927556291114 446.6828531951769
-0.8037000000000001 5.0 1.0 2.0 1.0 0.0 0.0 1.0 81.16 2.9867271772887767 461.49297858065734
1.3984999999999999 4.0 0.0 2.0 1.0 0.0 0.0 1.0 52.6 3.023672693221152 356.89456038916694
-1.0605000000000002 3.0 3.0 0.0 2.0 0.0 0.0 2.0 94.4 3.1460114722514017 490.6419937097255
-0.8037000000000003 5.0 1.0 2.0 1.0 0.0 0.0 1.0 81.16 3.076079035016469 461.49297858065734
2.1672000000000002 5.0 2.0 3.0 1.0 0.0 0.0 1.0 62.730000000000004 2.884038547330767 333.7648555907301
1.4570999999999998 6.0 2.0 5.0 1.0 0.0 0.0 1.0 62.730000000000004 2.8800387311360462 266.8101696986081
0.9820000000000002 4.0 0.0 5.0 0.0 0.0 0.0 0.0 68.28 5.676923802661472 343.56434198006184
-0.7466999999999999 4.0 2.0 1.0 1.0 0.0 0.0 1.0 83.96000000000001 3.228807975098459 461.9832035763304
-0.13030000000000064 5.0 2.0 1.0 1.0 1.0 1.0 2.0 95.10999999999999 2.2740250949268805 338.5154908716173
-0.19369999999999993 6.0 1.0 3.0 1.0 0.0 0.0 1.0 90.38999999999999 2.8218460616361525 491.93741656947844
1.9890999999999999 4.0 2.0 9.0 1.0 0.0 0.0 1.0 50.72 2.4490008122380638 379.4083655141889
1.5208 6.0 2.0 5.0 1.0 0.0 0.0 1.0 71.96000000000001 2.9110115648127404 311.73131572503644
-0.31970000000000004 5.0 1.0 1.0 1.0 0.0 0.0 1.0 81.16 3.228807975098459 461.49297858065734
-0.7946 4.0 1.0 0.0 1.0 0.0 0.0 1.0 75.17 3.3740171728691357 473.80374335615267
-0.4135999999999999 5.0 1.0 3.0 1.0 0.0 0.0 1.0 81.16 2.8696573834703494 476.2653928402042
-0.3196999999999998 5.0 1.0 1.0 1.0 0.0 0.0 1.0 81.16 3.334721047163084 461.49297858065734
4.585600000000005 5.0 1.0 6.0 0.0 1.0 3.0 3.0 72.83 1.7612771112578929 706.3275441224729
0.22249999999999998 5.0 1.0 2.0 1.0 0.0 0.0 1.0 81.16 2.845150356085503 538.4624839330737
-0.02350000000000002 5.0 1.0 4.0 1.0 0.0 0.0 1.0 81.16 2.7508215919021377 491.01773203093444
1.4658 3.0 0.0 3.0 1.0 1.0 1.0 2.0 46.61000000000001 1.8176393960247301 396.38541876010714
3.472000000000002 3.0 2.0 6.0 1.0 1.0 1.0 2.0 41.489999999999995 1.8766515218979218 433.08962111922807
0.6372 4.0 1.0 3.0 1.0 0.0 0.0 1.0 66.84 2.6045684568832117 400.7259654533224
3.949500000000003 5.0 1.0 6.0 0.0 1.0 3.0 3.0 72.83 1.69885904624693 636.9039408415773
0.46049999999999985 5.0 1.0 3.0 1.0 0.0 0.0 1.0 81.16 2.87782601403682 491.01773203093444
2.5216400000000005 2.0 0.0 5.0 1.0 0.0 0.0 1.0 29.54 3.073310171652267 372.7558941318807
0.31640000000000007 5.0 1.0 2.0 1.0 0.0 0.0 1.0 81.16 2.9636548333500956 502.9658288274386
0.684199999999999 4.0 1.0 6.0 1.0 0.0 0.0 1.0 66.84 2.4515186282649086 391.2375344506235
-0.1008 5.0 1.0 2.0 1.0 0.0 0.0 1.0 81.16000000000001 3.047171356394799 480.6139083858009
3.080400000000002 2.0 1.0 0.0 1.0 2.0 3.0 4.0 23.47 1.9048671334438945 511.9835708010821
1.7411999999999996 3.0 2.0 1.0 2.0 0.0 0.0 2.0 67.00999999999999 2.3104906039484137 430.77993566168897
2.920300000000001 6.0 2.0 6.0 0.0 1.0 3.0 3.0 93.06000000000002 1.7401695799133003 668.2792104798422
3.377900000000002 2.0 1.0 9.0 1.0 0.0 0.0 1.0 40.54 2.5541826860485153 375.5372835152443
2.4888000000000003 3.0 0.0 5.0 1.0 0.0 0.0 1.0 46.61 2.567378228723599 418.2766440924629
-0.34340000000000037 5.0 2.0 7.0 1.0 0.0 0.0 1.0 87.07 2.463454822910587 400.7544202420062
1.2407 5.0 1.0 5.0 1.0 0.0 0.0 1.0 81.16 2.595469443421668 520.5098771392907
1.4173999999999998 4.0 1.0 5.0 1.0 0.0 0.0 1.0 66.84 2.5687808451194836 426.7543501095396
3.3834000000000026 2.0 0.0 1.0 1.0 2.0 3.0 4.0 12.47 1.878064713272342 526.1495492966153
0.9785999999999999 3.0 1.0 3.0 1.0 0.0 0.0 1.0 49.410000000000004 3.0991995661178624 395.3250603152377
-1.3246999999999995 6.0 4.0 7.0 1.0 0.0 0.0 1.0 116.09 2.4953698117395273 435.1697574255827
-0.21289999999999942 4.0 1.0 5.0 1.0 0.0 0.0 1.0 89.69999999999999 2.4358372724104784 444.6504493917948
1.5939 4.0 2.0 7.0 1.0 0.0 0.0 1.0 83.96000000000001 2.3846419467755675 550.5277421426046
2.632900000000001 3.0 0.0 3.0 1.0 1.0 1.0 2.0 46.61 1.9000745131897867 461.8701458124774
0.9648000000000003 5.0 0.0 9.0 1.0 0.0 0.0 1.0 65.07 2.462570755217296 426.94993424311554
0.2540000000000001 5.0 1.0 4.0 1.0 0.0 0.0 1.0 95.69 2.845282327965075 454.9299418941322
3.2327400000000024 3.0 0.0 3.0 1.0 1.0 1.0 2.0 42.68 2.161639475229376 418.67363649498793
3.051800000000001 1.0 1.0 2.0 2.0 0.0 0.0 2.0 37.3 2.5813189275308677 474.90444323266246
0.8648999999999991 5.0 0.0 6.0 1.0 0.0 0.0 1.0 72.91 2.3915140285532472 471.71242393139767
-0.35979999999999984 6.0 1.0 2.0 2.0 0.0 0.0 2.0 89.87 2.409435817362829 556.2572781366745
0.5288999999999999 4.0 1.0 4.0 1.0 1.0 1.0 2.0 83.91 1.843568525296219 499.01485729639376
3.514400000000002 1.0 0.0 2.0 1.0 1.0 1.0 2.0 20.310000000000002 2.3072800688729163 492.107994155014
0.9047999999999998 5.0 1.0 5.0 1.0 0.0 0.0 1.0 81.69999999999999 2.7079203234618734 483.6768498598873
1.3318 6.0 0.0 5.0 1.0 0.0 0.0 1.0 78.9 2.7079203234618734 479.77671532999716
0.8568999999999998 5.0 0.0 4.0 1.0 0.0 0.0 1.0 72.91 2.7639609424452902 495.56187299772625
0.5295000000000001 3.0 0.0 4.0 1.0 0.0 0.0 1.0 57.690000000000005 3.0917871372698 465.342438601532
-0.054300000000000126 8.0 1.0 5.0 2.0 0.0 0.0 2.0 105.15 1.912895718459401 553.4367694037414
0.3197000000000001 4.0 1.0 4.0 1.0 1.0 1.0 2.0 89.70000000000002 1.8922587767594357 515.1650054180975
1.1981 4.0 2.0 0.0 1.0 1.0 4.0 5.0 52.93000000000001 1.8445254467475667 670.2442212037415
0.9189999999999998 4.0 1.0 4.0 1.0 1.0 1.0 2.0 83.91 1.8922587767594357 513.5553649436607
0.42039999999999994 6.0 1.0 4.0 2.0 0.0 0.0 2.0 89.87 2.122926686639411 586.4936898575353
0.42039999999999994 6.0 1.0 4.0 2.0 0.0 0.0 2.0 89.87 2.171875243467939 586.4936898575353
-0.24890000000000007 7.0 2.0 5.0 2.0 0.0 0.0 2.0 102.16000000000003 2.2223467107314603 553.4367694037414
0.9196000000000002 3.0 0.0 3.0 1.0 0.0 0.0 1.0 57.690000000000005 3.088324265626195 506.02301043424825
1.8443399999999999 4.0 0.0 5.0 1.0 0.0 0.0 1.0 55.84 3.29996676443239 478.3969225140251
1.6370999999999998 5.0 0.0 6.0 1.0 0.0 0.0 1.0 72.91 2.719747440512065 522.5501913967826
0.6663999999999999 6.0 1.0 2.0 2.0 0.0 0.0 2.0 89.87 2.1633774213140544 635.5111231528592
4.877400000000002 2.0 0.0 4.0 1.0 1.0 1.0 2.0 26.3 2.1123615226066352 658.2947166196597
0.6663999999999999 6.0 1.0 2.0 2.0 0.0 0.0 2.0 89.87 2.2127597421270915 635.5111231528592
5.4391000000000025 1.0 0.0 2.0 2.0 0.0 0.0 2.0 9.23 2.2940240987133302 473.8671014776177
-0.7609999999999995 8.0 2.0 5.0 2.0 0.0 0.0 2.0 125.12 2.0138334964146094 646.8976972683525
1.3096999999999999 3.0 0.0 4.0 1.0 0.0 0.0 1.0 57.690000000000005 3.043130923186281 520.7584341088166
5.4391000000000025 1.0 0.0 2.0 2.0 0.0 0.0 2.0 9.23 2.3193059970823198 497.1171014776177
0.6275 6.0 0.0 4.0 1.0 1.0 1.0 2.0 82.14000000000001 1.9417922042062883 564.9060291154406
1.6687 3.0 2.0 1.0 2.0 0.0 0.0 2.0 80.39 2.8818096234329804 619.6001475530923
4.390600000000004 5.0 1.0 9.0 1.0 0.0 0.0 1.0 74.44 2.4456352537851274 543.9435409735228
0.3642 4.0 1.0 1.0 2.0 0.0 0.0 2.0 71.93 2.641959822611319 673.106165896976
2.417300000000001 5.0 0.0 8.0 1.0 0.0 0.0 1.0 72.91 2.6923257947819446 549.6696378072911
3.237960000000002 4.0 1.0 3.0 2.0 0.0 0.0 2.0 50.17 2.2049454385090903 597.042681183157
-0.629799999999999 6.0 2.0 6.0 1.0 0.0 0.0 1.0 124.79000000000002 2.614131179383632 569.5348419820677
1.6998 3.0 0.0 5.0 1.0 0.0 0.0 1.0 57.690000000000005 2.9734460483914136 535.5116863613051
4.810600000000004 3.0 1.0 8.0 2.0 0.0 0.0 2.0 28.16 1.9543317629987866 595.9020042884871
2.0256 5.0 0.0 6.0 1.0 0.0 0.0 1.0 72.91 2.848590135685469 551.2220767292561
2.4141000000000004 5.0 0.0 6.0 1.0 0.0 0.0 1.0 72.91 2.774875538732111 572.1013881643781
-0.9556 7.0 3.0 5.0 2.0 0.0 0.0 2.0 122.13 2.355963550733884 646.8976972683525
4.090220000000002 2.0 2.0 3.0 2.0 0.0 0.0 2.0 49.33 2.4024843007490344 596.0979048590729
1.51142 5.0 0.0 2.0 2.0 0.0 0.0 2.0 61.19 2.8688768918734686 673.7260714448961
0.8606000000000003 5.0 1.0 2.0 2.0 0.0 0.0 2.0 81.16000000000001 2.1498657115103397 705.6595895222033
4.980700000000004 3.0 1.0 2.0 1.0 2.0 2.0 3.0 49.410000000000004 1.6863879995249413 586.7610929462428
0.7228000000000002 5.0 1.0 1.0 2.0 0.0 0.0 2.0 81.16000000000001 2.329744483069523 690.179667570346
2.0899 3.0 0.0 6.0 1.0 0.0 0.0 1.0 57.690000000000005 2.891153108975224 550.2866774375367
-0.03790000000000021 7.0 1.0 6.0 2.0 0.0 0.0 2.0 93.10999999999999 2.010891503008944 643.8253673508914
0.7228 5.0 1.0 1.0 2.0 0.0 0.0 2.0 81.16 2.3913979294905476 690.179667570346
-2.6867000000000005 9.0 5.0 2.0 2.0 1.0 1.0 3.0 159.51 2.0942646460475807 696.8934057944765
2.4800000000000004 3.0 0.0 7.0 1.0 0.0 0.0 1.0 57.690000000000005 2.804124152643005 565.08645570025
0.32189999999999985 8.0 1.0 6.0 2.0 0.0 0.0 2.0 108.23000000000002 1.9880744044966878 654.1352463358252
3.122300000000001 4.0 1.0 4.0 2.0 0.0 0.0 2.0 50.94 2.255633017608437 531.2463109985574
2.8907000000000007 5.0 3.0 9.0 1.0 0.0 0.0 1.0 90.9 2.7871583156014075 636.6042613427059
0.44799999999999995 7.0 1.0 7.0 1.0 0.0 0.0 1.0 108.0 2.5206449320082975 597.2431178589676
6.092500000000002 1.0 0.0 2.0 2.0 0.0 0.0 2.0 9.23 2.3122378354877973 504.6970467453647
3.144300000000002 6.0 0.0 5.0 1.0 0.0 0.0 1.0 70.83000000000001 3.01217730448783 474.98338445956347
0.8487999999999998 6.0 1.0 3.0 2.0 0.0 0.0 2.0 90.39000000000001 2.028729605878478 722.6178078273897
2.8701000000000016 3.0 0.0 8.0 1.0 0.0 0.0 1.0 57.690000000000005 2.717338762665327 579.9134112883035
2.8701000000000016 4.0 0.0 8.0 1.0 0.0 0.0 1.0 57.690000000000005 2.7711201954241984 579.9134112883033
3.260200000000002 3.0 0.0 9.0 1.0 0.0 0.0 1.0 57.690000000000005 2.6337719295409 594.7694240617999
-0.36580000000000057 9.0 0.0 4.0 2.0 0.0 0.0 2.0 105.31 2.2791856539834896 717.1620504277269
0.7901999999999993 7.0 0.0 7.0 1.0 0.0 0.0 1.0 99.21000000000001 2.612262539647111 626.6068704388124
1.9804 4.0 1.0 5.0 2.0 0.0 0.0 2.0 78.62 2.2144359281902988 681.0313536417766
2.7345000000000006 8.0 0.0 5.0 2.0 0.0 0.0 2.0 83.56 2.3333862237225866 691.4650630624872
1.3014 5.0 2.0 2.0 1.0 2.0 4.0 5.0 70.0 1.7969480102820095 774.8754473625407
0.8752 6.0 0.0 4.0 1.0 1.0 1.0 2.0 89.98000000000002 2.0504254803550057 593.2367251456668
3.8659000000000017 4.0 2.0 4.0 2.0 0.0 0.0 2.0 76.66 1.947468537976401 643.6038826699458
3.0351000000000017 2.0 1.0 3.0 2.0 0.0 1.0 3.0 57.61 1.8662912801910778 706.2300893568544
-0.38479999999999975 8.0 2.0 6.0 2.0 0.0 0.0 2.0 128.2 2.0965703597575525 749.9351989739472
1.1022999999999998 5.0 0.0 1.0 3.0 0.0 0.0 3.0 70.53999999999999 2.2791496359258745 682.4790472414079
1.67444 5.0 2.0 3.0 2.0 0.0 0.0 2.0 98.22 2.293759452727439 639.8419266315426
6.745900000000002 1.0 0.0 2.0 2.0 0.0 0.0 2.0 9.23 2.34125540080799 597.2619082804617
4.220600000000003 2.0 1.0 5.0 2.0 0.0 0.0 2.0 54.37 2.1970554652957928 702.2300893568544
0.2688999999999993 7.0 1.0 7.0 2.0 0.0 0.0 2.0 110.18 1.8777633551732849 746.9507374296854
2.5833000000000004 4.0 0.0 5.0 2.0 0.0 0.0 2.0 55.84 2.121540215857252 724.0334079458152
5.601500000000002 4.0 0.0 5.0 1.0 0.0 0.0 1.0 44.760000000000005 3.1950692192678933 538.5763442423939
3.097520000000002 5.0 0.0 6.0 2.0 0.0 0.0 2.0 57.120000000000005 2.2828497102743515 709.6727028192349
2.2155000000000005 6.0 4.0 1.0 2.0 0.0 1.0 3.0 107.22000000000001 2.0139232497137 737.1839683526324
1.40222 7.0 0.0 4.0 2.0 0.0 0.0 2.0 87.49 2.443727604538006 794.3547678423076
0.9340999999999999 6.0 1.0 3.0 3.0 0.0 0.0 3.0 89.87 1.795126147429075 807.0992622352815
1.1945999999999994 9.0 0.0 8.0 2.0 0.0 0.0 2.0 105.31 2.09040525583507 779.7526586855129
1.79232 7.0 0.0 5.0 2.0 0.0 0.0 2.0 87.49 2.3556986411274923 809.958145171613
2.766400000000001 6.0 0.0 7.0 1.0 0.0 0.0 1.0 61.830000000000005 2.897627486722987 542.9532064267405
3.363500000000002 4.0 0.0 7.0 2.0 0.0 0.0 2.0 55.84 2.05928228146781 752.4446057695915
1.9457999999999998 5.0 1.0 7.0 2.0 0.0 0.0 2.0 76.07000000000001 2.0355122784235533 758.5629044374738
1.6865999999999994 9.0 0.0 4.0 2.0 0.0 0.0 2.0 105.31 2.1505038422030225 883.1610063218609
7.399300000000001 1.0 0.0 2.0 2.0 0.0 0.0 2.0 9.23 2.3894800435415577 617.3521141858682
4.217000000000003 5.0 0.0 3.0 2.0 0.0 0.0 2.0 57.26 2.576230937726532 742.2214387407038
7.399300000000001 1.0 0.0 2.0 2.0 0.0 0.0 2.0 9.23 2.407528242849199 640.6021141858682
7.399300000000001 1.0 0.0 2.0 2.0 0.0 0.0 2.0 9.23 2.4154025216644066 585.1021141858681
1.6866 9.0 0.0 4.0 2.0 0.0 0.0 2.0 105.31 2.17005762010318 883.1610063218609
7.399300000000001 1.0 0.0 2.0 2.0 0.0 0.0 2.0 9.23 2.4204932243657225 640.6021141858682
2.774300000000001 6.0 0.0 1.0 3.0 0.0 0.0 3.0 57.010000000000005 2.3347226753085475 703.2671020477977
7.399300000000001 1.0 0.0 2.0 2.0 0.0 0.0 2.0 9.23 2.425583927067038 585.1021141858681
2.1824199999999996 7.0 0.0 6.0 2.0 0.0 0.0 2.0 87.49000000000001 2.2682288988924886 825.5760881594897
7.399300000000001 1.0 0.0 2.0 2.0 0.0 0.0 2.0 9.23 2.438862682469076 640.6021141858682
7.399300000000001 1.0 0.0 2.0 2.0 0.0 0.0 2.0 9.23 2.4467548843727123 617.3521141858682
2.0383199999999997 7.0 0.0 5.0 2.0 0.0 0.0 2.0 87.49 2.300757444300849 838.7251677138755
7.399300000000001 1.0 0.0 2.0 2.0 0.0 0.0 2.0 9.23 2.451965638581001 617.3521141858682
7.399300000000001 1.0 0.0 2.0 2.0 0.0 0.0 2.0 9.23 2.4834841484752834 594.1021141858681
3.6101000000000028 5.0 0.0 6.0 2.0 0.0 0.0 2.0 57.650000000000006 1.975448227151938 758.176126110126
2.4722 3.0 1.0 1.0 2.0 0.0 1.0 3.0 52.900000000000006 2.2716729569381777 728.3117647975774
3.7227000000000023 4.0 1.0 0.0 2.0 1.0 2.0 4.0 30.869999999999997 1.8304332090303408 763.3669443617505
3.1644000000000014 6.0 0.0 2.0 3.0 0.0 0.0 3.0 57.010000000000005 2.254696927497884 718.6556014629136
1.3083 6.0 2.0 9.0 2.0 0.0 0.0 2.0 96.30000000000001 2.014794109053425 785.135639848765
3.934000000000003 2.0 0.0 3.0 2.0 1.0 2.0 4.0 32.67 1.84462031414399 781.211551534904
1.7500199999999997 6.0 0.0 6.0 2.0 0.0 0.0 2.0 81.5 2.3272410979383964 853.2553796889446
1.4387999999999999 5.0 1.0 7.0 2.0 0.0 0.0 2.0 98.93 2.020305973236312 833.7893288661683
3.5545000000000027 6.0 0.0 3.0 3.0 0.0 0.0 3.0 57.010000000000005 2.157658112168201 734.0546921069213
3.9668000000000028 3.0 1.0 1.0 3.0 0.0 1.0 4.0 50.44 1.979698566479669 907.9425133722575
2.9642800000000014 7.0 2.0 9.0 1.0 0.0 0.0 1.0 145.79999999999998 3.3155113317619933 839.8364959400415
8.0527 1.0 0.0 2.0 2.0 0.0 0.0 2.0 9.23 2.4805127623456307 684.2365474566768
8.0527 1.0 0.0 2.0 2.0 0.0 0.0 2.0 9.23 2.5085939743577654 654.9865474566767
2.9626800000000015 7.0 2.0 6.0 1.0 0.0 0.0 1.0 145.8 3.4256803695541245 875.9111603286982
8.0527 1.0 0.0 2.0 2.0 0.0 0.0 2.0 9.23 2.5307218933841034 657.9865474566767
8.0527 1.0 0.0 2.0 2.0 0.0 0.0 2.0 9.23 2.5353483303714532 657.9865474566767
8.0527 1.0 0.0 2.0 2.0 0.0 0.0 2.0 9.23 2.539836747182008 684.2365474566768
3.800500000000003 6.0 0.0 3.0 3.0 0.0 0.0 3.0 57.010000000000005 2.0969220191934057 762.4255176876823
5.299700000000003 3.0 0.0 4.0 2.0 0.0 0.0 2.0 35.53 2.410608615324308 664.165886448003
8.7061 1.0 0.0 2.0 2.0 0.0 0.0 2.0 9.23 2.576110067493981 698.9229701386387
8.7061 1.0 0.0 2.0 2.0 0.0 0.0 2.0 9.23 2.580101657906713 698.9229701386387
8.7061 1.0 0.0 2.0 2.0 0.0 0.0 2.0 9.23 2.5890498289297224 701.9229701386388
2.4431000000000003 9.0 0.0 7.0 2.0 0.0 0.0 2.0 101.36000000000001 2.5436864954113734 799.890665924346
2.8997400000000013 5.0 1.0 5.0 3.0 0.0 0.0 3.0 77.10000000000001 1.9005728339415109 920.8299213789107
4.4059000000000035 6.0 0.0 6.0 3.0 0.0 0.0 3.0 70.54 1.6714281501040393 915.061112940396
5.627500000000003 0.0 1.0 0.0 5.0 0.0 0.0 5.0 15.79 2.090790672227904 1041.9691570759296
0.3651000000000005 10.0 2.0 8.0 3.0 1.0 1.0 4.0 137.58999999999997 1.209594945190418 1087.6286415799657
5.470200000000001 3.0 2.0 5.0 2.0 0.0 0.0 2.0 67.43 2.1414049525014605 914.9926074768529
4.146500000000002 7.0 1.0 5.0 2.0 0.0 0.0 2.0 128.10000000000002 2.2538371721869397 832.5909430558812
4.665500000000004 6.0 0.0 5.0 3.0 1.0 1.0 4.0 58.400000000000006 1.6193497515069293 918.4591276990243
2.1513400000000003 6.0 0.0 0.0 1.0 0.0 2.0 3.0 81.72 2.7611544048257075 1024.5512858722666
7.489800000000006 4.0 1.0 4.0 3.0 0.0 2.0 5.0 42.21 1.8034503309429022 1469.6398244257894
3.735700000000003 14.0 4.0 10.0 3.0 3.0 4.0 7.0 221.29 1.3874476640402014 2280.346269552866
1.15 1.0 1.0 0.0 0.0 1.0 1.0 1.0 12.03 2.0416666666666665 23.79319390447952
3.0786000000000016 0.0 0.0 0.0 0.0 0.0 0.0 0.0 0.0 4.020391543176799 55.01955000865387
-0.043800000000000006 2.0 2.0 0.0 0.0 1.0 1.0 1.0 24.06 2.1923771580194713 54.928786893420316
0.19839999999999997 2.0 2.0 2.0 0.0 0.0 0.0 0.0 63.32 3.9084966379068447 98.60179219723159
2.1557000000000004 1.0 0.0 4.0 0.0 0.0 0.0 0.0 17.07 3.0551722039096187 58.78707744334402
-2.8054 5.0 5.0 0.0 0.0 1.0 1.0 1.0 101.15 2.625358332036857 124.93433232624652
-0.292599999999999 4.0 4.0 9.0 0.0 0.0 0.0 0.0 64.52 3.3484664662044645 100.68962577754574
1.9139 1.0 1.0 0.0 0.0 4.0 4.0 4.0 26.02 1.940003547175709 150.02758609770032
2.3276000000000003 0.0 0.0 0.0 0.0 0.0 0.0 0.0 0.0 2.549193338482967 19.219280948873624
0.2965 4.0 2.0 1.0 0.0 0.0 0.0 0.0 65.18 3.582450056473691 97.10802962390817
0.19839999999999997 2.0 2.0 3.0 0.0 0.0 0.0 0.0 63.32 3.3180871972839956 82.49785513558373
1.3697000000000001 1.0 1.0 1.0 0.0 0.0 0.0 0.0 37.3 3.679228031962392 102.25742227201613
1.4253999999999998 1.0 1.0 3.0 0.0 0.0 0.0 0.0 43.09 4.090340515801205 109.62548782626679
0.6866 4.0 2.0 1.0 0.0 0.0 0.0 0.0 65.18 4.037395826320001 112.0
0.18180000000000007 2.0 2.0 3.0 0.0 0.0 0.0 0.0 74.6 3.632432151939845 128.919684538544
1.4098000000000002 1.0 1.0 1.0 0.0 0.0 0.0 0.0 37.3 3.679228031962392 102.25742227201613
5.162200000000004 1.0 1.0 13.0 0.0 0.0 0.0 0.0 37.3 2.914131380419206 166.30475487798427
-1.8540999999999999 3.0 3.0 3.0 0.0 0.0 0.0 0.0 92.42000000000002 3.2762115375101843 122.9811553790729
0.962 2.0 2.0 5.0 0.0 0.0 0.0 0.0 74.6 3.4425479949638413 152.51956340253028
2.3705 1.0 1.0 1.0 0.0 1.0 1.0 1.0 32.34 2.2955379333514614 172.12634489929064
-1.5162000000000004 4.0 4.0 1.0 0.0 0.0 1.0 1.0 97.99000000000001 2.8094499558698964 221.83662511442935
0.6436 4.0 0.0 0.0 0.0 3.0 3.0 3.0 52.6 2.210427288035272 318.0311611649559
5.9424000000000055 1.0 1.0 15.0 0.0 0.0 0.0 0.0 37.3 2.931237274494918 189.7010862108803
0.2680000000000002 2.0 2.0 3.0 0.0 0.0 0.0 0.0 74.6 3.730805714767907 167.9244971645878
0.8021 2.0 2.0 1.0 0.0 0.0 0.0 0.0 57.53 4.040215640745235 117.96160537041904
6.332500000000007 1.0 1.0 16.0 0.0 0.0 0.0 0.0 37.3 2.938980066543728 201.59490309182667
-0.577 2.0 1.0 0.0 0.0 1.0 1.0 1.0 46.17 2.5537050272065858 104.8582023226588
2.7643000000000013 2.0 0.0 1.0 0.0 2.0 2.0 2.0 26.3 2.225540267260561 269.49529453537843
-1.6249000000000007 3.0 2.0 0.0 0.0 1.0 1.0 1.0 64.35 2.4784387393909566 92.93569696954752
2.4650000000000007 2.0 2.0 2.0 0.0 1.0 1.0 1.0 37.3 2.4663433898616933 192.7052162157141
0.8821000000000001 2.0 2.0 2.0 0.0 0.0 1.0 1.0 74.6 2.5871604503026853 241.44241535199075
3.4467000000000017 2.0 2.0 12.0 0.0 0.0 0.0 0.0 74.6 2.984770574367184 191.46500194404416
1.48732 1.0 1.0 1.0 1.0 0.0 0.0 1.0 20.23 3.0065240073265844 193.51405299160075
0.24599999999999989 3.0 2.0 0.0 1.0 0.0 0.0 1.0 64.92999999999999 3.077660437970554 167.53358594239864
0.2460000000000001 3.0 2.0 0.0 1.0 0.0 0.0 1.0 64.92999999999999 3.134861511345448 163.78358594239864
6.934600000000008 2.0 0.0 17.0 0.0 0.0 0.0 0.0 26.3 3.0227912923908065 248.09179905561012
-0.33948000000000017 3.0 2.0 0.0 1.0 0.0 0.0 1.0 71.77 3.3360928870055955 265.15077181093443
0.32680000000000015 4.0 2.0 5.0 0.0 0.0 0.0 0.0 98.49 5.169947920884431 313.9408902951127
-3.3771999999999998 6.0 5.0 5.0 0.0 0.0 0.0 0.0 118.22000000000001 4.07958305039934 146.97373660251156
-1.3546000000000002 3.0 3.0 0.0 1.0 0.0 0.0 1.0 91.74000000000001 3.523897718994017 310.0790534546092
1.4299600000000001 2.0 0.0 0.0 1.0 0.0 0.0 1.0 47.58 3.284977738882917 281.76485559073006
0.5404000000000007 5.0 2.0 5.0 0.0 0.0 0.0 0.0 89.41999999999999 3.8938230698096334 193.11158817228085
1.0682 2.0 0.0 2.0 1.0 0.0 0.0 1.0 34.14 2.9545807395194585 238.69432088304723
1.6312 2.0 1.0 1.0 1.0 0.0 0.0 1.0 50.44 2.9776485317868318 227.8619085587166
1.3115999999999999 2.0 0.0 2.0 1.0 0.0 0.0 1.0 34.14 3.1971603955332917 226.18943338088377
2.4144 4.0 2.0 9.0 0.0 0.0 0.0 0.0 90.65 4.1040463281264055 283.8167820548198
2.0939 1.0 1.0 4.0 1.0 0.0 0.0 1.0 37.3 2.290572056240154 241.27530899395387
0.6929999999999998 3.0 2.0 0.0 0.0 2.0 2.0 2.0 75.27 2.26223122785147 294.62919048309067
0.5989999999999998 3.0 3.0 2.0 1.0 0.0 0.0 1.0 66.48 2.864712197425543 247.8474159248874
2.0351 1.0 1.0 2.0 1.0 0.0 0.0 1.0 29.1 2.57930229200732 230.57786591623355
0.7138000000000001 3.0 2.0 3.0 0.0 1.0 1.0 1.0 58.2 2.973421401450698 268.53654161322487
4.764300000000005 1.0 0.0 0.0 0.0 3.0 4.0 4.0 17.07 1.6422269773349607 464.3867080466997
1.1050999999999997 3.0 2.0 5.0 0.0 1.0 1.0 1.0 75.27000000000001 2.9577347216921104 316.1213765704842
2.0016399999999996 1.0 1.0 1.0 1.0 0.0 0.0 1.0 37.3 3.1515496683060507 289.6142492178085
2.00164 1.0 1.0 1.0 1.0 0.0 0.0 1.0 37.3 3.1960696621259204 289.61424921780844
2.0016399999999996 1.0 1.0 1.0 1.0 0.0 0.0 1.0 37.3 3.232208870305491 289.6142492178085
0.6284000000000001 2.0 2.0 1.0 1.0 0.0 0.0 1.0 55.120000000000005 2.8953480359887567 253.2994975838911
2.1265 3.0 1.0 1.0 1.0 0.0 0.0 1.0 32.59 2.9960277321018163 261.43952526087224
1.1038999999999999 3.0 2.0 4.0 0.0 1.0 1.0 1.0 58.2 2.891339554138367 281.79751372176526
2.1265 3.0 1.0 1.0 1.0 0.0 0.0 1.0 32.59 3.061972168711611 278.6895252608723
3.4891000000000028 2.0 1.0 0.0 0.0 3.0 4.0 4.0 37.3 1.6303925026216401 466.0386807761662
-1.0115 3.0 2.0 0.0 0.0 1.0 1.0 1.0 75.27000000000001 2.756446107809259 190.93860295089593
-0.9905999999999999 2.0 2.0 0.0 0.0 1.0 1.0 1.0 58.2 2.631435737817297 158.5866297400412
5.206200000000004 1.0 1.0 2.0 0.0 1.0 3.0 3.0 37.3 1.998747240485634 541.9104984355639
0.9539000000000001 2.0 1.0 2.0 1.0 0.0 0.0 1.0 54.37 2.9479803431399967 276.6484617329528
2.9299000000000017 3.0 2.0 0.0 0.0 4.0 4.0 4.0 57.53 1.689597318472698 489.0719677925114
1.2564799999999998 2.0 1.0 1.0 1.0 0.0 0.0 1.0 61.089999999999996 3.1328426042020197 325.1090974511937
1.1216999999999997 4.0 2.0 3.0 0.0 0.0 1.0 1.0 84.50000000000001 3.0495616935312553 416.86627949084925
1.494 3.0 2.0 5.0 0.0 1.0 1.0 1.0 58.2 2.788484477314955 295.106423438976
0.9015000000000001 2.0 2.0 2.0 1.0 0.0 0.0 1.0 32.26 2.6930079504145 235.10719092921434
2.1191999999999993 2.0 3.0 5.0 0.0 4.0 4.0 4.0 78.43 1.4741430439964591 372.6385939680242
1.3988200000000002 2.0 2.0 1.0 1.0 0.0 0.0 1.0 57.53 3.273580821537543 291.3886867286258
1.39882 2.0 2.0 1.0 1.0 0.0 0.0 1.0 57.53 3.318913173486668 271.1386867286258
1.9881999999999997 6.0 1.0 8.0 0.0 0.0 0.0 0.0 64.63000000000001 3.7569931470473055 256.42286534333687
1.7403000000000002 2.0 1.0 1.0 1.0 0.0 0.0 1.0 50.44 3.076663439987336 227.86190855871658
1.5044199999999999 3.0 0.0 1.0 1.0 0.0 0.0 1.0 29.020000000000003 3.092719758380192 259.86264077829026
1.8840999999999999 3.0 2.0 6.0 0.0 1.0 1.0 1.0 58.2 2.6810184590014075 308.4673182926019
1.8633 3.0 2.0 0.0 0.0 2.0 2.0 2.0 75.27 2.1472726242989704 333.24785737411156
4.059900000000003 3.0 0.0 2.0 0.0 3.0 4.0 4.0 43.370000000000005 1.625287724578085 565.2340945668728
0.7959999999999998 3.0 3.0 1.0 1.0 0.0 0.0 1.0 77.76 3.1960696621259195 292.492089776386
-0.3529000000000004 2.0 2.0 2.0 0.0 1.0 1.0 1.0 58.2 2.489865723076995 201.23454122869495
-0.34359999999999985 3.0 2.0 1.0 1.0 0.0 0.0 1.0 83.04999999999998 3.200427888623847 274.0163218226503
2.3406000000000002 1.0 1.0 3.0 1.0 0.0 0.0 1.0 37.3 2.5487351932320186 323.2033324368505
4.139800000000004 3.0 0.0 2.0 0.0 4.0 4.0 4.0 43.370000000000005 1.6001977930514988 515.0161755466456
2.819600000000001 3.0 0.0 3.0 1.0 0.0 0.0 1.0 21.59 2.774561258221806 287.90177445528485
1.0957999999999997 5.0 2.0 5.0 0.0 0.0 1.0 1.0 93.73000000000002 3.0252046833931523 446.64532087379365
0.37479999999999986 3.0 2.0 3.0 1.0 0.0 0.0 1.0 58.56 2.73546934370172 281.41621774863245
2.3509 1.0 1.0 2.0 1.0 0.0 0.0 1.0 37.3 2.925509977656685 303.5643909481187
0.37479999999999986 3.0 2.0 3.0 1.0 0.0 0.0 1.0 58.56 2.8175715448391285 298.6662177486324
3.507600000000002 1.0 1.0 6.0 1.0 0.0 0.0 1.0 37.3 2.393048245233313 300.81692104857575
0.6613199999999998 3.0 1.0 0.0 2.0 0.0 0.0 2.0 54.46 2.876510166944625 318.2753028763377
3.1834000000000007 2.0 0.0 1.0 1.0 0.0 0.0 1.0 12.36 2.9960277321018163 261.43952526087224
-0.3036999999999995 6.0 2.0 1.0 0.0 4.0 5.0 5.0 81.08000000000001 1.8995701742172304 621.2925177262188
4.0599000000000025 3.0 0.0 2.0 0.0 3.0 4.0 4.0 43.370000000000005 1.6419800357457432 565.2340945668728
2.623500000000001 3.0 0.0 2.0 1.0 0.0 0.0 1.0 29.43 2.999189730319975 315.0510974249072
-0.06490000000000012 4.0 2.0 0.0 2.0 0.0 0.0 2.0 80.48 2.876510166944625 318.56579693179106
2.0419 2.0 2.0 2.0 1.0 0.0 0.0 1.0 37.3 2.8853850923674402 303.5643909481187
1.6120999999999999 2.0 2.0 3.0 1.0 0.0 0.0 1.0 37.3 2.5846040823975205 258.4908622767174
2.5836000000000006 2.0 1.0 5.0 1.0 0.0 0.0 1.0 46.53 2.24592650449462 294.74034991738114
0.478 3.0 2.0 2.0 1.0 0.0 0.0 1.0 87.49000000000001 3.267076195703771 300.933190204761
1.8598 2.0 1.0 3.0 1.0 1.0 1.0 2.0 32.34 1.791529741388548 331.04564757019233
1.8145 3.0 0.0 2.0 1.0 0.0 0.0 1.0 43.370000000000005 2.809454194164694 324.5280242886601
0.7108000000000001 3.0 1.0 2.0 1.0 0.0 0.0 1.0 69.39 2.809454194164694 329.21798022455295
-0.6642000000000001 4.0 1.0 0.0 1.0 0.0 0.0 1.0 71.93 3.542028922207896 431.15471776467217
2.3291000000000004 4.0 0.0 2.0 1.0 0.0 0.0 1.0 55.5 3.113793063513397 340.92893798348473
1.6691 1.0 2.0 2.0 2.0 0.0 0.0 2.0 41.81 2.548405447239309 375.97395690943733
5.507100000000006 2.0 2.0 4.0 0.0 4.0 4.0 4.0 57.53 1.50972179567481 573.9735940164148
-0.6641999999999999 4.0 1.0 0.0 1.0 0.0 0.0 1.0 71.93 3.6653069354491596 431.15471776467217
5.507100000000006 2.0 2.0 4.0 0.0 4.0 4.0 4.0 57.53 1.5590523340504308 573.9735940164148
3.1552000000000007 4.0 0.0 2.0 1.0 0.0 0.0 1.0 24.72 3.1057803517784937 341.14917967727655
4.450000000000004 3.0 0.0 1.0 0.0 3.0 4.0 4.0 43.370000000000005 1.5973719061421663 606.2051148204893
1.2072599999999998 5.0 2.0 2.0 1.0 0.0 0.0 1.0 92.19999999999999 2.7727830600041523 422.86055575949524
0.36149999999999977 4.0 1.0 1.0 2.0 0.0 0.0 2.0 63.69 2.667545348456607 369.3747186851701
2.5296000000000003 2.0 1.0 3.0 1.0 0.0 0.0 1.0 38.33 2.909983962315807 325.22539782717354
1.5774999999999997 4.0 1.0 3.0 1.0 0.0 0.0 1.0 55.760000000000005 2.9407949708085868 332.8939251082797
2.3793000000000006 3.0 1.0 2.0 1.0 0.0 0.0 1.0 41.46 2.907432168918415 369.63238051790546
0.3614999999999999 4.0 1.0 1.0 2.0 0.0 0.0 2.0 63.690000000000005 2.785299005170452 369.3747186851701
-0.1548 4.0 2.0 1.0 2.0 0.0 0.0 2.0 74.69 2.686518364999409 336.3747186851702
1.4315999999999998 3.0 1.0 2.0 1.0 0.0 0.0 1.0 55.4 2.779704303124595 342.88967288700354
0.7282199999999999 4.0 0.0 0.0 2.0 0.0 0.0 2.0 51.56 2.8289012156206965 384.85228689314886
0.8054999999999997 5.0 3.0 4.0 1.0 0.0 0.0 1.0 82.7 2.8951533683716377 339.76060763743527
2.1550599999999998 4.0 1.0 2.0 1.0 0.0 0.0 1.0 71.97 2.726576473281853 405.61055575949536
4.529900000000004 3.0 0.0 1.0 0.0 4.0 4.0 4.0 43.370000000000005 1.5833923003667654 555.287111360081
-0.6625999999999994 4.0 4.0 7.0 0.0 0.0 0.0 0.0 149.2 4.933499278619151 288.0
0.7886 3.0 3.0 2.0 1.0 0.0 0.0 1.0 94.83000000000001 3.267052212361691 368.797177554286
1.3985 4.0 0.0 2.0 1.0 0.0 0.0 1.0 52.6 2.779704303124595 339.644560389167
4.840100000000005 3.0 0.0 2.0 0.0 3.0 4.0 4.0 43.370000000000005 1.5617613559656522 620.761871865839
0.0019999999999998352 5.0 1.0 0.0 2.0 0.0 0.0 2.0 77.58 2.8289012156206965 385.38435586878836
0.0020000000000000573 5.0 1.0 0.0 2.0 0.0 0.0 2.0 77.58 2.8289012156206965 385.38435586878836
0.6426999999999995 3.0 2.0 3.0 1.0 0.0 0.0 1.0 71.09 2.404221436579065 337.7805543891172
1.1025 3.0 2.0 2.0 1.0 0.0 0.0 1.0 81.41999999999999 2.679983362198753 310.57962882289627
0.7886 3.0 3.0 2.0 1.0 0.0 0.0 1.0 94.83000000000001 3.3454419708109926 336.54717755428595
-0.4827000000000003 5.0 3.0 0.0 2.0 0.0 0.0 2.0 106.5 2.906594668141501 390.7720147232831
0.4428999999999996 5.0 2.0 5.0 1.0 0.0 0.0 1.0 73.91 3.016142116173485 357.7654908716174
3.0255 2.0 0.0 1.0 1.0 0.0 0.0 1.0 12.36 3.061972168711611 278.6895252608723
0.0019999999999998352 5.0 1.0 0.0 2.0 0.0 0.0 2.0 77.58 2.91316116360486 380.1343558687884
5.713900000000006 3.0 1.0 0.0 0.0 5.0 6.0 6.0 38.69 1.2821987670487944 736.3902102956507
-0.28690000000000015 4.0 1.0 0.0 2.0 0.0 0.0 2.0 71.53 2.9353507979720246 435.53037088475946
-0.28689999999999993 4.0 1.0 0.0 2.0 0.0 0.0 2.0 71.53 2.9353507979720246 435.53037088475946
-0.28690000000000015 4.0 1.0 0.0 2.0 0.0 0.0 2.0 71.53 2.935350797972025 435.53037088475946
0.7886 3.0 3.0 2.0 1.0 0.0 0.0 1.0 94.83 3.427344204506424 368.797177554286
2.597600000000001 4.0 0.0 3.0 1.0 0.0 0.0 1.0 38.66 2.821459128052013 366.21331762855556
2.1672000000000002 5.0 2.0 5.0 1.0 0.0 0.0 1.0 62.730000000000004 2.7502607627255 315.37105540415854
-0.7716000000000003 4.0 3.0 0.0 2.0 0.0 0.0 2.0 100.44999999999999 3.0196561210532726 441.3146575841347
-1.0605000000000002 3.0 3.0 0.0 2.0 0.0 0.0 2.0 94.4 3.0332523584744413 488.64199370972545
-1.0605000000000004 3.0 3.0 0.0 2.0 0.0 0.0 2.0 94.39999999999999 3.13630869906562 490.6419937097255
1.3754000000000002 3.0 1.0 3.0 1.0 0.0 0.0 1.0 63.6 2.8895915446477933 331.23505186595935
2.4568000000000003 2.0 1.0 3.0 1.0 0.0 0.0 1.0 46.53 2.7509229858195923 325.16521978178946
2.4568000000000003 2.0 1.0 3.0 1.0 0.0 0.0 1.0 46.53 2.8069205617428654 304.91521978178946
0.4188999999999999 4.0 1.0 1.0 2.0 0.0 0.0 2.0 57.7 2.7343102124074457 391.3509949790138
1.0327999999999997 3.0 2.0 4.0 1.0 0.0 0.0 1.0 71.09 2.332341837261134 351.5071246242238
0.11600000000000016 4.0 1.0 2.0 1.0 0.0 0.0 1.0 71.93 3.334721047163084 460.38957553289714
1.9603999999999997 3.0 1.0 3.0 1.0 0.0 0.0 1.0 55.4 2.6354041401795083 356.60071282200613
0.1470200000000001 3.0 2.0 2.0 1.0 0.0 0.0 1.0 72.19 3.1423171432689863 355.49769522287335
2.4534200000000004 3.0 1.0 2.0 1.0 0.0 0.0 1.0 41.99 2.7023096347436737 278.09652460053724
3.4487000000000023 4.0 4.0 4.0 0.0 4.0 4.0 4.0 97.99000000000001 1.592996071933069 636.7605586006101
1.0731999999999997 4.0 0.0 0.0 2.0 0.0 0.0 2.0 51.56 2.8289012156206965 388.99399634322515
4.840100000000005 3.0 0.0 3.0 0.0 3.0 4.0 4.0 43.370000000000005 1.5096985677411756 592.0797523188578
5.6203000000000065 3.0 0.0 4.0 0.0 3.0 4.0 4.0 43.370000000000005 1.4791223604277057 650.0117263093939
2.5889200000000008 1.0 1.0 1.0 1.0 0.0 0.0 1.0 15.27 3.0108721142868715 351.9752768616324
1.41788 3.0 1.0 1.0 1.0 0.0 0.0 1.0 82.52 3.200324346367691 415.10157437016
2.709500000000001 2.0 1.0 2.0 1.0 0.0 1.0 2.0 38.33 2.086650443821241 409.20058758574135
1.7901999999999998 4.0 1.0 2.0 1.0 0.0 0.0 1.0 64.63 2.6354041401795083 358.19006718030624
0.82392 3.0 2.0 1.0 1.0 0.0 0.0 1.0 80.39 3.434493908900649 397.1125573446092
2.2118 3.0 1.0 4.0 1.0 0.0 0.0 1.0 55.4 2.6308846498835994 370.35519215780533
-0.41359999999999997 5.0 1.0 3.0 1.0 0.0 0.0 1.0 81.16 2.9500942268299215 476.2653928402042
0.4283999999999998 5.0 0.0 1.0 2.0 0.0 0.0 2.0 60.790000000000006 2.673996462761564 403.2834383297276
0.4283999999999998 5.0 0.0 1.0 2.0 0.0 0.0 2.0 60.790000000000006 2.673996462761564 403.2834383297276
1.4229 3.0 2.0 5.0 1.0 0.0 0.0 1.0 71.09 2.264526480530372 365.27330748765394
0.14059999999999973 5.0 3.0 3.0 1.0 0.0 0.0 1.0 92.78 2.7264263832045526 364.44006291232483
1.0366399999999998 4.0 0.0 0.0 2.0 0.0 0.0 2.0 51.56 2.8395199428108358 383.827416202102
1.08239 4.0 1.0 0.0 2.0 0.0 0.0 2.0 54.46 2.9353507979720246 435.53037088475946
1.0823899999999997 4.0 1.0 0.0 2.0 0.0 0.0 2.0 54.46 2.935350797972025 435.53037088475946
-0.9344000000000001 4.0 2.0 4.0 1.0 0.0 0.0 1.0 68.81 2.8059065797208205 356.4845844507714
-0.3566 4.0 2.0 2.0 1.0 0.0 0.0 1.0 83.96000000000001 3.047171356394799 476.7556178358772
0.5061 4.0 1.0 3.0 1.0 0.0 0.0 1.0 71.93 3.138842498862109 474.9811803250599
-2.259499999999999 6.0 3.0 2.0 0.0 1.0 2.0 2.0 107.29999999999998 2.1562600740257003 367.80762353420283
2.3505000000000003 3.0 1.0 4.0 1.0 0.0 0.0 1.0 55.4 2.571316213442423 370.35519215780533
-0.2765000000000002 5.0 0.0 0.0 2.0 0.0 0.0 2.0 60.67 3.0052440756263734 476.035224843126
4.840100000000005 3.0 0.0 1.0 0.0 3.0 4.0 4.0 43.370000000000005 1.6567983068408636 649.6577729026357
-0.2765000000000002 5.0 0.0 0.0 2.0 0.0 0.0 2.0 60.67 3.010232459961935 476.0352248431261
-7.571399999999989 16.0 11.0 8.0 0.0 3.0 3.0 3.0 268.67999999999995 1.6897643338729131 653.442936810205
0.5976899999999998 4.0 3.0 0.0 2.0 0.0 0.0 2.0 83.38 3.024307136383607 441.3146575841347
2.1544 5.0 1.0 5.0 1.0 0.0 0.0 1.0 73.86000000000001 2.347468256747924 401.43372633755644
3.2664000000000017 3.0 0.0 0.0 0.0 3.0 4.0 4.0 51.21 1.7719840088155432 616.1698355860838
5.0895000000000055 3.0 0.0 1.0 0.0 3.0 4.0 4.0 43.370000000000005 1.6167382549146243 763.6429112561266
2.3363 3.0 1.0 2.0 1.0 0.0 0.0 1.0 63.6 2.980838295892187 415.2720914064313
1.813 3.0 2.0 6.0 1.0 0.0 0.0 1.0 71.09 2.2021094530897907 379.08256335875
-0.9005000000000005 6.0 4.0 0.0 2.0 0.0 0.0 2.0 132.52 2.8789469964992307 430.53451041684724
0.021519999999999817 4.0 1.0 0.0 2.0 0.0 0.0 2.0 71.53 2.9590805364428694 476.0352248431261
2.6019000000000005 3.0 1.0 5.0 1.0 0.0 0.0 1.0 55.4 2.543356964281142 384.1559777215907
0.021519999999999928 4.0 1.0 0.0 2.0 0.0 0.0 2.0 71.53 2.975180596473416 476.0352248431261
-0.41580000000000034 6.0 2.0 0.0 2.0 0.0 0.0 2.0 103.6 2.892065045173516 425.3078661934481
5.230200000000005 3.0 0.0 3.0 0.0 3.0 4.0 4.0 43.370000000000005 1.5540240972407793 635.3641886679063
-0.02350000000000002 5.0 1.0 4.0 1.0 0.0 0.0 1.0 81.16 2.8218460616361525 491.01773203093444
1.7042599999999999 5.0 1.0 3.0 1.0 0.0 0.0 1.0 89.03999999999999 2.7839434957498614 486.2714796265021
-0.7047000000000003 5.0 2.0 0.0 2.0 0.0 0.0 2.0 97.55 2.987612040194711 476.5672938187655
-0.7047000000000003 5.0 2.0 0.0 2.0 0.0 0.0 2.0 97.55 2.992175260155925 476.5672938187655
-0.9936000000000005 4.0 2.0 0.0 2.0 0.0 0.0 2.0 91.5 3.0325116218754506 478.0493904512041
0.6141000000000001 4.0 2.0 3.0 1.0 0.0 0.0 1.0 93.78 2.6043534448757444 411.82236046621153
-0.9936000000000003 4.0 2.0 0.0 2.0 0.0 0.0 2.0 91.5 3.0570764393518415 526.5493904512041
0.4857999999999997 5.0 0.0 1.0 2.0 0.0 0.0 2.0 54.800000000000004 2.6198738697283104 425.55882955700895
-0.9936000000000003 4.0 2.0 0.0 2.0 0.0 0.0 2.0 91.5 3.0750286594864376 526.5493904512041
2.2031 3.0 2.0 7.0 1.0 0.0 0.0 1.0 71.09 2.1454943955050303 392.93736710495426
5.6203000000000065 3.0 0.0 4.0 0.0 3.0 4.0 4.0 43.370000000000005 1.5134981848755866 650.011726309394
2.022 6.0 1.0 6.0 1.0 0.0 0.0 1.0 116.69 2.970017788910421 411.45692258079697
1.323 5.0 0.0 3.0 1.0 1.0 1.0 2.0 89.28999999999999 2.4805060290081173 441.5129642009635
2.570400000000001 4.0 1.0 4.0 1.0 0.0 0.0 1.0 64.63 2.4992852015277567 385.9970315509345
0.36659999999999987 5.0 1.0 5.0 1.0 0.0 0.0 1.0 81.16 2.7004719500067464 505.7627411928015
2.3556 6.0 1.0 4.0 1.0 0.0 0.0 1.0 99.46 3.0461652404209065 384.92513219178056
1.1417 5.0 0.0 1.0 2.0 0.0 0.0 2.0 51.56 2.673996462761564 403.2834383297276
3.1102000000000007 2.0 1.0 3.0 1.0 0.0 0.0 1.0 46.53 2.841930502472325 341.8442913293867
3.130700000000001 3.0 1.0 6.0 1.0 0.0 0.0 1.0 55.4 2.426147487249208 398.00506040967724
2.5932000000000004 3.0 2.0 8.0 1.0 0.0 0.0 1.0 71.09 2.094589359162598 406.8394697583049
2.726400000000001 3.0 1.0 5.0 1.0 0.0 0.0 1.0 63.6 2.878622705893016 407.63541876010703
3.1102000000000007 2.0 1.0 3.0 1.0 0.0 0.0 1.0 46.53 2.9033904846830163 365.0942913293867
2.7262400000000007 2.0 1.0 2.0 1.0 1.0 1.0 2.0 32.34 2.1094798492313362 421.869783860833
2.2923 3.0 1.0 4.0 1.0 1.0 1.0 2.0 55.400000000000006 1.7237555042738855 424.2766440924629
1.40986 6.0 1.0 3.0 1.0 0.0 0.0 1.0 115.10999999999999 2.998680836519677 507.4362619440947
3.5293000000000023 2.0 2.0 0.0 1.0 2.0 3.0 4.0 40.46 1.7560945796748222 589.0810606278096
2.3125999999999998 2.0 0.0 2.0 2.0 0.0 0.0 2.0 29.96 2.348637604509715 381.0894217424773
0.7566999999999999 5.0 1.0 6.0 1.0 0.0 0.0 1.0 81.16 2.589625377558489 520.5098771392907
4.113400000000003 5.0 1.0 6.0 0.0 1.0 2.0 2.0 58.89 2.1490142739780786 452.8204033200171
2.9605000000000015 4.0 1.0 5.0 1.0 0.0 0.0 1.0 64.63 2.426147487249208 399.957200484813
2.7651000000000012 2.0 0.0 1.0 2.0 0.0 0.0 2.0 26.3 2.457495609726867 474.46035319335505
6.7906000000000075 3.0 0.0 8.0 0.0 3.0 4.0 4.0 43.370000000000005 1.310461729959863 665.0193294224592
2.1003 3.0 0.0 5.0 1.0 0.0 0.0 1.0 46.61 2.6224657007216408 398.75994791184075
1.4332 3.0 1.0 3.0 1.0 1.0 1.0 2.0 57.61000000000001 2.4452453810918366 457.3667252520632
2.9833000000000007 3.0 2.0 9.0 1.0 0.0 0.0 1.0 71.09 2.0490486632420644 420.79008229776605
4.095740000000003 1.0 0.0 2.0 2.0 0.0 0.0 2.0 9.23 2.1467113756182017 382.40080908048924
1.8068000000000002 5.0 1.0 5.0 1.0 0.0 0.0 1.0 73.86000000000001 2.426147487249208 401.43372633755644
1.1977 4.0 1.0 1.0 2.0 0.0 0.0 2.0 55.370000000000005 2.8850784336688773 499.5487152128229
-0.22029999999999988 5.0 1.0 0.0 2.0 0.0 0.0 2.0 80.64 2.9058460937611628 524.5172184283391
4.9792000000000005 1.0 0.0 2.0 1.0 1.0 1.0 2.0 12.53 2.296565409984951 387.9106828648847
0.32993999999999996 4.0 1.0 0.0 2.0 0.0 0.0 2.0 71.53 2.9693745960815043 517.02322051618
3.8902000000000028 3.0 2.0 3.0 0.0 2.0 4.0 4.0 74.6 1.6552159478313235 706.9308085346702
1.1065 3.0 1.0 1.0 1.0 0.0 1.0 2.0 55.4 2.279974977308965 411.8281797502914
1.5445999999999998 4.0 0.0 2.0 2.0 0.0 0.0 2.0 51.56 2.687641593424723 410.31631658149047
-1.0823300000000007 6.0 5.0 1.0 1.0 0.0 0.0 1.0 156.79 3.0922445639981544 431.73374089048275
2.1436 4.0 1.0 7.0 1.0 0.0 0.0 1.0 58.64 2.4506861321735043 438.93677733377945
1.92316 5.0 1.0 4.0 1.0 0.0 0.0 1.0 89.03999999999999 2.7713439900718044 505.8877920812641
1.7009999999999998 5.0 3.0 7.0 1.0 0.0 0.0 1.0 92.78 2.4223761342832155 419.9070331391436
1.7310999999999994 4.0 2.0 6.0 1.0 0.0 0.0 1.0 98.49 2.8146675357108357 509.6647193733828
3.9109000000000025 3.0 1.0 8.0 1.0 0.0 0.0 1.0 55.4 2.2898528792415944 425.8530546667464
2.634500000000001 3.0 0.0 4.0 1.0 1.0 1.0 2.0 46.61 1.8070226293977052 452.0496060326552
-1.4114000000000007 5.0 3.0 0.0 2.0 0.0 0.0 2.0 117.51999999999998 3.0349988488458273 568.9816990130837
-1.7003000000000001 4.0 3.0 0.0 2.0 0.0 0.0 2.0 111.46999999999998 3.1215241986373403 614.5424608906915
2.634500000000001 3.0 0.0 4.0 1.0 1.0 1.0 2.0 46.61 1.8668675755050952 458.0496060326552
1.5369000000000002 5.0 1.0 8.0 1.0 0.0 0.0 1.0 81.16 2.4020437653479205 550.0375171469315
-1.7003000000000004 4.0 3.0 0.0 2.0 0.0 0.0 2.0 111.47 3.149151199894993 619.7924608906916
3.7375000000000025 2.0 1.0 0.0 1.0 2.0 3.0 4.0 37.3 1.7742382229521887 628.3054350603156
0.7023000000000003 4.0 2.0 4.0 1.0 0.0 0.0 1.0 98.49 3.349553503462868 486.6764009743266
2.1952999999999996 5.0 1.0 5.0 1.0 0.0 0.0 1.0 73.86000000000001 2.4824412426104723 429.16464621631974
3.740700000000002 4.0 1.0 7.0 1.0 0.0 0.0 1.0 64.63 2.2898528792415944 428.0045832347821
-1.5074 7.0 2.0 2.0 2.0 0.0 0.0 2.0 93.16999999999999 2.7911588534428318 515.119531342925
0.1697999999999999 5.0 1.0 1.0 2.0 0.0 0.0 2.0 80.64 2.75920859640185 539.5100097098965
2.9840000000000018 3.0 0.0 7.0 1.0 0.0 0.0 1.0 46.61 2.5461416217716883 444.36284171200623
6.013800000000007 3.0 0.0 6.0 0.0 3.0 4.0 4.0 43.370000000000005 1.4862576500351725 758.5600928033517
-0.9321000000000006 7.0 4.0 4.0 1.0 1.0 1.0 2.0 116.45000000000002 2.084631452937899 484.60081956771336
-0.9392000000000005 6.0 3.0 3.0 2.0 0.0 0.0 2.0 95.83 2.58369277272513 529.3018175044356
1.8300999999999998 4.0 1.0 3.0 1.0 0.0 0.0 1.0 58.120000000000005 2.90956373710422 379.3408195882881
0.4335999999999996 5.0 2.0 7.0 1.0 0.0 0.0 1.0 87.07 2.5461416217716883 448.3915981068609
4.691100000000004 3.0 1.0 10.0 1.0 0.0 0.0 1.0 55.4 2.1745356827190343 453.9050022168034
0.8652999999999996 3.0 2.0 2.0 1.0 1.0 1.0 2.0 58.2 2.5359730532061087 464.53881284733444
4.087900000000002 2.0 0.0 2.0 2.0 0.0 0.0 2.0 12.36 2.3569219899086233 481.7042194917668
0.2136999999999999 4.0 3.0 2.0 1.0 0.0 0.0 1.0 117.69 3.539708805100715 478.8535635303721
1.8435 5.0 3.0 4.0 1.0 1.0 1.0 2.0 92.78000000000002 1.8757021502168245 468.9413595963639
3.8172000000000033 0.0 0.0 0.0 2.0 0.0 2.0 4.0 0.0 2.2123252109202167 478.8482712022648
3.7636000000000003 2.0 1.0 3.0 1.0 0.0 0.0 1.0 46.53 3.06621498706796 405.36352218380654
0.5598999999999998 5.0 1.0 2.0 2.0 0.0 0.0 2.0 80.64 2.5900999745829316 554.4828406258572
1.1268 5.0 1.0 2.0 2.0 0.0 0.0 2.0 77.58 2.6938365402816773 494.3818843822203
2.9807000000000015 1.0 1.0 3.0 2.0 0.0 0.0 2.0 37.3 2.228677125948167 471.84834508395556
1.1267999999999998 5.0 1.0 2.0 2.0 0.0 0.0 2.0 77.58 2.751964000699383 494.3818843822202
1.2993000000000001 3.0 1.0 4.0 1.0 0.0 0.0 1.0 63.400000000000006 3.1056171070977703 407.5534582564168
3.278900000000002 2.0 0.0 2.0 2.0 0.0 0.0 2.0 26.3 2.228677125948167 471.84834508395556
5.101000000000004 2.0 2.0 2.0 0.0 2.0 4.0 4.0 66.4 1.6005826459768338 788.3804053631567
1.4062000000000001 4.0 1.0 3.0 0.0 3.0 3.0 3.0 73.21000000000001 1.6796733988781196 500.26114034123646
-0.8039000000000005 6.0 3.0 2.0 1.0 1.0 1.0 2.0 104.54999999999998 2.434771465578547 608.1362311397389
-1.6165000000000003 7.0 1.0 1.0 2.0 0.0 0.0 2.0 82.05000000000001 3.112238371078967 633.5998048617087
0.3625999999999995 4.0 2.0 3.0 1.0 1.0 1.0 2.0 86.71000000000001 2.5725711526697546 528.7045713619236
0.9656 6.0 1.0 3.0 2.0 0.0 0.0 2.0 80.75999999999999 2.1318868041307004 484.201334431743
-2.4070000000000005 4.0 4.0 0.0 2.0 0.0 0.0 2.0 131.43999999999997 3.196086619206273 715.1596409393964
1.459 7.0 2.0 10.0 1.0 0.0 0.0 1.0 83.57999999999998 2.2182772434937243 473.7363586621033
1.7658 5.0 2.0 2.0 0.0 3.0 4.0 4.0 91.67 1.7605370426078073 764.3631263188779
0.8336 4.0 1.0 0.0 2.0 0.0 1.0 3.0 55.120000000000005 2.4613620410536785 588.6478823313821
-0.1563000000000001 6.0 0.0 2.0 2.0 0.0 0.0 2.0 61.82 2.9477693793520534 647.1083863008886
0.8914000000000001 3.0 2.0 3.0 2.0 0.0 0.0 2.0 78.61 2.452044839249235 554.1086939276441
0.14439999999999997 4.0 2.0 5.0 1.0 0.0 0.0 1.0 98.49000000000001 2.7158412432906793 481.9215134721631
0.20901999999999976 6.0 2.0 5.0 1.0 0.0 0.0 1.0 127.72000000000003 2.698338774760555 437.47231441733777
2.9000200000000005 3.0 1.0 2.0 2.0 0.0 0.0 2.0 37.81 2.2893330489439174 565.0114606278768
1.3557 6.0 1.0 4.0 2.0 0.0 0.0 2.0 80.75999999999999 2.0367964372559215 498.96957177220906
0.2797000000000011 5.0 3.0 3.0 0.0 3.0 3.0 3.0 112.72999999999999 1.7097436040726264 558.9252432763107
3.436820000000001 2.0 2.0 3.0 2.0 0.0 0.0 2.0 49.33 2.329483875146284 549.4234028495392
0.42009999999999986 5.0 2.0 2.0 2.0 0.0 0.0 2.0 97.55 2.828126575474602 589.5144622767907
0.42009999999999986 5.0 2.0 2.0 2.0 0.0 0.0 2.0 97.55 2.83095561176968 589.5144622767907
0.13119999999999987 4.0 2.0 2.0 2.0 0.0 0.0 2.0 91.5 2.884451093503013 641.2895800617196
1.7457999999999998 6.0 1.0 5.0 2.0 0.0 0.0 2.0 80.75999999999999 1.9474288452546935 513.7301362380247
-1.1205999999999998 8.0 5.0 6.0 1.0 1.0 1.0 2.0 128.84 2.1819587808010423 559.0084341088167
2.7106000000000003 3.0 3.0 3.0 2.0 0.0 0.0 2.0 75.35 2.329483875146284 552.6206554225115
4.417 2.0 1.0 3.0 1.0 0.0 0.0 1.0 46.53 3.228881979004343 416.7853022859085
5.453400000000001 0.0 0.0 0.0 2.0 0.0 0.0 2.0 0.0 2.9966182612341448 504.9384246991101
2.3007999999999997 6.0 2.0 7.0 2.0 0.0 0.0 2.0 89.85 2.2095765324392986 551.4878808177575
2.8817000000000013 4.0 0.0 3.0 1.0 1.0 1.0 2.0 55.84 2.400396983094347 528.280962684777
0.7035000000000001 4.0 1.0 3.0 2.0 0.0 0.0 2.0 73.80000000000001 2.2822461406411994 546.9335828894834
2.834000000000001 3.0 3.0 3.0 2.0 0.0 0.0 2.0 69.56 2.329483875146283 551.8657679203479
1.0073999999999992 5.0 0.0 4.0 1.0 1.0 1.0 2.0 72.91 1.8966651248931015 528.1253314121191
3.2398000000000007 2.0 1.0 1.0 2.0 0.0 0.0 2.0 50.19 2.8757213007056763 554.3588400172698
2.0199 3.0 1.0 1.0 3.0 0.0 0.0 3.0 54.46 2.206101422811211 552.6049503351331
1.1563999999999999 3.0 2.0 2.0 2.0 0.0 0.0 2.0 71.09 1.9296630435110773 489.17751919132087
0.8224000000000007 8.0 2.0 3.0 1.0 0.0 0.0 1.0 169.88 3.7562550919635718 500.30232072844115
4.3366000000000025 2.0 0.0 1.0 2.0 0.0 0.0 2.0 12.36 2.807562379622794 529.7986115550003
0.46979999999999983 4.0 2.0 3.0 1.0 0.0 0.0 1.0 92.34 2.944257041587932 533.9292547962567
3.408800000000002 2.0 0.0 5.0 2.0 0.0 0.0 2.0 26.3 2.0081362208045994 520.2050137146814
2.871200000000001 4.0 3.0 7.0 2.0 0.0 0.0 2.0 61.72 1.821810760404442 556.3047686381605
4.337400000000004 3.0 0.0 5.0 1.0 2.0 2.0 3.0 46.61000000000001 1.6229690309440277 541.7637108167736
-0.9062000000000003 7.0 0.0 0.0 2.0 0.0 0.0 2.0 78.89 3.1295894702167626 703.8380017877919
3.6719000000000017 3.0 2.0 3.0 2.0 0.0 0.0 2.0 48.78 1.8435520044760814 525.2022121515441
2.1359 6.0 1.0 6.0 2.0 0.0 0.0 2.0 80.75999999999999 1.8659180454432818 528.4924991181272
3.6519000000000013 3.0 0.0 3.0 2.0 0.0 0.0 2.0 29.43 2.3773705412559867 586.1810219944564
3.7818000000000014 2.0 2.0 3.0 2.0 0.0 0.0 2.0 49.33 2.329483875146283 554.6206554225115
3.4902200000000017 2.0 1.0 2.0 2.0 0.0 0.0 2.0 37.3 2.5824261182970467 530.6125976760256
1.0853000000000002 3.0 2.0 3.0 2.0 0.0 0.0 2.0 71.09 1.8264101483866388 555.4184644028866
1.6687 3.0 2.0 1.0 2.0 0.0 0.0 2.0 80.39 2.7524853523791917 619.6001475530923
3.012240000000001 3.0 1.0 2.0 2.0 0.0 0.0 2.0 41.99 2.1804936768384704 504.9922416008349
5.4391000000000025 1.0 0.0 2.0 2.0 0.0 0.0 2.0 9.23 2.3012101492780848 473.8671014776177
2.5260000000000007 6.0 1.0 7.0 2.0 0.0 0.0 2.0 80.75999999999999 1.7926677747697362 543.2638342980092
1.6687 3.0 2.0 1.0 2.0 0.0 0.0 2.0 80.39 2.7864143860658652 619.6001475530923
3.1370000000000005 3.0 2.0 4.0 2.0 0.0 0.0 2.0 58.559999999999995 2.3055632553212426 566.4704916140216
5.4391000000000025 1.0 0.0 2.0 2.0 0.0 0.0 2.0 9.23 2.3535811655313137 473.8671014776177
2.4245 4.0 0.0 2.0 1.0 1.0 4.0 5.0 30.93 1.8394502227694605 766.1233848323809
1.6687 3.0 2.0 1.0 2.0 0.0 0.0 2.0 80.39 2.8471933444322985 619.6001475530923
5.439100000000002 1.0 0.0 2.0 2.0 0.0 0.0 2.0 9.23 2.3843405653411573 497.11710147761767
2.044 4.0 1.0 1.0 1.0 1.0 3.0 4.0 49.77 1.984032745933399 681.154996148535
1.46482 3.0 2.0 2.0 2.0 0.0 0.0 2.0 71.09 1.9828080159235983 596.6498889464652
1.793 4.0 0.0 1.0 2.0 0.0 1.0 3.0 38.13 2.269476876044502 647.0194296299117
2.9418000000000015 6.0 0.0 5.0 1.0 0.0 0.0 1.0 112.58000000000001 3.6073037989964063 569.3111293243142
-0.5161 7.0 0.0 1.0 2.0 0.0 0.0 2.0 78.89000000000001 3.0100778748302632 719.451842026172
2.6949000000000005 3.0 1.0 5.0 2.0 0.0 1.0 3.0 27.63 1.7935916677564712 563.3036923427362
1.6687 3.0 2.0 1.0 2.0 0.0 0.0 2.0 80.39 2.892820391356086 619.6001475530923
3.7362000000000033 2.0 2.0 0.0 2.0 1.0 2.0 4.0 40.46 1.9281457536602338 691.1228551246693
2.7322000000000015 3.0 2.0 2.0 2.0 0.0 0.0 2.0 66.56 2.362960926704292 490.4338490921654
1.6687 3.0 2.0 1.0 2.0 0.0 0.0 2.0 80.39 2.9569505920361765 619.6001475530923
1.6687 3.0 2.0 1.0 2.0 0.0 0.0 2.0 80.39 2.961958871524338 619.6001475530923
1.6913999999999996 3.0 2.0 3.0 2.0 2.0 2.0 4.0 57.36 1.3221433592180512 689.1095394718029
1.0727 6.0 1.0 5.0 1.0 1.0 1.0 2.0 118.39000000000003 2.5917671224477914 596.7214348721607
3.7947000000000033 6.0 1.0 2.0 0.0 3.0 4.0 4.0 80.67 1.861120277972726 913.6457307267312
2.864200000000001 3.0 1.0 3.0 2.0 0.0 0.0 2.0 55.4 2.0360515655810727 576.0994989211438
1.9639 4.0 0.0 0.0 2.0 0.0 1.0 3.0 38.13 2.3853455155494854 661.6269579378583
1.6687 3.0 2.0 1.0 2.0 0.0 0.0 2.0 80.39 2.9930054792423175 614.3501475530923
2.37 3.0 1.0 1.0 2.0 0.0 1.0 3.0 67.50999999999999 2.303712274071291 696.741588579008
3.640100000000002 4.0 0.0 3.0 2.0 0.0 0.0 2.0 38.66 2.1678526563628937 604.2008734833388
-0.9518000000000006 8.0 0.0 0.0 2.0 0.0 0.0 2.0 88.12 3.0100778748302632 720.8966854642282
1.4754999999999998 4.0 1.0 8.0 1.0 0.0 0.0 1.0 89.70000000000002 2.5496900990841 581.1864862495336
-1.0457 8.0 0.0 2.0 2.0 0.0 0.0 2.0 88.12 2.696240359936178 736.6412408920515
2.2062 3.0 1.0 6.0 2.0 0.0 0.0 2.0 53.43000000000001 2.1467826667170877 557.5174956355265
3.0351000000000017 5.0 0.0 3.0 2.0 0.0 0.0 2.0 51.55 2.1678526563628937 607.3981260563111
3.3062000000000014 6.0 1.0 9.0 2.0 0.0 0.0 2.0 80.75999999999999 1.6691953827785975 572.8542786785846
2.1831000000000005 4.0 0.0 2.0 2.0 0.0 1.0 3.0 38.13 2.16751519686602 661.9785406420035
-2.708299999999996 6.0 2.0 3.0 0.0 2.0 2.0 2.0 98.82 1.907792685909168 404.4111225414069
-0.1260000000000001 7.0 0.0 2.0 2.0 0.0 0.0 2.0 78.89000000000001 2.8595995031135386 735.0518865337515
2.3366 6.0 1.0 3.0 0.0 3.0 4.0 4.0 97.74000000000001 1.674033832759118 868.5938398347263
1.4627999999999999 6.0 1.0 6.0 1.0 1.0 1.0 2.0 118.39000000000003 2.510444479736961 611.9105035713826
3.9444000000000026 2.0 1.0 0.0 2.0 1.0 2.0 4.0 37.3 1.9498407153031676 731.5207964175199
0.3486000000000002 5.0 3.0 4.0 0.0 1.0 3.0 3.0 112.73000000000002 1.6784524742148712 697.4360923398415
-0.4357 9.0 0.0 3.0 2.0 0.0 0.0 2.0 97.35 2.4462441577416625 769.4370691885798
1.4611999999999996 6.0 1.0 5.0 1.0 1.0 1.0 2.0 118.39000000000003 2.563360584347872 624.3189552668442
5.967200000000002 0.0 0.0 1.0 2.0 0.0 0.0 2.0 0.0 2.693526780615942 534.5371240740591
-0.5617000000000001 8.0 0.0 1.0 2.0 0.0 0.0 2.0 88.12 2.8595995031135386 736.6412408920517
2.354 4.0 0.0 1.0 2.0 0.0 1.0 3.0 38.13 2.3148233215496545 676.6352890782325
3.2559000000000013 3.0 2.0 3.0 2.0 0.0 0.0 2.0 67.42999999999999 1.925810402896756 594.2755078276398
-0.6555999999999995 8.0 0.0 3.0 2.0 0.0 0.0 2.0 88.12 2.57158370313781 752.3665624590808
-0.2643000000000002 7.0 1.0 4.0 1.0 1.0 1.0 2.0 129.49 2.084165305512655 564.810994030821
3.3310000000000004 3.0 2.0 4.0 2.0 0.0 0.0 2.0 66.4 2.3362268469820053 634.7927427712117
5.967200000000002 0.0 0.0 1.0 2.0 0.0 0.0 2.0 0.0 2.7263238728810455 514.287124074059
0.6278999999999999 5.0 3.0 4.0 2.0 0.0 0.0 2.0 82.69000000000001 2.537477099990474 606.5881837063149
6.092500000000002 1.0 0.0 2.0 2.0 0.0 0.0 2.0 9.23 2.2491822930475696 504.6970467453647
3.383000000000002 2.0 2.0 4.0 2.0 0.0 1.0 3.0 62.32 2.2365005465300696 688.6452033715748
-1.4429999999999996 7.0 2.0 3.0 1.0 0.0 0.0 1.0 132.10999999999999 3.0175970496005515 527.9326651971803
5.179600000000004 1.0 1.0 2.0 2.0 0.0 1.0 3.0 12.03 2.0462380294045226 624.1371109583483
3.917060000000002 6.0 1.0 4.0 2.0 0.0 0.0 2.0 96.69 2.031787898404213 716.4735770542255
6.092500000000002 1.0 0.0 2.0 2.0 0.0 0.0 2.0 9.23 2.2715238298570197 513.6970467453648
6.092500000000002 1.0 0.0 2.0 2.0 0.0 0.0 2.0 9.23 2.276872085495677 533.9470467453648
0.2640999999999998 7.0 0.0 3.0 2.0 0.0 0.0 2.0 78.89000000000001 2.701133867156717 750.6458727532737
1.7109999999999999 5.0 3.0 5.0 2.0 0.0 0.0 2.0 92.78000000000002 1.884969840328267 612.9289707423741
6.092500000000002 1.0 0.0 2.0 2.0 0.0 0.0 2.0 9.23 2.280258854573339 554.1970467453648
6.092500000000002 1.0 0.0 2.0 2.0 0.0 0.0 2.0 9.23 2.2962610484217487 536.9470467453648
3.3096000000000014 4.0 0.0 2.0 2.0 0.0 0.0 2.0 86.28 2.9444953887522094 641.4836569202204
1.7087999999999999 6.0 1.0 6.0 1.0 1.0 1.0 2.0 118.39000000000003 2.4630220295967464 639.5627744861159
6.092500000000002 1.0 0.0 2.0 2.0 0.0 0.0 2.0 9.23 2.3087182377385007 533.9470467453647
6.092500000000002 1.0 0.0 2.0 2.0 0.0 0.0 2.0 9.23 2.308146949631521 554.1970467453648
6.092500000000002 1.0 0.0 2.0 2.0 0.0 0.0 2.0 9.23 2.3031527501785183 536.9470467453648
-0.2571999999999998 7.0 2.0 4.0 1.0 1.0 1.0 2.0 110.62 2.1034083151732172 639.3702015474128
6.092500000000002 1.0 0.0 2.0 2.0 0.0 0.0 2.0 9.23 2.3249978266222713 536.9470467453647
6.092500000000002 1.0 0.0 2.0 2.0 0.0 0.0 2.0 9.23 2.314179277834969 554.1970467453648
-0.01950000000000096 8.0 0.0 2.0 2.0 0.0 0.0 2.0 88.12 2.464700963283148 819.5246687254521
6.092500000000001 1.0 0.0 2.0 2.0 0.0 0.0 2.0 9.23 2.3304961380775593 554.1970467453648
6.092500000000002 1.0 0.0 2.0 2.0 0.0 0.0 2.0 9.23 2.328198437197118 513.6970467453648
3.036600000000001 4.0 2.0 4.0 2.0 0.0 0.0 2.0 92.47 2.3362268469820053 640.0452728716688
6.092500000000001 1.0 0.0 2.0 2.0 0.0 0.0 2.0 9.23 2.337588756762317 554.1970467453648
6.092500000000002 1.0 0.0 2.0 2.0 0.0 0.0 2.0 9.23 2.340908611895312 554.1970467453648
-0.17159999999999997 8.0 0.0 2.0 2.0 0.0 0.0 2.0 88.12 2.701133867156717 752.3665624590808
6.092500000000002 1.0 0.0 2.0 2.0 0.0 0.0 2.0 9.23 2.3458990918509643 533.9470467453647
6.092500000000002 1.0 0.0 2.0 2.0 0.0 0.0 2.0 9.23 2.347105015757582 554.1970467453648
2.7441000000000013 4.0 0.0 2.0 2.0 0.0 1.0 3.0 38.13 2.223650455717504 691.6717301463041
6.092500000000002 1.0 0.0 2.0 2.0 0.0 0.0 2.0 9.23 2.3570431850388154 536.9470467453648
1.8513 6.0 1.0 4.0 1.0 1.0 1.0 2.0 118.39000000000003 2.559034357638673 661.1296749242293
-0.26550000000000007 8.0 0.0 4.0 2.0 0.0 0.0 2.0 88.12 2.4462441577416625 768.080907459373
6.092500000000001 1.0 0.0 2.0 2.0 0.0 0.0 2.0 9.23 2.3689939762202545 554.1970467453648
1.5558 3.0 3.0 3.0 1.0 0.0 0.0 1.0 83.55000000000001 2.923727030742346 371.9390010832792
6.092500000000002 1.0 0.0 2.0 2.0 0.0 0.0 2.0 9.23 2.3762966119750866 554.1970467453648
0.46330000000000093 4.0 2.0 4.0 0.0 2.0 3.0 3.0 87.74000000000001 1.4714347179474294 562.435258176523
6.092500000000001 1.0 0.0 2.0 2.0 0.0 0.0 2.0 9.23 2.4059075925717894 539.9470467453647
1.8049999999999997 6.0 0.0 6.0 1.0 1.0 1.0 2.0 109.60000000000001 2.6048584591871045 637.5627744861159
-2.2263000000000006 8.0 6.0 0.0 1.0 1.0 3.0 4.0 148.70999999999998 1.9062493510237846 691.8451066449809
6.092500000000002 1.0 0.0 2.0 2.0 0.0 0.0 2.0 9.23 2.432738690965598 539.9470467453647
2.346 3.0 1.0 1.0 2.0 0.0 1.0 3.0 59.300000000000004 2.534425296750556 763.3556201182145
6.092500000000002 1.0 0.0 2.0 2.0 0.0 0.0 2.0 9.23 2.4566989948132 513.6970467453648
0.21849999999999992 8.0 0.0 3.0 2.0 0.0 0.0 2.0 88.12 2.5475302511695155 768.080907459373
0.12460000000000004 8.0 0.0 5.0 2.0 0.0 0.0 2.0 88.12 2.3268563091254255 783.790772878825
-2.050729999999999 7.0 4.0 4.0 1.0 0.0 0.0 1.0 168.15 2.661576349868572 565.4908737239568
1.6134 6.0 1.0 5.0 2.0 0.0 0.0 2.0 98.74 2.1148992609543944 716.296113694193
3.313900000000002 3.0 0.0 3.0 2.0 3.0 3.0 5.0 33.2 1.686193435510598 733.7975324046537
1.9490999999999998 6.0 0.0 4.0 1.0 2.0 2.0 3.0 109.60000000000001 2.0611907190423446 679.9903536727077
5.180220000000004 0.0 0.0 0.0 3.0 0.0 1.0 4.0 0.0 2.171740908419932 780.7446702833802
0.5146999999999997 8.0 0.0 6.0 2.0 0.0 0.0 2.0 88.12 2.2164928705473557 799.5013449262239
0.9596 9.0 0.0 5.0 2.0 0.0 0.0 2.0 96.20000000000002 2.161472744971036 642.38487468897
0.7953999999999999 7.0 0.0 4.0 1.0 2.0 2.0 3.0 118.83000000000003 2.0611907190423446 681.2874717157897
-2.010699999999998 7.0 1.0 2.0 1.0 0.0 0.0 1.0 124.47999999999999 3.5108327682965035 633.6718132901968
6.620600000000001 0.0 0.0 1.0 2.0 0.0 0.0 2.0 0.0 2.7250997992331127 577.3489383657761
2.3639 5.0 1.0 5.0 2.0 1.0 1.0 3.0 72.68 2.2322078088081985 777.7653189463257
2.5454200000000013 5.0 2.0 3.0 2.0 0.0 0.0 2.0 100.66999999999999 2.498650958063002 691.4556053660621
1.67444 5.0 2.0 3.0 2.0 0.0 0.0 2.0 98.22 2.327592361324992 659.3419266315425
3.3225000000000016 3.0 1.0 3.0 2.0 0.0 1.0 3.0 67.50999999999999 2.3774429031156847 770.4342617608696
1.4317999999999997 3.0 2.0 3.0 2.0 1.0 1.0 3.0 69.64 2.2293255281485878 630.936148789902
0.9986999999999997 8.0 0.0 5.0 2.0 0.0 0.0 2.0 88.12 2.2763049018631247 799.5013449262239
6.745900000000002 1.0 0.0 2.0 2.0 0.0 0.0 2.0 9.23 2.3104050686456095 574.0119082804619
5.357200000000005 3.0 0.0 2.0 1.0 3.0 4.0 5.0 43.370000000000005 1.4182110572668891 938.6049069104024
6.745900000000002 1.0 0.0 2.0 2.0 0.0 0.0 2.0 9.23 2.3354601302003593 597.2619082804617
2.2192999999999996 7.0 3.0 6.0 0.0 3.0 4.0 4.0 138.20000000000002 1.5643692817672692 981.285050073354
6.745900000000002 1.0 0.0 2.0 2.0 0.0 0.0 2.0 9.23 2.341210361235431 574.0119082804619
0.8081000000000003 5.0 1.0 1.0 3.0 0.0 0.0 3.0 80.64 2.191851010345425 773.3766762961175
6.495500000000002 0.0 0.0 2.0 2.0 0.0 0.0 2.0 0.0 2.546652599180588 556.7941614219593
6.745900000000001 1.0 0.0 2.0 2.0 0.0 0.0 2.0 9.23 2.363724729239769 577.0119082804617
6.745900000000001 1.0 0.0 2.0 2.0 0.0 0.0 2.0 9.23 2.3636445664585937 597.2619082804617
6.745900000000002 1.0 0.0 2.0 2.0 0.0 0.0 2.0 9.23 2.3669730660402712 597.2619082804617
6.745900000000001 1.0 0.0 2.0 2.0 0.0 0.0 2.0 9.23 2.369670064491223 577.0119082804617
6.745900000000002 1.0 0.0 2.0 2.0 0.0 0.0 2.0 9.23 2.375997248042164 580.0119082804619
6.745900000000002 1.0 0.0 2.0 2.0 0.0 0.0 2.0 9.23 2.3666323735966874 574.0119082804619
0.1528999999999997 5.0 3.0 3.0 2.0 0.0 0.0 2.0 117.94 2.326419604781312 706.4026929919846
6.745900000000002 1.0 0.0 2.0 2.0 0.0 0.0 2.0 9.23 2.372918401291726 597.2619082804617
6.745900000000002 1.0 0.0 2.0 2.0 0.0 0.0 2.0 9.23 2.3954471546826523 597.2619082804617
6.745900000000002 1.0 0.0 2.0 2.0 0.0 0.0 2.0 9.23 2.3959185128768183 597.2619082804617
6.745900000000002 1.0 0.0 2.0 2.0 0.0 0.0 2.0 9.23 2.394930024914095 597.2619082804617
6.745900000000002 1.0 0.0 2.0 2.0 0.0 0.0 2.0 9.23 2.4017673566009763 580.0119082804619
1.2949 8.0 0.0 8.0 2.0 0.0 0.0 2.0 88.12 2.0259034490108947 830.9405942045671
6.745900000000002 1.0 0.0 2.0 2.0 0.0 0.0 2.0 9.23 2.399017772309855 574.0119082804617
6.745900000000002 1.0 0.0 2.0 2.0 0.0 0.0 2.0 9.23 2.400717383174895 597.2619082804617
6.745900000000002 1.0 0.0 2.0 2.0 0.0 0.0 2.0 9.23 2.4015485723909755 597.2619082804617
1.89874 3.0 6.0 4.0 2.0 0.0 0.0 2.0 140.87 2.0688749042532333 678.8174605907893
6.745900000000002 1.0 0.0 2.0 2.0 0.0 0.0 2.0 9.23 2.4068188008832183 597.2619082804617
6.745900000000002 1.0 0.0 2.0 2.0 0.0 0.0 2.0 9.23 2.4249739381580855 553.7619082804619
3.1171000000000015 5.0 0.0 1.0 1.0 2.0 4.0 5.0 52.68 1.5220051424470835 597.5560691256035
6.745900000000002 1.0 0.0 2.0 2.0 0.0 0.0 2.0 9.23 2.4280858384781316 597.2619082804617
6.745900000000001 1.0 0.0 2.0 2.0 0.0 0.0 2.0 9.23 2.432899227268091 577.0119082804617
6.745900000000002 1.0 0.0 2.0 2.0 0.0 0.0 2.0 9.23 2.4391630773682094 577.0119082804617
1.9969999999999999 6.0 1.0 7.0 2.0 0.0 0.0 2.0 87.85000000000001 1.9781847197470546 728.4209424993747
-1.5961999999999987 7.0 2.0 4.0 1.0 0.0 0.0 1.0 135.35 2.9847517879216365 572.5698831104077
6.745900000000001 1.0 0.0 2.0 2.0 0.0 0.0 2.0 9.23 2.519649990855332 553.7619082804619
1.7397999999999998 9.0 0.0 7.0 2.0 0.0 0.0 2.0 96.20000000000002 2.0793652557950297 673.1038840347659
4.637600000000003 3.0 1.0 5.0 2.0 0.0 0.0 2.0 55.76 2.068142491352373 640.6219189998242
4.162600000000002 1.0 2.0 2.0 3.0 0.0 0.0 3.0 53.089999999999996 2.2432169557830854 791.2908570767097
2.343 6.0 1.0 6.0 2.0 0.0 0.0 2.0 87.85000000000001 2.1050048125229 743.2665815648071
1.8732000000000002 4.0 2.0 0.0 2.0 0.0 1.0 3.0 74.6 2.3989305393535996 643.4353339687133
0.1632999999999999 6.0 2.0 3.0 2.0 0.0 0.0 2.0 107.08 2.3308844265183524 750.2549200647442
2.8226000000000013 4.0 2.0 4.0 2.0 0.0 0.0 2.0 84.5 2.005071408717631 721.2635163368137
0.6273 5.0 1.0 1.0 3.0 0.0 0.0 3.0 72.68 2.398129065855696 871.2799878789172
2.6099000000000006 5.0 1.0 7.0 2.0 2.0 2.0 4.0 72.68 1.903915365256768 855.4967074027925
3.028100000000001 4.0 2.0 3.0 2.0 0.0 1.0 3.0 87.74000000000001 2.4561564223530294 816.1347087478756
0.3181000000000002 5.0 3.0 4.0 1.0 2.0 2.0 3.0 112.72999999999999 1.711293315571299 693.8227554205865
4.454700000000004 2.0 1.0 1.0 2.0 1.0 3.0 5.0 23.47 1.6474924840993936 841.8543295395857
-1.9317999999999917 13.0 6.0 3.0 0.0 3.0 4.0 4.0 235.43999999999997 1.5819686859676914 1218.8303536686758
1.2683 5.0 2.0 3.0 2.0 1.0 1.0 3.0 74.57000000000001 2.2435848523617365 825.4107594006955
2.5200000000000005 9.0 0.0 9.0 2.0 0.0 0.0 2.0 96.20000000000002 1.999551897066473 703.8389218819835
0.44489999999999896 5.0 3.0 4.0 1.0 1.0 2.0 3.0 112.73000000000002 1.7144846348891027 734.0978878877091
1.2357999999999998 5.0 2.0 4.0 2.0 0.0 0.0 2.0 101.05 2.1944777869812415 699.242110808317
1.5428999999999995 6.0 1.0 5.0 2.0 1.0 1.0 3.0 89.75 2.2105906393487977 858.5581095098046
7.399300000000001 1.0 0.0 2.0 2.0 0.0 0.0 2.0 9.23 2.3944548643902235 617.3521141858682
2.2241 4.0 2.0 3.0 2.0 0.0 1.0 3.0 91.65 2.2157870607489283 857.2824566629206
0.3581999999999993 7.0 0.0 3.0 2.0 0.0 0.0 2.0 87.37 2.5566229085741443 838.5470810765916
1.7889199999999998 8.0 0.0 7.0 2.0 1.0 1.0 3.0 99.72999999999999 1.5073150571637464 796.5833590904681
3.376400000000001 3.0 2.0 3.0 2.0 0.0 0.0 2.0 72.19 2.3044771297116236 700.1693645265303
1.6604 5.0 3.0 4.0 2.0 0.0 0.0 2.0 107.44 2.3748800790813736 712.1412819746462
0.6633000000000002 6.0 2.0 3.0 2.0 1.0 1.0 3.0 87.46 2.2435848523617365 827.5622879687312
-2.163899999999998 7.0 1.0 3.0 1.0 0.0 0.0 1.0 127.72 3.462678991200497 679.3783714543973
7.3993 1.0 0.0 2.0 2.0 0.0 0.0 2.0 9.23 2.4438434971028453 640.6021141858682
7.399300000000001 1.0 0.0 2.0 2.0 0.0 0.0 2.0 9.23 2.4490542513111335 640.6021141858682
7.399300000000001 1.0 0.0 2.0 2.0 0.0 0.0 2.0 9.23 2.4565261556099505 614.3521141858682
7.399300000000001 1.0 0.0 2.0 2.0 0.0 0.0 2.0 9.23 2.4652681882367067 640.6021141858682
2.0591 5.0 1.0 5.0 2.0 0.0 0.0 2.0 85.35999999999999 2.1546959615040575 712.3990441204692
1.4382999999999997 4.0 2.0 6.0 2.0 0.0 0.0 2.0 98.49000000000001 2.043428387238533 726.4437971422677
7.3993 1.0 0.0 2.0 2.0 0.0 0.0 2.0 9.23 2.4753228302746075 640.6021141858682
-2.5444299999999984 8.0 5.0 7.0 1.0 0.0 0.0 1.0 197.25 2.3620355748256747 700.159007340273
1.1306999999999998 5.0 1.0 2.0 3.0 0.0 0.0 3.0 72.68 2.126128448193771 945.4494500064294
7.399300000000001 1.0 0.0 2.0 2.0 0.0 0.0 2.0 9.23 2.489176445277749 614.3521141858682
7.399300000000001 1.0 0.0 2.0 2.0 0.0 0.0 2.0 9.23 2.4806580116214114 640.6021141858682
3.7359000000000018 2.0 2.0 4.0 1.0 0.0 0.0 1.0 63.32 3.143861008246418 448.8329507587543
-1.1206999999999996 7.0 1.0 2.0 1.0 0.0 0.0 1.0 124.47999999999999 3.5095837579968685 724.3721148051803
0.6376999999999997 6.0 0.0 1.0 3.0 0.0 0.0 3.0 61.82 2.4876999391571606 916.2273914087924
2.1709999999999994 7.0 0.0 8.0 2.0 1.0 1.0 3.0 98.28999999999999 1.4687642344640421 798.2552270903105
0.8122999999999996 6.0 2.0 5.0 2.0 0.0 0.0 2.0 107.08000000000001 2.2829040776971956 810.0551714234178
1.9022999999999999 5.0 2.0 4.0 2.0 0.0 0.0 2.0 88.16 2.187980036757728 663.7207902219537
1.2071999999999996 6.0 2.0 4.0 2.0 0.0 0.0 2.0 107.08 2.3077821942687486 794.9112398437554
2.18408 7.0 2.0 7.0 1.0 0.0 0.0 1.0 145.79999999999998 3.4299476690971993 808.3770361972059
3.300200000000002 9.0 0.0 11.0 2.0 0.0 0.0 2.0 96.20000000000002 1.9258792513557554 734.6212161841662
2.4042000000000003 5.0 1.0 5.0 2.0 0.0 0.0 2.0 98.53999999999999 2.22194283560785 739.1360166888998
0.023699999999999555 6.0 4.0 4.0 1.0 2.0 2.0 3.0 132.96 1.7043464837064854 735.7906646381692
2.7840000000000007 5.0 1.0 5.0 2.0 4.0 4.0 6.0 72.68 1.7275121994407774 968.083237770863
2.2685000000000004 4.0 2.0 3.0 2.0 0.0 0.0 2.0 77.12 2.602309394619873 789.7163321503557
3.4117000000000015 6.0 1.0 9.0 2.0 0.0 0.0 2.0 87.85000000000001 1.8521835268218967 817.6793248963845
1.4263999999999997 6.0 2.0 6.0 2.0 0.0 0.0 2.0 107.08 2.2091943523434896 797.5828170024497
3.4117000000000015 6.0 1.0 9.0 2.0 0.0 0.0 2.0 87.85000000000001 1.8687854635583163 819.6793248963844
4.108200000000003 3.0 0.0 1.0 3.0 0.0 1.0 4.0 17.82 1.9656512490884461 792.4887702934694
-0.41699999999999826 9.0 0.0 7.0 2.0 0.0 0.0 2.0 108.43 2.065077795150357 934.8791508047732
1.2822999999999996 6.0 2.0 5.0 2.0 0.0 0.0 2.0 107.08 2.246628694177345 810.7267485821121
1.1383999999999996 7.0 0.0 5.0 2.0 0.0 0.0 2.0 87.37 2.4188685443329283 870.2718879243209
0.7638999999999998 6.0 2.0 3.0 2.0 1.0 1.0 3.0 77.80999999999999 2.183159031345674 856.5018374856825
1.8951999999999998 6.0 1.0 2.0 2.0 0.0 0.0 2.0 99.35 2.3721768136217514 772.3414977318889
1.5973 6.0 2.0 5.0 2.0 0.0 0.0 2.0 107.08 2.285579990811016 812.7267485821121
2.3705 7.0 0.0 8.0 2.0 1.0 1.0 3.0 74.30000000000001 1.4367407263952814 846.311417223103
7.9274 0.0 0.0 1.0 2.0 0.0 0.0 2.0 0.0 2.7854258417015845 634.6079666719706
7.9274000000000004 0.0 0.0 1.0 2.0 0.0 0.0 2.0 0.0 2.7912442734501957 614.3579666719705
-0.39219999999999694 9.0 2.0 5.0 0.0 2.0 4.0 4.0 154.26000000000002 1.7523131079457852 925.8437087715088
1.1410999999999996 6.0 0.0 2.0 3.0 0.0 0.0 3.0 61.82 2.2141388024280984 990.8882051011581
4.191900000000003 6.0 1.0 11.0 2.0 0.0 0.0 2.0 87.85000000000001 1.7432742294436545 850.605216355262
2.1097 5.0 0.0 2.0 1.0 4.0 6.0 7.0 51.24 1.521933594875605 973.869675469949
8.052699999999998 1.0 0.0 2.0 2.0 0.0 0.0 2.0 9.23 2.4543151510694003 660.9865474566767
5.244800000000003 0.0 0.0 0.0 4.0 0.0 1.0 5.0 0.0 2.070951863857911 992.7859948151678
2.1747000000000005 5.0 2.0 5.0 2.0 0.0 0.0 2.0 98.49 2.1280874393118245 781.8348777970372
3.3663000000000025 4.0 1.0 2.0 3.0 0.0 0.0 3.0 67.51 2.421806628244378 895.3937060173308
1.7958999999999998 5.0 2.0 3.0 2.0 1.0 1.0 3.0 74.57000000000001 2.308728008612519 910.3718189115058
2.3156 5.0 1.0 4.0 2.0 2.0 2.0 4.0 65.78 1.834238302456375 927.751757198637
4.025800000000003 3.0 1.0 5.0 3.0 0.0 0.0 3.0 63.33 2.0431259124342342 706.541070336389
3.157000000000001 2.0 2.0 2.0 1.0 0.0 0.0 1.0 66.4 3.443521249485579 473.5572816111098
8.0527 1.0 0.0 2.0 2.0 0.0 0.0 2.0 9.23 2.540389748514227 654.9865474566767
3.603900000000002 2.0 2.0 3.0 2.0 0.0 2.0 4.0 51.370000000000005 1.7185285088053315 883.3086781940215
4.148900000000003 2.0 0.0 2.0 3.0 0.0 1.0 4.0 26.3 2.0643455799261283 783.095685386686
2.0664 5.0 1.0 3.0 2.0 3.0 3.0 5.0 65.78 1.695834550381214 995.6674022756122
2.2823999999999995 6.0 4.0 1.0 3.0 0.0 0.0 3.0 111.13000000000001 2.2943459565950692 909.916284955401
1.97972 6.0 1.0 3.0 3.0 0.0 0.0 3.0 62.25000000000001 2.5818636769157735 921.4168499971744
6.488800000000005 0.0 0.0 3.0 4.0 0.0 0.0 4.0 0.0 1.9694900514609246 963.3137052800088
-0.06739999999999952 6.0 3.0 5.0 0.0 1.0 3.0 3.0 121.96000000000001 1.693783049831366 714.5587482407901
-1.2072999999999983 6.0 4.0 5.0 1.0 0.0 0.0 1.0 161.45 3.517733084461139 775.5729041164772
6.108020000000003 0.0 0.0 0.0 4.0 0.0 0.0 4.0 0.0 2.2801691529261157 967.2867569201643
2.0303999999999998 8.0 0.0 8.0 1.0 0.0 0.0 1.0 129.88000000000002 3.2225080820430487 767.9444114015362
1.6992 5.0 1.0 4.0 2.0 1.0 1.0 3.0 65.78 2.27376594138006 921.0797704773661
2.3070999999999997 5.0 2.0 2.0 2.0 1.0 2.0 4.0 82.76999999999998 2.004088915400979 960.3910630719566
1.0223999999999998 6.0 2.0 5.0 2.0 0.0 0.0 2.0 110.16 2.2279934661267236 872.3954343241984
1.8597000000000001 6.0 2.0 5.0 2.0 0.0 0.0 2.0 101.05000000000001 2.166306977508776 738.1179612621457
2.6301200000000007 5.0 2.0 4.0 2.0 0.0 0.0 2.0 72.36 2.5722082423067816 820.34489260479
4.314720000000003 6.0 0.0 6.0 2.0 0.0 0.0 2.0 74.97 2.4320213745926895 774.7321033828223
0.5945000000000003 9.0 2.0 8.0 3.0 0.0 0.0 3.0 128.35999999999999 1.4585584145813835 1009.0828847849522
0.5834999999999999 6.0 3.0 7.0 2.0 1.0 1.0 3.0 116.16999999999999 1.9253669291716142 812.0143376711897
1.508 5.0 1.0 8.0 2.0 0.0 0.0 2.0 106.77000000000001 2.0259533295756462 879.3744973570895
6.878900000000006 0.0 0.0 4.0 4.0 0.0 0.0 4.0 0.0 2.0559614447464893 978.9097796198781
8.7061 1.0 0.0 2.0 2.0 0.0 0.0 2.0 9.23 2.5386450742168876 666.6729701386387
3.020220000000001 5.0 2.0 5.0 2.0 0.0 0.0 2.0 72.36 2.5197260829051182 836.0478403098894
4.343200000000004 4.0 1.0 10.0 2.0 1.0 1.0 3.0 75.71000000000001 1.7218262827368163 827.7893712453786
2.7403000000000013 5.0 2.0 4.0 2.0 0.0 0.0 2.0 115.33000000000001 2.324830948689569 790.6498799301238
2.3817999999999993 4.0 1.0 2.0 3.0 0.0 0.0 3.0 84.57999999999998 2.4199278318967408 895.8626712618675
4.012800000000002 4.0 1.0 5.0 3.0 0.0 0.0 3.0 67.50999999999999 2.0692478121576032 877.6779064313266
1.3524199999999995 7.0 2.0 4.0 2.0 0.0 0.0 2.0 123.16999999999999 2.163978048157975 843.0947313914457
-0.01369999999999938 7.0 2.0 4.0 2.0 0.0 0.0 2.0 132.11 2.2955418017694145 782.4113557012791
2.850900000000001 5.0 2.0 5.0 2.0 0.0 0.0 2.0 72.36 2.519726082905118 839.4444813757616
7.5064 1.0 0.0 0.0 3.0 0.0 0.0 3.0 13.14 2.620539563600211 835.6989004553219
1.9879999999999995 7.0 5.0 1.0 3.0 0.0 0.0 3.0 131.36 2.3772579684492388 956.2426827834671
6.454800000000002 3.0 0.0 6.0 3.0 0.0 0.0 3.0 27.05 1.8269922473983415 852.287332800423
-2.4221999999999975 10.0 0.0 0.0 3.0 0.0 0.0 3.0 113.78 2.77142328500971 1102.387364150185
0.12740000000000085 7.0 2.0 5.0 2.0 0.0 0.0 2.0 132.11 2.148106795067362 798.7280228547764
2.5826000000000002 6.0 0.0 5.0 2.0 0.0 0.0 2.0 103.58000000000001 2.538409537169663 885.9246961462785
4.069300000000003 4.0 1.0 1.0 3.0 0.0 1.0 4.0 59.67 2.0066276911491467 972.8185013146048
2.9644200000000005 4.0 1.0 3.0 3.0 0.0 0.0 3.0 86.19000000000001 2.1152086708703175 898.3237942363404
1.9926199999999998 6.0 3.0 6.0 2.0 0.0 0.0 2.0 92.59 2.4540211994155197 854.0039641187757
-1.0593999999999995 9.0 3.0 8.0 2.0 0.0 0.0 2.0 163.7 1.8290235831199113 879.7716083264708
0.29472000000000004 7.0 2.0 4.0 2.0 0.0 0.0 2.0 132.10999999999999 2.290136497239401 824.3325437360894
3.0365 5.0 3.0 8.0 2.0 0.0 0.0 2.0 118.72 2.591803585839536 850.8419702178361
2.0815999999999995 6.0 3.0 3.0 2.0 2.0 2.0 4.0 100.59 2.046795056183286 1038.1212061890906
3.141800000000001 6.0 3.0 6.0 3.0 0.0 0.0 3.0 91.67999999999999 1.8834400033550658 932.3111129403959
-0.43150000000000016 8.0 3.0 4.0 2.0 0.0 0.0 2.0 158.13 2.290136497239401 825.2522282746334
5.996100000000007 2.0 0.0 8.0 3.0 0.0 0.0 3.0 12.47 1.9959473772927907 880.735533510235
-0.43150000000000016 8.0 3.0 4.0 2.0 0.0 0.0 2.0 158.13 2.3171610298004977 842.5022282746336
4.324220000000003 3.0 0.0 1.0 3.0 0.0 1.0 4.0 30.18 2.0274961737508215 943.1897985853425
2.8796000000000017 7.0 0.0 9.0 1.0 0.0 0.0 1.0 136.02 3.8394224507006953 792.8339086039589
-0.29849999999999927 8.0 4.0 4.0 2.0 2.0 2.0 4.0 155.91 1.4820061575039778 869.0552506197238
1.1332999999999998 6.0 2.0 3.0 2.0 0.0 0.0 2.0 115.04000000000002 2.4111572051888173 885.1455837513711
2.1549 9.0 2.0 12.0 3.0 0.0 0.0 3.0 128.35999999999999 1.475321343664842 1087.4597219790141
0.6397000000000004 7.0 2.0 4.0 2.0 0.0 0.0 2.0 132.11 2.2901364972394003 828.8618687490703
0.4849000000000003 5.0 5.0 7.0 2.0 0.0 0.0 2.0 141.75 1.9708527444006914 901.9259374138554
-0.44029999999999964 7.0 1.0 4.0 2.0 0.0 0.0 2.0 124.47999999999999 2.414042088015637 910.712456798816
-0.005099999999999716 8.0 2.0 5.0 2.0 0.0 0.0 2.0 141.34 2.2620294476884473 841.7632134479193
1.7845999999999997 8.0 1.0 4.0 3.0 1.0 1.0 4.0 106.95 1.5561913356619825 997.2266742298813
-0.27297999999999945 7.0 1.0 3.0 2.0 0.0 0.0 2.0 124.47999999999999 2.57840316906822 936.9341796344468
3.6083000000000016 6.0 1.0 9.0 3.0 0.0 0.0 3.0 87.85000000000001 1.4544362683785006 1034.5216149042665
-13.054800000000023 30.0 18.0 6.0 0.0 22.0 22.0 22.0 474.9000000000002 1.1902543703171793 1233.4857443469036
1.6745999999999994 6.0 2.0 5.0 3.0 0.0 0.0 3.0 107.08000000000001 1.8087222150735298 1029.4930421498273
-0.44229999999999964 7.0 1.0 3.0 2.0 0.0 0.0 2.0 124.47999999999999 2.57840316906822 941.6241355703396
0.07040000000000118 7.0 2.0 5.0 1.0 0.0 1.0 2.0 126.63999999999999 2.614889698641198 844.2033635592527
-0.9991999999999988 8.0 2.0 3.0 2.0 0.0 0.0 2.0 150.49999999999997 2.57840316906822 938.0144950959027
7.0242000000000075 3.0 0.0 3.0 2.0 3.0 4.0 6.0 43.370000000000005 1.2224249914528424 1250.0909622961126
-0.9991999999999988 8.0 2.0 3.0 2.0 0.0 0.0 2.0 150.49999999999997 2.6099671295210207 955.2644950959025
0.9115600000000001 7.0 2.0 4.0 2.0 0.0 0.0 2.0 132.10999999999999 2.42973586435238 908.9919321721823
2.0833999999999997 4.0 2.0 3.0 2.0 0.0 1.0 3.0 92.5 1.8885490887958856 914.5336968480625
-1.1724999999999979 10.0 4.0 7.0 1.0 1.0 1.0 2.0 201.57999999999998 2.2592762983237704 953.8851353067347
3.9543000000000026 6.0 1.0 8.0 3.0 0.0 0.0 3.0 87.85000000000001 1.5679561603761876 1050.22152382523
0.7488000000000004 7.0 2.0 4.0 2.0 0.0 0.0 2.0 132.11 2.2901364972394003 828.8618687490703
0.0720000000000004 7.0 1.0 3.0 2.0 0.0 0.0 2.0 124.47999999999999 2.57840316906822 941.6241355703396
3.966300000000003 5.0 0.0 4.0 2.0 1.0 2.0 4.0 59.08000000000001 1.3719674807840372 1018.6312184671792
2.4367 7.0 1.0 5.0 3.0 1.0 1.0 4.0 75.89000000000001 1.4512332556457084 987.2002824427811
3.0626000000000015 7.0 1.0 4.0 3.0 1.0 1.0 4.0 79.82000000000001 1.5106701712991717 971.1144801564416
1.5149000000000001 7.0 3.0 5.0 3.0 0.0 0.0 3.0 139.95999999999998 1.721983530710786 1023.3654351147006
3.1154 3.0 3.0 3.0 1.0 0.0 0.0 1.0 95.5 3.676002394084443 573.1711797623659
7.149500000000008 4.0 0.0 4.0 2.0 3.0 4.0 6.0 52.60000000000001 1.1878814083850415 1269.6514147134014
-0.5727999999999993 8.0 1.0 4.0 2.0 0.0 0.0 2.0 133.71 2.5295281263358396 954.7360902176821
-0.1054999999999997 9.0 2.0 5.0 2.0 0.0 0.0 2.0 175.25 2.275296640988825 917.4360395027559
-1.6983999999999995 7.0 5.0 6.0 1.0 0.0 0.0 1.0 204.54 3.4265359137532543 931.6046764241422
0.18660000000000188 9.0 5.0 3.0 1.0 0.0 3.0 4.0 164.63 1.9774201929495312 1166.8313772844322
-0.10550000000000015 9.0 2.0 5.0 2.0 0.0 0.0 2.0 175.25 2.338338445730132 934.6860395027558
4.573300000000005 5.0 0.0 6.0 2.0 1.0 1.0 3.0 83.75999999999999 1.743485819311677 1043.2898855206902
-0.3154999999999997 8.0 3.0 5.0 2.0 0.0 0.0 2.0 169.41 2.4095088940607896 933.7663549642118
-0.05529999999999996 8.0 3.0 5.0 2.0 0.0 0.0 2.0 161.20999999999998 2.2150700357742 933.5213362380719
-0.10550000000000015 9.0 2.0 5.0 2.0 0.0 0.0 2.0 175.25 2.4095088940607896 934.6860395027558
4.676400000000004 3.0 1.0 4.0 3.0 1.0 1.0 4.0 56.410000000000004 1.387496925207373 1116.588637106729
0.3438600000000004 7.0 1.0 3.0 2.0 0.0 0.0 2.0 124.47999999999999 2.705214021670626 1023.210333464523
0.10100000000000042 9.0 2.0 6.0 2.0 0.0 0.0 2.0 152.70999999999998 2.2614280920794325 972.0159024482798
0.5909000000000002 7.0 2.0 4.0 2.0 0.0 0.0 2.0 132.11 2.2901364972394003 828.8618687490703
3.368500000000002 6.0 0.0 6.0 2.0 0.0 1.0 3.0 59.080000000000005 2.055852318919889 869.370915000003
0.1811000000000006 7.0 1.0 3.0 2.0 0.0 0.0 2.0 124.47999999999999 2.57840316906822 941.6241355703396
0.2472999999999999 11.0 2.0 6.0 2.0 0.0 0.0 2.0 158.7 2.195244344510917 905.5503292964848
3.3046000000000015 6.0 3.0 2.0 3.0 1.0 1.0 4.0 94.14000000000001 1.9967325788263282 1109.8816324905745
5.001500000000003 2.0 0.0 4.0 4.0 0.0 0.0 4.0 17.82 2.142548146355507 996.0236896698776
1.6425 6.0 2.0 2.0 2.0 0.0 1.0 3.0 99.60000000000001 2.060666749584647 871.6999809705909
-1.1164999999999998 9.0 4.0 6.0 2.0 0.0 0.0 2.0 187.23 2.1813732580298457 951.1249732989636
-0.6731999999999998 9.0 1.0 4.0 2.0 0.0 0.0 2.0 167.62 2.5281229181826497 1032.090917985759
-0.6731999999999998 9.0 1.0 4.0 2.0 0.0 0.0 2.0 167.62 2.600981331366207 1049.3409179857592
2.7189000000000005 5.0 1.0 3.0 3.0 1.0 1.0 4.0 65.78 1.9710874718676135 1150.530441830211
0.08690000000000075 7.0 2.0 7.0 1.0 0.0 1.0 2.0 118.79999999999998 2.44423070346814 756.9042640271008
-0.6229999999999989 8.0 2.0 4.0 2.0 0.0 0.0 2.0 153.57999999999998 2.445965211993147 1048.214262519496
-0.8831999999999987 8.0 2.0 4.0 2.0 0.0 0.0 2.0 161.78 2.683304720145757 1048.2606025243033
3.7016000000000018 7.0 3.0 6.0 3.0 0.0 0.0 3.0 141.31 1.7658464964858716 1130.3973704840953
4.161700000000002 5.0 2.0 10.0 3.0 0.0 0.0 3.0 112.07000000000002 1.8705600872018624 1032.0529522380773
-0.6731999999999998 9.0 1.0 4.0 2.0 0.0 0.0 2.0 167.62 2.683304720145757 1049.3409179857592
0.5479000000000007 9.0 2.0 5.0 2.0 0.0 0.0 2.0 175.25 2.379095256204312 985.3849130436831
2.909300000000001 8.0 1.0 5.0 3.0 1.0 1.0 4.0 122.96000000000001 1.4449834769021297 1145.3754382853715
3.9686000000000017 4.0 2.0 2.0 2.0 0.0 2.0 4.0 87.74 2.219375716044988 1156.264890483857
1.7226000000000001 7.0 1.0 8.0 3.0 1.0 1.0 4.0 94.66000000000001 1.3798387221141417 1169.3778054220081
0.023200000000000442 7.0 1.0 3.0 2.0 0.0 0.0 2.0 124.47999999999999 2.57840316906822 941.6241355703396
-0.6360799999999995 12.0 2.0 7.0 2.0 1.0 2.0 4.0 156.08999999999997 1.4374120949777263 990.9137443081793
2.9834000000000005 5.0 3.0 7.0 2.0 1.0 1.0 3.0 98.74000000000001 1.8557216656905429 1037.3968239633443
0.6818 7.0 2.0 4.0 2.0 0.0 0.0 2.0 132.11 2.5507960339306313 1007.2177003248088
-0.22560000000000074 10.0 3.0 7.0 2.0 1.0 2.0 4.0 150.54 1.461085055467631 1058.7195859121866
5.853620000000003 2.0 1.0 3.0 4.0 0.0 0.0 4.0 50.19 1.8757800490139198 1217.4329743060962
5.764100000000004 4.0 0.0 2.0 2.0 1.0 1.0 3.0 40.32 2.2049866698846214 920.1589460243687
2.912300000000001 5.0 3.0 8.0 2.0 1.0 1.0 3.0 98.74000000000001 1.815449567529237 1053.4693984767937
2.904300000000001 5.0 2.0 3.0 3.0 1.0 1.0 4.0 74.57 2.027981249592739 1225.567752290625
3.2918200000000013 5.0 3.0 7.0 2.0 1.0 1.0 3.0 98.74000000000001 1.860334065045496 1080.2236754997996
-0.04480000000000073 9.0 6.0 9.0 3.0 0.0 0.0 3.0 213.27999999999997 1.6218348411934933 1225.0586856369828
1.8945 6.0 2.0 3.0 3.0 2.0 2.0 5.0 101.45000000000002 1.7617670554909077 1280.5073286613379
-0.019799999999999485 9.0 1.0 4.0 2.0 0.0 0.0 2.0 167.62 2.63076024510674 1100.9338424019345
1.6683999999999999 7.0 3.0 6.0 3.0 0.0 0.0 3.0 144.14 1.7795262345511635 1148.929729586021
-15.23060000000003 35.0 21.0 7.0 0.0 21.0 21.0 21.0 554.0500000000003 1.0764059408401618 1467.0881468264465
2.7486000000000006 6.0 3.0 9.0 2.0 1.0 1.0 3.0 107.97000000000001 1.7749632334788012 1072.2301358143693
1.8094999999999999 7.0 3.0 7.0 3.0 0.0 0.0 3.0 144.14 1.7155438612602096 1165.6843213102993
3.636800000000002 5.0 3.0 7.0 2.0 1.0 1.0 3.0 98.74000000000001 1.860334065045497 1086.447650758999
-0.1972999999999996 11.0 2.0 6.0 2.0 0.0 0.0 2.0 218.39 2.4756921816219073 1075.039708498277
2.992000000000001 6.0 3.0 8.0 2.0 1.0 1.0 3.0 107.97 1.856623310206649 1099.0507472957433
-2.0002999999999993 10.0 5.0 8.0 2.0 0.0 0.0 2.0 216.32999999999996 2.038213086180263 1079.1667662352374
1.48412 10.0 2.0 7.0 2.0 0.0 0.0 2.0 152.71 2.3036758830118567 1156.4163993793206
3.3654400000000013 6.0 3.0 9.0 2.0 1.0 1.0 3.0 107.97 1.7965756972392257 1158.615379581121
-0.7649999999999997 11.0 1.0 5.0 2.0 0.0 0.0 2.0 210.76 2.7120249125032942 1192.2842838459655
2.8916000000000004 7.0 3.0 8.0 2.0 1.0 1.0 3.0 141.88000000000002 1.8635850753146401 1180.3040281440985
4.860100000000003 5.0 2.0 5.0 4.0 0.0 0.0 4.0 85.08 1.5347080968210856 1184.6563876711014
2.4309000000000003 7.0 3.0 6.0 3.0 0.0 0.0 3.0 144.14 1.7767362092281256 1198.5418369917281
1.6864199999999998 8.0 4.0 6.0 3.0 0.0 0.0 3.0 173.23999999999998 1.671037471545007 1308.3061307292178
7.093000000000002 4.0 2.0 4.0 3.0 0.0 0.0 3.0 80.32000000000001 1.7431910577635752 1244.78451345341
2.711400000000002 6.0 3.0 6.0 3.0 0.0 0.0 3.0 130.75 2.01301933799316 1209.8930921498134
2.6872000000000007 7.0 3.0 6.0 3.0 0.0 0.0 3.0 144.14 1.8028486093875875 1312.0937109866632
2.0314 8.0 4.0 6.0 3.0 0.0 0.0 3.0 173.23999999999998 1.6710374715450067 1313.8779124539237
-17.406399999999984 40.0 24.0 8.0 0.0 30.0 30.0 30.0 633.2000000000004 0.9753935163468521 1704.4130590253585
3.6615000000000038 9.0 4.0 18.0 2.0 0.0 0.0 2.0 153.68 2.476111980321009 1255.7962475462054
2.363900000000001 7.0 3.0 6.0 3.0 0.0 0.0 3.0 144.14 1.8950711662599473 1388.4718336770911
4.654300000000003 7.0 2.0 10.0 3.0 0.0 2.0 5.0 120.75000000000003 1.6873376648529925 1366.1499197446356
2.7172 6.0 3.0 5.0 3.0 4.0 5.0 8.0 118.21000000000001 1.1163811009194007 1689.7934384247383
4.171100000000004 10.0 1.0 8.0 3.0 2.0 3.0 6.0 117.78000000000002 1.293564642858826 1526.4817827505706
7.183700000000007 4.0 2.0 6.0 5.0 0.0 0.0 5.0 70.67 1.504070715998948 1507.1507491353123
13.140499999999976 4.0 4.0 12.0 2.0 4.0 4.0 6.0 115.06 1.1943926935322349 1712.85640296721
1.1787000000000047 11.0 9.0 26.0 2.0 0.0 0.0 2.0 247.33999999999997 2.2029181294262528 1512.9807029715548
1.3040000000000052 10.0 9.0 22.0 2.0 0.0 0.0 2.0 266.96 2.2463187832964007 1529.96627438611
2.3659999999999997 9.0 4.0 13.0 3.0 1.0 1.0 4.0 149.96 1.4576157281011268 1513.9135119602165
7.497240000000009 5.0 2.0 4.0 3.0 0.0 1.0 4.0 83.83000000000001 2.3274444241455936 1389.6238825984417
3.0972000000000035 9.0 7.0 20.0 3.0 0.0 0.0 3.0 216.52999999999997 1.7588635020839 1646.5142834911446
3.0972000000000035 9.0 7.0 20.0 3.0 0.0 0.0 3.0 216.52999999999997 1.7588635020839 1646.5142834911446
2.335600000000004 9.0 7.0 20.0 3.0 0.0 0.0 3.0 230.57999999999998 1.7560913013861073 1695.0378308286404
3.1609000000000043 9.0 8.0 21.0 3.0 0.0 0.0 3.0 229.66 1.7570784473590944 1727.14179702742
2.597000000000004 10.0 8.0 21.0 3.0 0.0 0.0 3.0 242.55 1.7488390399138425 1700.0922556417372
6.848200000000001 4.0 4.0 9.0 2.0 0.0 0.0 2.0 132.8 1.9401188960620233 1095.619513788268
4.085200000000007 9.0 8.0 21.0 3.0 1.0 1.0 4.0 229.66 1.5053446894841858 1808.9767387470463
3.327900000000004 9.0 8.0 21.0 3.0 0.0 0.0 3.0 240.93999999999997 1.792641188429206 1781.0028397806786
3.0813000000000033 6.0 2.0 6.0 2.0 4.0 4.0 6.0 139.44 1.424541478160049 1671.513257110581
2.6566000000000054 10.0 9.0 23.0 3.0 0.0 0.0 3.0 266.96 1.7814720457395428 1882.4163366368307
1.9435000000000044 7.0 5.0 6.0 3.0 4.0 4.0 7.0 192.7 1.2806178311200094 1893.4966645920467
1.519600000000007 8.0 4.0 9.0 2.0 2.0 3.0 5.0 186.60999999999996 1.5859988973607475 1672.6232400761212
2.6154000000000037 7.0 4.0 6.0 3.0 4.0 4.0 7.0 176.91000000000003 1.2752356620347867 1934.368719165232
1.981900000000005 7.0 4.0 6.0 3.0 4.0 4.0 7.0 167.26000000000002 1.3034454084562823 1968.265627690232
1.539200000000005 8.0 5.0 6.0 3.0 3.0 4.0 7.0 205.06 1.2852062948144372 1942.7736083702475
2.272700000000004 8.0 2.0 6.0 2.0 2.0 4.0 6.0 164.15999999999997 1.4349240448438085 1769.5924541633187
4.9272000000000045 0.0 0.0 9.0 0.0 0.0 0.0 0.0 0.0 2.72724281291869 56.43856189774725
5.707400000000006 0.0 0.0 11.0 0.0 0.0 0.0 0.0 0.0 2.7847655305545773 74.03910001730775
1.5248 0.0 0.0 0.0 0.0 0.0 0.0 0.0 0.0 2.1874960973678963 10.264662506490405
1.1664 1.0 0.0 2.0 0.0 0.0 0.0 0.0 9.23 2.4017152226171965 24.828921423310437
2.6804000000000006 4.0 0.0 4.0 0.0 0.0 0.0 0.0 44.760000000000005 4.102541909313092 180.53107956171823
-2.064599999999997 0.0 0.0 2.0 0.0 0.0 0.0 0.0 0.0 0.0 48.88058452123625
3.2283800000000014 6.0 0.0 7.0 1.0 0.0 0.0 1.0 63.839999999999996 2.8809507542904287 503.4558226694405
0.3714999999999997 6.0 1.0 1.0 1.0 0.0 0.0 1.0 73.8 3.397091200228207 393.3082446563218
2.5273200000000005 7.0 0.0 7.0 1.0 0.0 0.0 1.0 56.71000000000001 3.0607197266412487 460.49867431625097
2.6633000000000004 8.0 0.0 7.0 2.0 0.0 0.0 2.0 83.31 2.2177860455800626 710.9599108337162
4.7260000000000035 4.0 0.0 5.0 2.0 0.0 0.0 2.0 44.760000000000005 2.0397172594711117 655.695423998274
6.113300000000004 3.0 0.0 6.0 2.0 1.0 1.0 3.0 35.53 1.5921835455133286 811.0157196010404
0.48561999999999983 9.0 2.0 5.0 2.0 0.0 0.0 2.0 149.46999999999997 2.235964909573677 946.5935872985998
2.705400000000001 0.0 0.0 0.0 1.0 0.0 0.0 1.0 0.0 2.9660431785816628 199.84124603366342
-0.1644000000000001 1.0 1.0 0.0 0.0 0.0 0.0 0.0 12.03 1.6329931618554523 2.7548875021634682
2.3192000000000004 3.0 1.0 1.0 1.0 0.0 0.0 1.0 63.37 3.267886414704282 374.93303613863793
1.4412 1.0 1.0 0.0 0.0 0.0 0.0 0.0 37.3 3.7911184170869663 83.42592196522058
1.9848999999999997 2.0 1.0 2.0 1.0 0.0 0.0 1.0 37.3 2.8953480359887567 248.77017257091032
4.529700000000004 1.0 0.0 11.0 0.0 1.0 1.0 1.0 20.310000000000002 1.7707771290501286 215.1425000045842
3.8404000000000025 2.0 1.0 12.0 0.0 1.0 1.0 1.0 57.61000000000001 1.9266296600834765 317.15708131892103
-0.45069999999999993 2.0 1.0 1.0 0.0 1.0 1.0 1.0 57.61000000000001 2.5721042387865727 177.8317422378777
-0.36230000000000007 3.0 0.0 1.0 0.0 1.0 1.0 1.0 46.61 2.5318678469519194 190.1247076051515
1.5882 3.0 0.0 6.0 0.0 1.0 1.0 1.0 46.61 2.2819637675987297 252.6484278325195
1.644 1.0 0.0 1.0 1.0 0.0 0.0 1.0 12.89 2.8320858350070908 145.73281445033504
1.69844 1.0 0.0 0.0 1.0 0.0 0.0 1.0 12.89 3.077660437970554 164.24662946459569
1.1076999999999995 5.0 1.0 5.0 2.0 0.0 0.0 2.0 90.06 1.9102319013435463 579.670248604383
2.5037000000000003 3.0 1.0 1.0 2.0 0.0 1.0 3.0 46.17 2.3388778647071136 673.9438611224745
1.6264 4.0 2.0 0.0 2.0 0.0 1.0 3.0 86.18 2.4094150669454457 644.9353339687133
1.635 5.0 2.0 1.0 2.0 0.0 1.0 3.0 95.41 2.39050314982751 765.9542098555299
3.828800000000003 6.0 1.0 7.0 2.0 0.0 0.0 2.0 91.32999999999998 2.06058221147532 668.7296328965323
3.763020000000004 7.0 2.0 8.0 2.0 0.0 0.0 2.0 111.55999999999999 2.218296219534484 807.3450386671063
4.1392000000000015 5.0 2.0 6.0 3.0 0.0 0.0 3.0 101.34 1.941216733384219 1022.816560093066
4.375980000000003 7.0 1.0 8.0 2.0 0.0 0.0 2.0 115.12 2.1182055651664946 833.2822582747103
2.2510000000000003 2.0 2.0 0.0 2.0 0.0 0.0 2.0 40.46 2.786653081405114 379.8581352532283
0.6538199999999998 3.0 1.0 0.0 1.0 0.0 0.0 1.0 50.44 3.4257312155228083 261.2506372810443
-1.4074 6.0 4.0 2.0 0.0 0.0 1.0 1.0 107.22000000000001 2.7264838555305078 232.19280948873626
0.9180999999999993 5.0 1.0 4.0 1.0 3.0 3.0 4.0 62.3 1.4200028178766764 545.037182254803
3.959100000000003 2.0 1.0 0.0 0.0 4.0 4.0 4.0 37.3 1.6375393766570927 458.4827066363416
3.8792000000000026 2.0 1.0 0.0 0.0 3.0 4.0 4.0 37.3 1.692354659363723 507.69574308017087
0.8279000000000003 3.0 4.0 3.0 2.0 0.0 0.0 2.0 99.34 2.3748399614529796 533.0092387418979
-1.4615 3.0 2.0 2.0 0.0 0.0 0.0 0.0 57.53 2.964900494759057 43.30296890880646
0.7968000000000001 3.0 3.0 5.0 0.0 2.0 2.0 2.0 78.43 1.703040654393498 297.78872926636205
-0.01750000000000007 3.0 0.0 2.0 0.0 0.0 0.0 0.0 43.370000000000005 3.602196822415083 123.11544605258784
-0.15589999999999993 3.0 3.0 3.0 0.0 0.0 0.0 0.0 74.6 3.6324321519398444 132.52932501298082
1.8615000000000002 2.0 1.0 2.0 1.0 0.0 0.0 1.0 43.09 2.8953480359887567 250.77017257091032
1.3687 0.0 0.0 0.0 0.0 0.0 0.0 0.0 0.0 2.1874960973678963 10.264662506490405
1.0994000000000002 0.0 0.0 0.0 0.0 0.0 0.0 0.0 0.0 2.1874960973678963 10.264662506490405
2.3803 0.0 0.0 0.0 0.0 0.0 0.0 0.0 0.0 4.020391543176799 65.40990953421706
2.7462999999999997 0.0 0.0 0.0 0.0 0.0 0.0 0.0 0.0 4.748408577925169 120.39661034611615
-2.3214 5.0 5.0 1.0 0.0 1.0 1.0 1.0 118.22 2.7866006884073427 203.02830685572664
2.0373 0.0 0.0 1.0 0.0 0.0 0.0 0.0 0.0 2.5395388613593903 17.609640474436812
2.0524 0.0 0.0 1.0 0.0 0.0 0.0 0.0 0.0 2.5395388613593908 14.0
0.6715 2.0 0.0 1.0 0.0 0.0 0.0 0.0 43.14 3.2575861612334887 59.813537528125096
1.5058 5.0 3.0 5.0 2.0 0.0 0.0 2.0 92.42 2.27490503347506 664.5701333426623
1.6985 2.0 2.0 1.0 0.0 1.0 1.0 1.0 40.46 2.4688639790107176 145.71173956630957
4.785200000000005 2.0 2.0 5.0 2.0 0.0 0.0 2.0 40.46 2.3163196571785463 476.84960987081564
4.604600000000003 2.0 2.0 3.0 2.0 0.0 0.0 2.0 40.46 2.4386154465710357 572.6233694045893
0.9985999999999999 4.0 2.0 2.0 1.0 0.0 0.0 1.0 100.66999999999999 3.3454419708109926 340.89569309988275
4.837400000000002 3.0 1.0 2.0 3.0 0.0 0.0 3.0 50.739999999999995 2.0981399181131093 733.3250398040603
1.8884 4.0 1.0 3.0 1.0 2.0 2.0 3.0 49.769999999999996 1.5975120721745049 461.8701458124774
-3.8346000000000005 6.0 6.0 0.0 0.0 1.0 1.0 1.0 121.38000000000001 2.7602520756252087 103.58797503894242
2.064600000000001 6.0 0.0 3.0 1.0 0.0 0.0 1.0 129.42000000000002 3.5727545380551327 466.0323945374248
0.4794000000000001 4.0 4.0 4.0 1.0 0.0 0.0 1.0 149.2 3.7099095314521815 473.23556602352045
2.997200000000001 3.0 0.0 3.0 1.0 1.0 2.0 3.0 38.77 1.5596547149797815 571.3979945235308
2.3836000000000004 0.0 0.0 2.0 0.0 0.0 0.0 0.0 0.0 2.7541847860376616 27.974168451037094
0.8249 1.0 1.0 2.0 0.0 0.0 0.0 0.0 20.23 2.7541847860376616 27.974168451037094
3.513300000000002 0.0 0.0 0.0 1.0 0.0 0.0 1.0 0.0 2.9660431785816628 199.84124603366342
-0.3633999999999998 3.0 3.0 5.0 0.0 0.0 0.0 0.0 111.9 4.1359823272131315 192.0838499786226
3.403400000000002 1.0 0.0 4.0 2.0 0.0 0.0 2.0 9.23 1.8095807579695855 341.09815896246135
0.5075 2.0 2.0 2.0 1.0 0.0 0.0 1.0 65.97999999999999 2.6373377790142882 238.26031184741805
1.7397 2.0 0.0 4.0 0.0 0.0 0.0 0.0 26.3 3.0613168393721577 78.98533616859814
2.442500000000001 0.0 0.0 2.0 0.0 0.0 0.0 0.0 0.0 2.6272148478988635 21.219280948873624
2.4395000000000007 1.0 1.0 4.0 0.0 0.0 0.0 0.0 20.23 3.337430348629276 66.79745154591336
0.005600000000000049 1.0 2.0 2.0 0.0 0.0 0.0 0.0 38.05 2.9670528832697767 79.75898006442378
1.29 1.0 0.0 2.0 0.0 0.0 0.0 0.0 9.23 2.6531630746803305 32.912609383243264
-1.916999999999998 4.0 4.0 7.0 0.0 0.0 0.0 0.0 76.1 2.6476048489438337 49.70950594454669
-2.3273999999999972 5.0 5.0 10.0 0.0 0.0 0.0 0.0 88.13 2.7581498184332935 78.60357147141794
0.5919000000000003 4.0 0.0 4.0 0.0 0.0 0.0 0.0 68.28 5.489317101196206 325.29672290314346
2.5412 0.0 0.0 0.0 0.0 1.0 1.0 1.0 0.0 3.159591794226542 151.0977500432694
2.4245 4.0 0.0 2.0 1.0 1.0 4.0 5.0 30.93 1.83945022276946 766.1233848323809
1.5116 5.0 0.0 3.0 1.0 0.0 0.0 1.0 95.50999999999999 3.2744144453933877 389.66658614642563
2.2391999999999994 0.0 0.0 0.0 0.0 0.0 0.0 0.0 0.0 3.541196965079901 55.20035947603792
1.49982 7.0 2.0 2.0 1.0 0.0 2.0 3.0 117.97 2.4133487158110243 922.0876506010804
-2.0211999999999994 5.0 3.0 4.0 0.0 0.0 0.0 0.0 103.82999999999998 4.305619426082996 112.55169583620197
2.6688 8.0 1.0 10.0 2.0 0.0 1.0 3.0 103.76 2.08681876864661 1031.3869465495895
4.515300000000004 2.0 1.0 1.0 0.0 3.0 4.0 4.0 37.3 1.6619631243467547 550.0448238342481
1.9647999999999999 0.0 0.0 0.0 1.0 0.0 0.0 1.0 0.0 3.134861511345448 162.63833891467198
1.7087999999999999 1.0 0.0 2.0 0.0 0.0 0.0 0.0 9.23 3.239280745266341 75.84283310353014
3.013800000000002 8.0 4.0 3.0 1.0 4.0 5.0 6.0 129.59 1.2114711192059808 1126.812062544604
0.5549999999999999 3.0 1.0 0.0 1.0 1.0 2.0 3.0 34.03 2.1469341613539945 409.9937128941548
0.10189999999999999 2.0 2.0 2.0 0.0 0.0 0.0 0.0 74.6 4.169214533734282 167.79680833403847
-1.2804999999999995 4.0 2.0 2.0 0.0 0.0 0.0 0.0 108.73999999999998 4.4582270815509055 236.17972125264015
2.0237 0.0 0.0 0.0 0.0 0.0 0.0 0.0 0.0 3.0237157840738176 19.11941547876375
3.7924000000000024 3.0 1.0 4.0 2.0 0.0 0.0 2.0 46.53 2.554539374643344 575.475277933952
1.8812 0.0 0.0 1.0 0.0 0.0 0.0 0.0 0.0 2.5395388613593903 17.609640474436812
1.4455999999999998 6.0 5.0 2.0 2.0 0.0 0.0 2.0 118.22 2.528400685932389 639.1732847991934
0.22129999999999994 4.0 0.0 1.0 0.0 0.0 1.0 1.0 60.440000000000005 2.9836631464280323 287.432985745165
0.2655799999999999 4.0 0.0 1.0 1.0 0.0 0.0 1.0 55.019999999999996 3.493871049698866 387.02482575616915
-4.224499999999998 7.0 7.0 6.0 0.0 0.0 0.0 0.0 141.61 4.221713709086299 136.97373660251156
-0.9321000000000006 7.0 4.0 4.0 1.0 1.0 1.0 2.0 116.45000000000002 2.084631452937899 484.60081956771336
2.2186000000000003 6.0 2.0 3.0 2.0 0.0 0.0 2.0 97.97 2.2454848870473523 699.8037074429856
1.644 1.0 0.0 1.0 1.0 0.0 0.0 1.0 12.89 2.8320858350070908 145.73281445033504
2.4686000000000003 3.0 0.0 2.0 1.0 2.0 2.0 3.0 29.54 1.629075096497469 417.37955886515994
1.3885 2.0 1.0 3.0 0.0 0.0 0.0 0.0 38.33 3.21702316769915 101.7792291661388
2.5199000000000007 2.0 0.0 6.0 0.0 0.0 0.0 0.0 26.3 3.040425665876032 99.73585546369786
-0.7929000000000002 2.0 2.0 2.0 0.0 0.0 0.0 0.0 66.4 3.1818458670936187 95.85105031544944
-1.942599999999998 10.0 4.0 4.0 0.0 2.0 3.0 3.0 151.98000000000002 1.815012177319334 616.8353814919832
0.7811999999999999 3.0 3.0 3.0 1.0 0.0 0.0 1.0 111.9 3.55594512931231 415.6658332869801
2.0107 4.0 0.0 4.0 1.0 0.0 0.0 1.0 48.3 2.7483931858760178 415.9305493136352
3.053700000000001 0.0 0.0 0.0 1.0 0.0 0.0 1.0 0.0 3.0324555320336755 147.38833891467198
0.8371 2.0 0.0 0.0 0.0 0.0 1.0 1.0 26.3 2.5803181355669738 124.04184397996642
1.4133 1.0 1.0 1.0 0.0 0.0 0.0 0.0 20.23 3.541196965079901 49.69058447171098
1.8034 1.0 1.0 0.0 0.0 0.0 0.0 0.0 20.23 4.020391543176799 59.36806555425064
4.575300000000004 4.0 0.0 2.0 0.0 2.0 4.0 4.0 60.440000000000005 1.7900315303594412 820.4617842103512
0.18180000000000007 2.0 2.0 2.0 0.0 0.0 0.0 0.0 74.6 4.381728683302121 131.03698459046723
0.5719 2.0 2.0 3.0 0.0 0.0 0.0 0.0 74.6 4.127512487055626 159.13075145540293
1.9475 1.0 1.0 3.0 0.0 0.0 0.0 0.0 20.23 3.373381552563661 57.4071655715584
1.4198000000000002 7.0 0.0 4.0 1.0 0.0 0.0 1.0 138.65 3.625430618211917 477.18394073503225
1.5281 1.0 1.0 0.0 2.0 0.0 0.0 2.0 32.86 3.0307899009392414 425.2608208761056
2.2568 2.0 1.0 2.0 2.0 0.0 0.0 2.0 46.17 2.079926562733872 470.933177853866
2.8958000000000004 0.0 0.0 0.0 1.0 0.0 0.0 1.0 0.0 3.134861511345448 162.63833891467198
-0.45910000000000006 0.0 1.0 2.0 0.0 0.0 0.0 0.0 4.44 2.7541847860376616 23.11941547876375
2.7277000000000013 1.0 1.0 6.0 0.0 0.0 0.0 0.0 20.23 2.998419094375296 53.748605961854445
2.4138 0.0 0.0 2.0 0.0 0.0 0.0 0.0 0.0 2.6272148478988635 25.11941547876375
2.8958000000000004 0.0 0.0 0.0 1.0 0.0 0.0 1.0 0.0 3.077660437970554 166.38833891467198
2.727700000000002 1.0 1.0 6.0 0.0 0.0 0.0 0.0 20.23 2.7731888559274704 59.74860596185444
0.17620000000000002 4.0 3.0 3.0 1.0 0.0 0.0 1.0 124.79000000000002 3.55594512931231 420.1951582999609
3.1025 0.0 0.0 0.0 1.0 0.0 0.0 1.0 0.0 3.134861511345448 164.63833891467198
0.30920000000000003 2.0 2.0 3.0 0.0 0.0 0.0 0.0 74.6 3.6324321519398444 132.52932501298082
3.2466000000000017 5.0 1.0 4.0 2.0 0.0 0.0 2.0 98.31 2.3991450084316583 628.1265516966855
1.2582999999999998 6.0 2.0 5.0 2.0 0.0 0.0 2.0 107.2 2.1715590689884516 668.8535522428149
3.963200000000003 0.0 0.0 1.0 2.0 0.0 0.0 2.0 0.0 2.61987386972831 413.0627536956115
4.483900000000005 2.0 1.0 0.0 0.0 5.0 5.0 5.0 20.23 1.473730703285255 464.4827066363416
1.4231 0.0 0.0 2.0 0.0 0.0 0.0 0.0 0.0 2.7683855790457867 84.18716785960169
2.5852000000000017 1.0 1.0 6.0 0.0 0.0 0.0 0.0 20.23 2.7731888559274704 59.74860596185444
2.640900000000001 2.0 2.0 1.0 2.0 0.0 1.0 3.0 57.53 2.424052661218044 665.8387220032452
-0.6178000000000003 6.0 2.0 1.0 0.0 5.0 5.0 5.0 91.82000000000001 1.755938060151459 596.971262626573
2.498100000000001 4.0 2.0 3.0 1.0 0.0 1.0 2.0 70.56 2.0542767516970395 625.0236406185542
2.980100000000002 0.0 0.0 5.0 0.0 0.0 0.0 0.0 0.0 2.68805533088827 76.52932501298082
-1.5028999999999997 7.0 3.0 1.0 0.0 5.0 5.0 5.0 112.05000000000001 1.7928474592203694 641.8022207092022
2.7277000000000013 1.0 1.0 6.0 0.0 0.0 0.0 0.0 20.23 2.968015041036938 61.74860596185444
1.2136 1.0 1.0 1.0 0.0 0.0 0.0 0.0 37.3 3.679228031962392 102.25742227201613
2.964900000000002 4.0 0.0 4.0 0.0 1.0 3.0 3.0 63.68 1.61158435496958 638.8542726966778
-2.241599999999999 4.0 0.0 3.0 0.0 0.0 0.0 0.0 80.25999999999999 4.069511908932011 133.82680599646994
3.784220000000002 4.0 2.0 3.0 2.0 0.0 0.0 2.0 76.66 1.9910569204245536 685.3509531428246
2.5852000000000017 1.0 1.0 5.0 0.0 0.0 0.0 0.0 20.23 3.8747749631204758 66.53278903942294
3.0715000000000017 4.0 1.0 3.0 2.0 1.0 4.0 6.0 41.93000000000001 1.4520691118503983 955.8226640711225
-0.46289999999999937 6.0 3.0 2.0 0.0 2.0 2.0 2.0 88.38000000000001 2.0121307465624216 284.92430642566427
4.3991000000000025 3.0 1.0 4.0 2.0 0.0 0.0 2.0 46.53 2.547618683970087 603.1091973394051
4.1574000000000035 2.0 0.0 9.0 1.0 0.0 0.0 1.0 29.54 3.0405929299275014 426.1662903460974
1.85272 3.0 2.0 5.0 1.0 0.0 0.0 1.0 57.78 2.9373311083141993 370.5860503155157
1.5223999999999998 6.0 2.0 6.0 1.0 0.0 0.0 1.0 71.96000000000001 2.852731013715871 330.9854695248083
2.3253000000000004 0.0 0.0 0.0 0.0 0.0 0.0 0.0 0.0 3.1431973062780685 42.854752972273346
1.7364000000000002 2.0 2.0 2.0 1.0 0.0 0.0 1.0 74.6 3.427344204506423 372.4068180287228
1.6112 4.0 1.0 1.0 1.0 0.0 0.0 1.0 58.120000000000005 2.894631590511528 355.23947195293493
3.9311200000000035 5.0 1.0 8.0 1.0 0.0 0.0 1.0 73.63 3.112387649797256 552.9728394805225
4.3655000000000035 2.0 1.0 4.0 2.0 0.0 1.0 3.0 54.37 2.1011120578982485 939.9136691174383
0.7706999999999999 4.0 0.0 2.0 0.0 1.0 2.0 2.0 52.60000000000001 2.2395594879594616 290.5496111291175
4.904500000000005 2.0 0.0 9.0 0.0 0.0 0.0 0.0 26.3 3.9017092211713953 300.38392569815863
4.466000000000005 3.0 0.0 5.0 2.0 0.0 0.0 2.0 46.61 2.4507817228967568 764.519451387341
5.340800000000003 5.0 0.0 6.0 2.0 0.0 0.0 2.0 89.51999999999998 2.725550042719448 881.3358721418774
-0.3897000000000006 6.0 3.0 2.0 1.0 1.0 1.0 2.0 102.74 2.1770477836157407 273.83982642577905
5.072400000000003 6.0 0.0 6.0 3.0 0.0 0.0 3.0 57.650000000000006 1.7293673531335798 895.6683796705244
1.9505000000000001 0.0 0.0 0.0 0.0 1.0 1.0 1.0 0.0 2.083333333333333 11.60964047443681
2.442500000000001 0.0 0.0 0.0 0.0 0.0 0.0 0.0 0.0 3.168489872670569 29.793193904479523
2.3406000000000002 0.0 0.0 0.0 0.0 1.0 1.0 1.0 0.0 2.0 15.509775004326936
1.9725 0.0 0.0 1.0 0.0 0.0 0.0 0.0 0.0 2.622415807990217 27.019550008653873
2.752700000000001 0.0 0.0 3.0 0.0 0.0 0.0 0.0 0.0 2.6891574118399517 44.0
1.8098 0.0 0.0 2.0 0.0 0.0 0.0 0.0 0.0 2.543857644448419 47.548875021634686
2.611860000000001 0.0 0.0 0.0 1.0 0.0 0.0 1.0 0.0 3.1716780304409156 211.27833704135645
2.811400000000001 0.0 0.0 2.0 1.0 0.0 0.0 1.0 0.0 2.7972512629697874 160.69821324529929
3.118420000000002 0.0 0.0 1.0 1.0 0.0 0.0 1.0 0.0 2.8937627836066775 193.78322454351996
3.277400000000002 0.0 0.0 2.0 2.0 0.0 0.0 2.0 0.0 2.1614757505786617 310.81248233699284
3.2578000000000014 0.0 0.0 0.0 2.0 0.0 1.0 3.0 0.0 2.3207279847408384 411.60041905516795
3.456640000000002 0.0 0.0 0.0 2.0 0.0 0.0 2.0 0.0 2.9433728520613918 372.05786619344804
3.456640000000002 0.0 0.0 0.0 2.0 0.0 0.0 2.0 0.0 2.8395199428108353 372.8078661934481
2.9384000000000015 0.0 0.0 0.0 2.0 0.0 1.0 3.0 0.0 2.580405551126642 401.9826286215576
4.301420000000003 0.0 0.0 0.0 3.0 0.0 0.0 3.0 0.0 2.597968359562711 581.6567221133736
1.4215 0.0 0.0 0.0 0.0 0.0 0.0 0.0 0.0 1.6329931618554523 2.7548875021634682
2.1425 0.0 0.0 0.0 0.0 0.0 0.0 0.0 0.0 2.3237900077244498 10.75488750216347
2.2986000000000004 0.0 0.0 0.0 0.0 0.0 0.0 0.0 0.0 2.3237900077244498 10.75488750216347
1.7762 0.0 0.0 1.0 0.0 0.0 0.0 0.0 0.0 1.9747448713915894 6.0
1.8314 0.0 0.0 1.0 0.0 0.0 0.0 0.0 0.0 1.9747448713915894 5.245112497836532
2.0253 0.0 0.0 2.0 0.0 0.0 0.0 0.0 0.0 2.19060968716425 11.119415478763749
2.631100000000001 0.0 0.0 1.0 0.0 0.0 0.0 0.0 0.0 3.5411969650799016 51.5907190016011
1.9352 0.0 0.0 0.0 0.0 0.0 0.0 0.0 0.0 2.549193338482967 19.219280948873624
2.3276000000000003 0.0 0.0 0.0 0.0 0.0 0.0 0.0 0.0 2.549193338482967 19.219280948873624
2.5017000000000005 0.0 0.0 0.0 0.0 0.0 0.0 0.0 0.0 3.1431973062780685 42.854752972273346
4.1909 0.0 0.0 1.0 0.0 0.0 0.0 0.0 0.0 4.249516250191478 148.34093004940027
4.007000000000002 0.0 0.0 1.0 2.0 0.0 0.0 2.0 0.0 2.4751856733635376 392.8790477621569
4.660400000000002 0.0 0.0 1.0 2.0 0.0 0.0 2.0 0.0 2.625314488097028 415.0796467381504
5.313800000000001 0.0 0.0 1.0 2.0 0.0 0.0 2.0 0.0 2.5902651876890967 477.72594705335234
7.274000000000001 0.0 0.0 1.0 2.0 0.0 0.0 2.0 0.0 2.6915481076472427 564.9500798683472
7.274000000000001 0.0 0.0 1.0 2.0 0.0 0.0 2.0 0.0 2.7716541206999254 597.2000798683472
0.6347 1.0 1.0 1.0 0.0 0.0 0.0 0.0 20.23 2.5395388613593908 17.609640474436812
1.4149 1.0 1.0 3.0 0.0 0.0 0.0 0.0 20.23 2.8318199660707846 35.161259458730164
1.4149 1.0 1.0 2.0 0.0 0.0 0.0 0.0 20.23 3.3604351426960575 42.14170945007629
1.4149 1.0 1.0 3.0 0.0 0.0 0.0 0.0 20.23 2.9923028831940863 25.651484454403228
1.8034 1.0 1.0 2.0 0.0 0.0 0.0 0.0 20.23 3.623281003705976 61.27730243901708
1.9475 1.0 1.0 3.0 0.0 0.0 0.0 0.0 20.23 3.5832125652604643 47.142503065067984
0.5952999999999999 1.0 0.0 1.0 0.0 0.0 0.0 0.0 17.07 2.2968352619191386 17.24511249783653
1.3755 1.0 0.0 3.0 0.0 0.0 0.0 0.0 17.07 2.4884037718761123 32.919684538544
1.7656 1.0 0.0 4.0 0.0 0.0 0.0 0.0 17.07 2.558780869327957 41.444678358882754
0.7614 1.0 0.0 1.0 0.0 0.0 0.0 0.0 17.07 2.924418198172918 45.60964047443681
0.9854 1.0 0.0 1.0 0.0 0.0 0.0 0.0 17.07 2.8473789230876716 38.912609383243264
1.3755 1.0 0.0 2.0 0.0 0.0 0.0 0.0 17.07 2.8312571099313644 47.900134529890124
1.7656 1.0 0.0 3.0 0.0 0.0 0.0 0.0 17.07 2.8219389370591843 57.20035947603792
1.5415999999999999 1.0 0.0 3.0 0.0 0.0 0.0 0.0 17.07 3.172899533850818 74.24920506009684
2.4315000000000007 1.0 1.0 6.0 0.0 0.0 0.0 0.0 37.3 2.838589121813916 89.25838096618138
1.2033 1.0 1.0 2.0 0.0 0.0 0.0 0.0 37.3 3.5001125965545565 122.49022499567306
1.3137 1.0 1.0 2.0 1.0 0.0 0.0 1.0 37.3 2.6742416022951265 215.9590174505521
1.0270999999999997 5.0 3.0 1.0 0.0 4.0 5.0 5.0 104.06 1.7841261782741376 771.8760069846132
0.5694 2.0 0.0 3.0 0.0 0.0 0.0 0.0 26.3 2.488403771876112 34.529325012980806
0.9595 2.0 0.0 2.0 0.0 0.0 0.0 0.0 26.3 2.8219389370591843 59.10049400592804
0.5027 4.0 0.0 4.0 0.0 0.0 0.0 0.0 52.60000000000001 3.4899621428296506 125.3759999531186
0.34540000000000004 2.0 0.0 1.0 0.0 0.0 0.0 0.0 26.3 3.234390866915873 65.94833690207419
0.7355 2.0 0.0 2.0 0.0 0.0 0.0 0.0 26.3 3.172899533850818 76.14933958998697
0.7355 2.0 0.0 1.0 0.0 0.0 0.0 0.0 26.3 3.577919926272439 94.25327665163483
2.04 4.0 0.0 4.0 1.0 0.0 0.0 1.0 52.60000000000001 2.9975148158911993 347.3600796599688
4.000500000000003 4.0 0.0 7.0 2.0 0.0 0.0 2.0 52.60000000000001 2.0339510201933932 649.4290056264635
1.0594000000000001 2.0 0.0 5.0 0.0 0.0 0.0 0.0 18.46 2.53006045688352 31.509775004326936
3.478900000000002 1.0 0.0 2.0 2.0 0.0 0.0 2.0 9.23 2.1614757505786617 315.89864866417315
4.095740000000002 1.0 0.0 2.0 2.0 0.0 0.0 2.0 9.23 2.217911261291296 416.90080908048924
0.7968000000000001 1.0 0.0 0.0 0.0 1.0 1.0 1.0 9.23 2.083333333333333 15.219280948873621
1.2796 1.0 0.0 0.0 1.0 0.0 0.0 1.0 13.14 3.1250000000000004 60.12481811269772
-3.2197999999999998 6.0 5.0 1.0 0.0 1.0 1.0 1.0 110.38000000000001 2.705837489211811 162.11730005192322
4.852300000000005 5.0 0.0 1.0 0.0 4.0 5.0 5.0 60.440000000000005 1.5572210087099814 817.6983003627336
3.8384000000000027 3.0 1.0 1.0 0.0 3.0 4.0 4.0 54.37 1.6975828976870395 634.995115124503
1.8957 5.0 3.0 2.0 0.0 3.0 4.0 4.0 94.83 1.83769187946728 804.7488254884712
1.0903999999999998 2.0 2.0 1.0 1.0 0.0 0.0 1.0 57.53 3.003400684579818 237.53306142431708
2.0382 1.0 1.0 1.0 1.0 0.0 0.0 1.0 37.3 3.1529414466808685 257.53794892648057
1.4806 1.0 0.0 4.0 0.0 0.0 0.0 0.0 9.23 2.447472887876344 28.870765403276856
1.9155 1.0 1.0 5.0 0.0 0.0 0.0 0.0 26.02 2.53006045688352 29.368065554250645
1.1453 1.0 1.0 1.0 1.0 0.0 0.0 1.0 26.02 2.8320858350070903 145.73281445033504
2.5180000000000007 2.0 2.0 1.0 2.0 0.0 0.0 2.0 52.04 2.396509039726096 371.5796467381504
0.9722000000000002 2.0 2.0 1.0 1.0 0.0 0.0 1.0 38.05 2.8320858350070908 147.87452390041133
1.0816 1.0 0.0 0.0 1.0 0.0 0.0 1.0 12.89 3.000000000000001 75.86113958768547
1.8483 2.0 0.0 1.0 1.0 1.0 1.0 2.0 16.130000000000003 2.1945916577858466 245.27530899395384
1.8676999999999995 5.0 0.0 3.0 1.0 2.0 2.0 3.0 55.839999999999996 1.7896528798720672 559.0371822548029
4.828600000000003 2.0 2.0 4.0 2.0 0.0 0.0 2.0 40.46 2.5215177387949934 536.8202783238603
2.0925 3.0 0.0 0.0 1.0 4.0 6.0 7.0 32.78 1.5524232297011886 848.052733715765
0.8664999999999998 3.0 2.0 3.0 1.0 1.0 1.0 2.0 75.27000000000001 2.560321214073008 502.2977111302937
1.3279 2.0 2.0 3.0 1.0 0.0 0.0 1.0 32.26 2.711040723233061 222.5400055614587
0.9959 5.0 1.0 2.0 1.0 0.0 0.0 1.0 88.86999999999999 2.899895489974919 290.4274538790235
-0.9368000000000001 2.0 2.0 0.0 1.0 0.0 0.0 1.0 65.72 3.502117038830443 246.36195376207496
0.3697999999999999 1.0 1.0 0.0 0.0 1.0 1.0 1.0 12.03 2.083333333333333 15.219280948873621
1.1021 1.0 0.0 0.0 0.0 1.0 1.0 1.0 3.24 2.1229179499593664 46.14170945007629
0.9743999999999999 2.0 2.0 0.0 1.0 0.0 0.0 1.0 46.25 3.0324555320336755 147.38833891467198
1.645 1.0 1.0 1.0 1.0 0.0 0.0 1.0 29.1 2.6742416022951265 217.9590174505521
1.5011 4.0 1.0 1.0 1.0 1.0 4.0 5.0 41.93 1.8223654238415254 685.154996148535
0.6731 2.0 0.0 2.0 0.0 0.0 0.0 0.0 43.14 2.831257109931365 52.75488750216347
1.5948 2.0 0.0 1.0 1.0 0.0 0.0 1.0 43.14 2.981454614041131 207.5576620543373
-1.4459299999999997 2.0 4.0 2.0 0.0 0.0 0.0 0.0 99.2 3.1818458670936187 97.09616281328597
5.373560000000004 7.0 3.0 6.0 3.0 0.0 0.0 3.0 105.45000000000002 2.0415979154942363 1074.132874541774
2.4906000000000006 6.0 0.0 5.0 1.0 0.0 1.0 2.0 55.84 2.1502393965191056 534.5685423942925
6.694400000000005 4.0 0.0 12.0 0.0 0.0 0.0 0.0 17.07 3.998982972846674 178.6432094953352
4.477900000000004 3.0 3.0 4.0 0.0 4.0 4.0 4.0 77.76 1.562527921263527 605.412568486979
0.7253 3.0 1.0 0.0 1.0 0.0 0.0 1.0 38.91 3.049648321313926 112.35361803232175
1.1388800000000001 1.0 0.0 1.0 0.0 0.0 0.0 0.0 23.79 2.483699570591265 45.344977967946406
1.47618 1.0 0.0 1.0 0.0 0.0 0.0 0.0 23.79 2.9200993444059167 76.42945954287094
1.2272 2.0 2.0 1.0 1.0 0.0 0.0 1.0 55.120000000000005 2.736298072105655 253.2994975838911
2.4075000000000006 1.0 1.0 1.0 1.0 0.0 0.0 1.0 29.1 2.736298072105655 255.2994975838911
1.7841 1.0 1.0 1.0 1.0 0.0 0.0 1.0 29.1 2.736298072105655 255.2994975838911
2.2496 1.0 1.0 1.0 1.0 0.0 0.0 1.0 29.1 2.736298072105655 255.2994975838911
1.6536 2.0 1.0 2.0 1.0 0.0 0.0 1.0 38.33 2.70914782437365 266.3619537620749
3.4853000000000023 4.0 1.0 10.0 2.0 0.0 0.0 2.0 54.46 2.146937510494859 683.69564310788
3.9624000000000033 2.0 0.0 3.0 2.0 0.0 1.0 3.0 12.47 2.0659497027232017 608.6208590133427
2.0823 1.0 1.0 1.0 0.0 3.0 3.0 3.0 32.34 1.6565950963214329 302.3077194006769
4.0633000000000035 3.0 0.0 1.0 0.0 3.0 4.0 4.0 43.370000000000005 1.6428371150526677 683.8761264525542
2.4730799999999995 2.0 1.0 0.0 1.0 0.0 0.0 1.0 44.019999999999996 3.348369660783096 306.6978379924635
-0.2143999999999991 9.0 6.0 2.0 1.0 0.0 3.0 4.0 181.61999999999998 2.0479220271303857 1148.5849748086323
2.9067000000000016 1.0 0.0 3.0 2.0 0.0 0.0 2.0 20.310000000000002 2.4521109318132384 465.6348741173285
2.2629 2.0 0.0 3.0 1.0 0.0 0.0 1.0 26.3 2.538214333042918 288.21840549259923
3.0059000000000005 3.0 1.0 6.0 1.0 0.0 0.0 1.0 52.32 2.2702939313664987 319.2094083146762
2.2054 4.0 2.0 8.0 1.0 0.0 0.0 1.0 64.35000000000001 2.117836776279736 349.31655354638923
2.4086 4.0 0.0 2.0 2.0 0.0 1.0 3.0 75.80999999999999 2.2403337635867446 784.4779699067143
3.3641000000000023 4.0 0.0 10.0 1.0 0.0 0.0 1.0 38.77 2.3672403940253233 399.0011768696202
2.649800000000001 3.0 0.0 6.0 2.0 0.0 0.0 2.0 19.370000000000005 2.10233907270632 467.86742338979695
4.575300000000004 4.0 0.0 2.0 0.0 2.0 4.0 4.0 60.440000000000005 1.790031530359441 820.4617842103511
2.7076000000000002 2.0 1.0 1.0 1.0 0.0 0.0 1.0 29.46 3.2058276203237264 273.3882381251609
-1.6476000000000002 3.0 2.0 0.0 0.0 1.0 1.0 1.0 75.27 2.7863278411449275 155.36734879116756
-0.7988000000000002 2.0 2.0 0.0 0.0 0.0 0.0 0.0 72.19 3.318019590380522 87.10802962390817
-2.0785 4.0 2.0 0.0 0.0 1.0 1.0 1.0 92.34 2.859596151921569 221.64214629221044
0.8363 2.0 0.0 3.0 0.0 0.0 0.0 0.0 34.14 3.755111608192775 139.36241254975977
-1.2386000000000001 3.0 3.0 1.0 1.0 0.0 0.0 1.0 103.02 3.4206491066486358 359.7091580824157
-0.3956000000000001 2.0 2.0 1.0 0.0 1.0 1.0 1.0 58.2 2.5767695579280208 155.03698459046726
3.6515000000000004 3.0 0.0 0.0 2.0 0.0 0.0 2.0 25.78 2.9683942176076923 439.530972839197
1.0731999999999997 4.0 0.0 0.0 2.0 0.0 0.0 2.0 51.56 2.8289012156206965 388.99399634322515
0.7084999999999999 5.0 1.0 0.0 2.0 0.0 0.0 2.0 51.56 2.8289012156206965 388.99399634322515
0.5075 2.0 2.0 2.0 1.0 0.0 0.0 1.0 65.97999999999999 2.6373377790142882 238.26031184741805
1.7553 2.0 0.0 5.0 0.0 0.0 0.0 0.0 17.07 3.257569088361121 120.22626787690945
1.2719 2.0 1.0 4.0 0.0 0.0 0.0 0.0 52.32000000000001 2.8288681349096856 83.12704561867443
1.1278000000000001 2.0 1.0 1.0 0.0 0.0 0.0 0.0 52.32000000000001 3.394970924416841 104.11571282193987
-3.5854000000000004 6.0 6.0 5.0 0.0 0.0 0.0 0.0 121.38000000000001 3.9851644508585786 104.6059378176129
0.7282199999999999 4.0 0.0 0.0 2.0 0.0 0.0 2.0 51.56 2.8289012156206965 384.85228689314886
1.1416999999999997 5.0 0.0 1.0 2.0 0.0 0.0 2.0 51.56 2.790967029739264 398.0334383297276
1.2047 2.0 1.0 1.0 1.0 0.0 0.0 1.0 37.3 3.147979130039752 217.91106510209755
0.49110000000000004 2.0 2.0 1.0 1.0 0.0 0.0 1.0 63.32000000000001 3.1529414466808685 257.53794892648057
0.6818 2.0 3.0 1.0 1.0 0.0 0.0 1.0 67.15 2.5793022920073194 234.70081897264765
1.7656 1.0 0.0 0.0 0.0 1.0 1.0 1.0 17.07 2.392713577870926 96.55994821726517
1.6620000000000001 2.0 1.0 5.0 0.0 0.0 0.0 0.0 52.32000000000001 2.838589121813916 93.60689651177816
1.8822 2.0 0.0 1.0 0.0 1.0 1.0 1.0 26.3 2.191916391200333 114.42599881712918
1.4714 2.0 1.0 1.0 1.0 0.0 0.0 1.0 43.09 3.0698992657592745 255.1894333808838
-0.4628999999999994 6.0 3.0 2.0 0.0 2.0 2.0 2.0 88.38000000000001 2.0121307465624216 284.92430642566427
3.0988000000000016 2.0 0.0 4.0 0.0 0.0 0.0 0.0 3.24 3.7662844846674624 166.44079551951012
1.7247999999999999 2.0 0.0 5.0 0.0 0.0 0.0 0.0 34.14 3.346959626471701 127.21928094887362
1.5807 2.0 0.0 4.0 0.0 0.0 0.0 0.0 34.14 3.981406257698735 124.19301755138517
1.5807 2.0 0.0 2.0 0.0 0.0 0.0 0.0 34.14 3.9907513544665614 151.13075145540296
2.0521000000000003 2.0 1.0 6.0 0.0 0.0 0.0 0.0 52.32000000000001 2.849761282233442 104.26518047667868
1.4359999999999997 5.0 0.0 1.0 2.0 0.0 0.0 2.0 57.14 2.681256105615529 653.5042012265849
0.6628 3.0 3.0 5.0 0.0 0.0 0.0 0.0 111.89999999999999 5.382759304174601 305.7244301608063
-0.08539999999999975 3.0 2.0 1.0 0.0 2.0 2.0 2.0 60.769999999999996 2.2145938689633917 230.89970385530546
2.1075 4.0 1.0 3.0 0.0 0.0 0.0 0.0 50.69 4.411666570186102 221.34206892611422
2.4422 2.0 1.0 7.0 0.0 0.0 0.0 0.0 52.32 2.86138733944056 115.09616281328596
5.024200000000001 0.0 0.0 0.0 0.0 1.0 3.0 3.0 0.0 2.322732831937334 438.59020842548244
3.995 1.0 1.0 0.0 0.0 1.0 3.0 3.0 20.23 2.317184279672631 471.4165812524358
0.8596000000000001 5.0 2.0 3.0 2.0 0.0 0.0 2.0 97.97 2.2855090743996462 595.9628413066204
1.48538 4.0 1.0 1.0 0.0 2.0 2.0 2.0 74.47999999999999 2.1003699858939844 376.75065664848245
2.728300000000001 1.0 0.0 2.0 1.0 0.0 0.0 1.0 9.23 2.8240417350315044 233.55461928814682
-2.213099999999999 8.0 2.0 3.0 2.0 0.0 0.0 2.0 102.28 2.7364643675188978 696.1911960747241
2.878000000000001 1.0 0.0 4.0 0.0 0.0 0.0 0.0 17.07 3.625759660368785 171.3117986128446
2.567800000000001 1.0 0.0 1.0 0.0 1.0 1.0 1.0 17.07 2.527424900472302 181.3117986128446
1.5980999999999996 2.0 2.0 2.0 0.0 1.0 1.0 1.0 74.6 3.0816750060746867 281.846585677332
0.7876999999999998 4.0 2.0 0.0 1.0 1.0 2.0 3.0 56.06 2.1432924005662612 430.3510275485296
1.4646 4.0 2.0 3.0 2.0 0.0 0.0 2.0 85.08 2.2855090743996462 594.3734869483202
1.6744399999999997 5.0 2.0 3.0 2.0 0.0 0.0 2.0 98.22 2.327592361324992 659.3419266315426
0.5549999999999997 3.0 1.0 0.0 1.0 1.0 2.0 3.0 34.03 2.1469341613539945 409.99371289415467
1.6262 3.0 1.0 3.0 1.0 0.0 0.0 1.0 53.93 2.745753924524217 388.5709943614489
3.1003000000000016 5.0 0.0 7.0 1.0 0.0 0.0 1.0 44.760000000000005 2.809298823967879 436.8613640932748
1.7596999999999998 3.0 2.0 4.0 1.0 0.0 0.0 1.0 67.42999999999999 2.419926733388694 378.5969479612245
1.61544 6.0 1.0 3.0 2.0 0.0 0.0 2.0 106.5 2.59573559639163 778.2477490728091
3.0342200000000012 6.0 0.0 3.0 1.0 0.0 0.0 1.0 112.58000000000001 3.878099778667233 630.5291477180688
4.080300000000004 2.0 0.0 10.0 0.0 0.0 0.0 0.0 26.3 2.954539891476961 143.47137920080513
2.8550000000000013 3.0 0.0 1.0 3.0 0.0 0.0 3.0 43.1 2.299992357076278 716.8737734683815
2.3660000000000005 5.0 2.0 1.0 3.0 0.0 0.0 3.0 79.9 2.535625283895241 847.6893313378117
3.8539200000000022 3.0 1.0 1.0 3.0 0.0 0.0 3.0 38.91 2.142938436784814 668.2549997559121
2.9627000000000008 1.0 1.0 3.0 2.0 0.0 0.0 2.0 20.23 2.0784516078094573 394.1985815306015
0.5020999999999994 5.0 2.0 4.0 1.0 1.0 1.0 2.0 67.78999999999999 2.0154233929330507 431.57703411778425
3.952700000000001 4.0 3.0 5.0 2.0 0.0 0.0 2.0 92.78 2.259938325868832 728.4921149657532
2.419600000000001 3.0 0.0 0.0 0.0 2.0 3.0 3.0 43.370000000000005 2.0989565315857823 499.8681035469155
2.2098000000000004 4.0 2.0 4.0 1.0 1.0 1.0 2.0 92.34 1.9983584904180298 646.6249497468593
2.3451000000000004 2.0 0.0 0.0 0.0 4.0 4.0 4.0 6.48 1.5611579447848867 262.6464070845272
5.259800000000004 3.0 0.0 4.0 2.0 0.0 1.0 3.0 6.48 1.9908169115994196 728.4440792646118
2.997200000000002 3.0 0.0 3.0 1.0 1.0 2.0 3.0 38.77 1.5596547149797813 571.3979945235308
5.659400000000007 0.0 0.0 3.0 0.0 3.0 3.0 3.0 31.5 1.4699989972507107e-06 207.3498494691417
3.164600000000002 3.0 1.0 3.0 2.0 3.0 3.0 5.0 36.36000000000001 1.6692310274474262 693.399591111803
4.6311000000000035 3.0 0.0 2.0 2.0 1.0 2.0 4.0 6.48 1.681833200918153 624.4896887450094
4.988300000000005 1.0 0.0 0.0 0.0 4.0 4.0 4.0 17.07 1.6603653220215888 427.4821867333083
3.959100000000003 2.0 1.0 0.0 0.0 4.0 4.0 4.0 37.3 1.6375393766570925 458.48270663634156
5.062000000000006 3.0 0.0 10.0 0.0 0.0 0.0 0.0 35.53 4.052073192620189 378.1415344089713
1.5545 4.0 2.0 1.0 1.0 5.0 6.0 7.0 46.94 1.5957233182051414 723.3453291572417
3.939020000000003 4.0 1.0 5.0 3.0 0.0 0.0 3.0 68.53 2.0965375321775315 999.7730262931057
6.113300000000004 3.0 0.0 6.0 2.0 1.0 1.0 3.0 35.53 1.5921835455133286 811.0157196010404
0.2649000000000002 9.0 6.0 2.0 1.0 0.0 3.0 4.0 181.62 2.022176210703223 1156.698917038136
4.007780000000002 5.0 1.0 4.0 2.0 1.0 2.0 4.0 50.5 1.5185917678650596 824.2461695923864
2.0031 5.0 2.0 2.0 0.0 4.0 5.0 5.0 83.83000000000001 1.5726277301675073 698.5150061435747
4.515300000000004 2.0 1.0 1.0 0.0 3.0 4.0 4.0 37.3 1.6619631243467547 550.0448238342481
0.4390000000000013 9.0 6.0 2.0 1.0 0.0 3.0 4.0 181.62 2.0661759602853693 1201.0213895372199
2.881800000000001 8.0 0.0 4.0 2.0 0.0 3.0 5.0 75.69000000000001 1.6852290238580119 1034.8766093427325
-0.34759999999999863 9.0 6.0 2.0 1.0 0.0 3.0 4.0 181.61999999999998 2.060772795273567 1136.740039291983
5.760500000000005 3.0 0.0 6.0 2.0 1.0 1.0 3.0 35.53 1.5921835455133282 801.212460490083
4.513500000000004 6.0 0.0 7.0 2.0 1.0 2.0 4.0 36.02 1.3073080351344695 886.5019796259413
2.564899999999999 5.0 5.0 6.0 0.0 4.0 4.0 4.0 127.09000000000002 1.4868660433893968 759.0641407508059
1.2244999999999997 7.0 4.0 1.0 1.0 0.0 3.0 4.0 118.3 1.9951638946646422 959.3974235398198
0.11970000000000347 13.0 7.0 3.0 0.0 3.0 4.0 4.0 230.98999999999995 1.5819686859676918 1218.8303536686758
2.2490000000000006 0.0 0.0 1.0 1.0 0.0 0.0 1.0 0.0 2.8320858350070903 141.38429890473827
5.146200000000003 0.0 0.0 0.0 4.0 0.0 0.0 4.0 0.0 2.1970695771462627 728.2526221384026
2.7830000000000013 2.0 0.0 0.0 3.0 0.0 0.0 3.0 25.78 2.6103186874159423 547.2925174892929
2.5529 0.0 0.0 0.0 0.0 0.0 0.0 0.0 0.0 3.0237157840738176 19.11941547876375
2.2474 0.0 0.0 0.0 0.0 0.0 0.0 0.0 0.0 2.549193338482967 19.219280948873624
4.9536 0.0 0.0 0.0 1.0 0.0 0.0 1.0 0.0 3.4555464838177836 267.2643837476986
4.007000000000002 0.0 0.0 1.0 2.0 0.0 0.0 2.0 0.0 2.4238559727704247 375.62904776215686
5.313800000000002 0.0 0.0 1.0 2.0 0.0 0.0 2.0 0.0 2.635165317750569 491.9759470533523
5.967200000000002 0.0 0.0 1.0 2.0 0.0 0.0 2.0 0.0 2.7162794101137435 514.2871240740591
1.2708 1.0 1.0 2.0 0.0 0.0 0.0 0.0 20.23 3.1442082073698243 41.444678358882754
1.7844 1.0 1.0 2.0 1.0 0.0 0.0 1.0 37.3 2.7217735540687813 262.15103906059477
0.9595 2.0 0.0 2.0 0.0 0.0 0.0 0.0 26.3 3.002590528674132 59.10049400592805
1.6952 1.0 0.0 1.0 1.0 0.0 0.0 1.0 9.23 2.8320858350070903 145.73281445033504
0.7953999999999999 2.0 1.0 5.0 0.0 0.0 0.0 0.0 29.46 2.53006045688352 31.509775004326936
3.6959000000000026 3.0 1.0 2.0 0.0 3.0 4.0 4.0 54.370000000000005 1.6460274623261237 606.2051148204893
1.8737 5.0 3.0 2.0 0.0 3.0 4.0 4.0 94.83 1.7976551042621027 734.0836113882948
1.0903999999999998 2.0 2.0 1.0 1.0 0.0 0.0 1.0 57.53 3.1529414466808685 254.78306142431708
2.0382 1.0 1.0 1.0 1.0 0.0 0.0 1.0 37.3 3.003400684579817 240.28794892648057
1.5253999999999999 1.0 1.0 4.0 0.0 0.0 0.0 0.0 26.02 2.447472887876344 23.360990398949916
2.3056 1.0 1.0 6.0 0.0 0.0 0.0 0.0 26.02 2.595082706793886 37.832293921787276
1.0414999999999999 4.0 2.0 3.0 0.0 2.0 2.0 2.0 83.47 1.9621955411559604 404.09657603487483
1.293 3.0 1.0 2.0 1.0 0.0 0.0 1.0 80.44 3.0061498337295456 283.68319020476093
2.7993200000000007 6.0 0.0 5.0 1.0 0.0 0.0 1.0 70.83000000000001 2.9896494871249084 470.4540594465827
2.2984 1.0 1.0 1.0 1.0 0.0 0.0 1.0 29.1 2.736298072105655 255.2994975838911
1.5532 3.0 1.0 2.0 1.0 0.0 0.0 1.0 72.24000000000001 2.809454194164694 331.74730523753374
4.277400000000004 2.0 0.0 4.0 0.0 0.0 0.0 0.0 20.310000000000002 4.27920995877855 233.57688747399035
1.5385 1.0 1.0 1.0 0.0 1.0 1.0 1.0 12.03 2.1250162554146717 55.407165571558394
4.0144 2.0 1.0 1.0 1.0 0.0 0.0 1.0 29.46 3.5637576760479117 321.83115827664017
-1.7262999999999993 3.0 3.0 3.0 0.0 0.0 0.0 0.0 106.40999999999998 3.632432151939845 133.77443751081734
1.1417 5.0 0.0 1.0 2.0 0.0 0.0 2.0 51.56 2.6739964627615644 403.2834383297276
1.5807 2.0 0.0 4.0 0.0 0.0 0.0 0.0 34.14 3.543995267847109 136.1930175513852
2.401700000000001 1.0 0.0 0.0 0.0 2.0 2.0 2.0 17.07 2.4164285191788353 210.15777938858872
2.6477000000000013 1.0 0.0 1.0 0.0 1.0 1.0 1.0 17.07 2.5076939164331393 148.9517669080599
0.7706999999999999 4.0 0.0 2.0 0.0 1.0 2.0 2.0 52.60000000000001 2.239559487959461 290.5496111291175
1.4746000000000001 3.0 2.0 5.0 1.0 0.0 0.0 1.0 75.27 2.588212768108255 456.8647044109757
0.9804999999999997 4.0 3.0 1.0 1.0 0.0 1.0 2.0 77.76 2.516042509829092 483.74026633825594
4.148200000000004 5.0 0.0 7.0 1.0 0.0 0.0 1.0 89.51999999999998 3.6387215129773463 569.6129198986837
2.905800000000001 2.0 0.0 2.0 2.0 0.0 0.0 2.0 26.3 2.116421993117775 434.6078366577884
4.337200000000004 2.0 2.0 5.0 2.0 0.0 0.0 2.0 40.46 2.366450641259731 526.3202167358058
3.388600000000002 3.0 1.0 3.0 2.0 3.0 3.0 5.0 36.36000000000001 1.6561006728803909 666.0376996839494
3.8826000000000027 2.0 1.0 0.0 0.0 3.0 4.0 4.0 37.3 1.7024099249747302 626.2430525943431
3.005600000000001 8.0 2.0 4.0 4.0 0.0 0.0 4.0 127.18000000000002 2.0893836866240267 1296.9342325074479
-8.424200000000015 17.0 13.0 10.0 0.0 3.0 3.0 3.0 331.93999999999994 1.847903728536342 815.0542713752033
1.4455 3.0 1.0 2.0 1.0 0.0 0.0 1.0 52.32 2.753742758109602 266.36195376207496
1.3100999999999998 3.0 1.0 2.0 1.0 0.0 0.0 1.0 63.60000000000001 3.043527354634101 343.22286772671646
1.7695999999999998 2.0 2.0 2.0 2.0 1.0 1.0 3.0 58.2 2.2308361050041703 583.608538383389
3.251100000000002 4.0 3.0 12.0 0.0 1.0 1.0 1.0 94.83 2.4772080498794105 468.7069712765646
1.2076 4.0 2.0 1.0 2.0 1.0 2.0 4.0 72.94 1.9702477989696767 728.0102103648205
4.133620000000003 2.0 0.0 2.0 3.0 1.0 1.0 4.0 12.47 1.940227805611186 761.4148368204549
1.9964999999999997 3.0 1.0 0.0 1.0 4.0 6.0 7.0 49.769999999999996 1.5645079076489008 896.9973135338853
1.3266 4.0 0.0 1.0 1.0 0.0 2.0 3.0 49.44 2.009269630173918 496.5790235582741
3.384500000000001 4.0 1.0 2.0 3.0 0.0 0.0 3.0 84.96 2.098784508325308 746.914226334605
0.5395 6.0 0.0 4.0 2.0 0.0 0.0 2.0 96.34 2.5790241116799777 635.5425798551978
2.0923 2.0 0.0 1.0 1.0 1.0 1.0 2.0 34.14 2.189282688731858 337.8442955973681
2.2933200000000005 2.0 0.0 2.0 1.0 0.0 0.0 1.0 37.38 3.1701177036068136 385.4584986761165
3.1102000000000007 2.0 1.0 3.0 1.0 0.0 0.0 1.0 46.53 2.9081717759880226 341.8442913293867
2.17978 3.0 0.0 1.0 1.0 0.0 1.0 2.0 50.09 2.526708613655213 431.40393886846846
3.275100000000002 2.0 0.0 0.0 1.0 0.0 1.0 2.0 24.72 2.598518602841364 351.8316817891566
1.75302 2.0 0.0 0.0 1.0 0.0 1.0 2.0 34.14 2.783591299407891 455.41692140823983
2.2257 3.0 1.0 4.0 1.0 0.0 0.0 1.0 52.32 2.4810725342253392 292.66077056340794
2.8002200000000013 3.0 0.0 0.0 2.0 0.0 2.0 4.0 33.45 2.14843218216759 727.5868447946721
1.8347000000000002 2.0 0.0 0.0 1.0 0.0 1.0 2.0 34.14 2.856172547684259 455.17180891040334
1.6664 4.0 1.0 2.0 0.0 1.0 1.0 1.0 52.32 2.239733735665236 184.24518934974515
1.1574999999999995 4.0 1.0 2.0 0.0 2.0 2.0 2.0 70.78000000000002 1.798703941709042 237.57688747399033
2.590700000000001 4.0 1.0 2.0 0.0 2.0 2.0 2.0 52.32000000000001 1.798703941709042 241.57688747399033
3.1560400000000017 3.0 0.0 0.0 3.0 0.0 0.0 3.0 43.35 2.5459040503212442 746.7890689968458
2.557240000000001 2.0 1.0 0.0 2.0 0.0 0.0 2.0 33.120000000000005 2.885144967316768 462.842086728023
2.7161 1.0 1.0 0.0 3.0 0.0 0.0 3.0 28.68 2.642438259907001 515.8499381135529
2.2971000000000004 2.0 0.0 2.0 1.0 0.0 0.0 1.0 37.38 3.16629713733958 349.0706517015425
1.8741 4.0 1.0 2.0 0.0 2.0 2.0 2.0 61.55000000000001 1.798703941709042 240.82199997182687
2.0305999999999997 4.0 0.0 2.0 0.0 2.0 2.0 2.0 36.92 1.8395350525623633 206.29424230443146
1.7124 3.0 0.0 3.0 1.0 0.0 0.0 1.0 27.69 3.011257354290591 202.71789302834418
0.32299999999999995 3.0 1.0 3.0 1.0 0.0 0.0 1.0 59.3 2.697082485062572 329.0748996548373
1.3416000000000001 2.0 1.0 1.0 1.0 0.0 1.0 2.0 41.46 2.3616415417199583 393.0083754006452
0.8157999999999999 5.0 1.0 2.0 1.0 0.0 1.0 2.0 81.83 2.540229729128903 389.5631830986654
2.2590000000000003 2.0 1.0 3.0 1.0 7.0 7.0 8.0 21.259999999999998 1.2925560098195636 619.5652100646425
1.96378 3.0 0.0 0.0 1.0 0.0 1.0 2.0 50.09 2.64865280205476 454.8456027322138
2.0639 3.0 1.0 2.0 2.0 0.0 0.0 2.0 46.010000000000005 2.6803956725095546 479.6712678948352
3.894800000000002 2.0 1.0 0.0 2.0 0.0 1.0 3.0 12.03 2.124918321677156 391.75287485739244
3.0245200000000008 1.0 1.0 0.0 3.0 0.0 0.0 3.0 28.68 2.632728847245612 607.8208026305191
1.2293999999999998 2.0 1.0 2.0 0.0 1.0 1.0 1.0 46.17 2.770404971927327 206.57407497429568
1.31589 4.0 1.0 2.0 1.0 0.0 0.0 1.0 54.980000000000004 2.8227171636208075 313.9283027025974
2.4998000000000005 2.0 0.0 0.0 2.0 0.0 1.0 3.0 34.14 2.531619996295538 590.6766248158908
0.5697999999999996 2.0 2.0 2.0 0.0 1.0 1.0 1.0 58.2 2.931527247678635 249.29556359515868
2.761300000000001 3.0 0.0 0.0 1.0 0.0 2.0 3.0 29.96 2.4916469171013595 659.1254784392335
4.271720000000002 2.0 0.0 1.0 3.0 0.0 0.0 3.0 12.89 2.150228179083263 589.535314052272
2.5392 3.0 0.0 0.0 3.0 0.0 0.0 3.0 43.35 2.564584551206422 660.6550392395076
1.8515199999999998 3.0 1.0 1.0 2.0 0.0 0.0 2.0 42.23 2.654835820566775 529.0635373782367
2.1599399999999997 3.0 1.0 1.0 2.0 0.0 0.0 2.0 42.230000000000004 2.609573383003629 567.4767324017565
2.7818000000000005 2.0 1.0 7.0 1.0 0.0 0.0 1.0 41.99 2.116728158652159 298.0607206259411
-1.8373 3.0 2.0 1.0 0.0 0.0 1.0 1.0 101.62 2.9836631464280323 294.41343573651113
-1.7672000000000003 3.0 4.0 0.0 2.0 0.0 0.0 2.0 114.36999999999998 3.183503280694596 582.7396315828354
-0.39791000000000015 3.0 4.0 0.0 2.0 0.0 0.0 2.0 97.29999999999998 3.183503280694596 585.4945190849988
0.36850000000000027 2.0 2.0 0.0 1.0 0.0 1.0 2.0 58.2 2.49159521876861 373.6323805179054
1.3154 3.0 1.0 1.0 1.0 0.0 1.0 2.0 55.4 2.3454754330381142 411.82817975029144
2.691700000000001 2.0 0.0 0.0 3.0 0.0 0.0 3.0 22.0 2.726471456479917 680.3897192103879
0.14279999999999943 4.0 2.0 1.0 2.0 0.0 0.0 2.0 76.69999999999999 2.589634770118386 456.4963077594637
1.2711999999999999 3.0 2.0 4.0 0.0 1.0 1.0 1.0 75.27000000000001 3.0501135124751375 360.55492181215095
0.14279999999999965 4.0 2.0 1.0 2.0 0.0 0.0 2.0 76.69999999999999 2.593240566041836 456.4963077594637
0.32369999999999977 3.0 2.0 2.0 0.0 1.0 1.0 1.0 58.2 3.0073639750208327 249.31759197105998
1.9158199999999994 4.0 0.0 2.0 2.0 0.0 0.0 2.0 39.940000000000005 2.19238146525715 402.6870839955985
1.0243999999999998 5.0 2.0 1.0 2.0 0.0 0.0 2.0 85.17 2.411915221174502 407.5824177083131
2.9426400000000017 5.0 0.0 1.0 3.0 0.0 0.0 3.0 69.65 2.4336506585616235 897.894377767959
-0.5654999999999994 2.0 4.0 0.0 0.0 2.0 2.0 2.0 82.26 2.3150933251114965 244.21712959883018
1.3499999999999996 2.0 2.0 4.0 0.0 1.0 1.0 1.0 58.2 3.021326666289327 261.39388572785725
-1.0012800000000002 3.0 3.0 2.0 1.0 0.0 0.0 1.0 103.01999999999998 3.292172550652373 442.5411437451006
1.2487 1.0 0.0 6.0 0.0 0.0 0.0 0.0 23.550000000000004 4.12243352441181 119.01955000865388
0.5988799999999999 3.0 2.0 5.0 0.0 0.0 0.0 0.0 73.12 3.81901097661859 183.98710676103488
0.9889800000000002 3.0 2.0 6.0 0.0 0.0 0.0 0.0 73.12 3.9634978170458863 198.28160753856756
0.5888600000000002 4.0 1.0 6.0 0.0 0.0 0.0 0.0 88.12 4.172050436496847 246.2110820202341
-0.0339999999999997 4.0 2.0 7.0 0.0 0.0 0.0 0.0 99.08000000000001 3.0073056362946593 141.6270750562502
4.544600000000004 4.0 0.0 12.0 0.0 0.0 0.0 0.0 44.760000000000005 3.998982972846674 175.3980969974987
-0.035599999999999965 4.0 2.0 6.0 0.0 0.0 0.0 0.0 99.08000000000001 3.37081563688415 170.93102051518318
-2.737899999999999 4.0 4.0 5.0 0.0 0.0 0.0 0.0 121.52 3.515971525738806 215.9249038079664
0.3529000000000001 4.0 2.0 6.0 0.0 0.0 0.0 0.0 99.08000000000001 3.703430004336246 175.4636326137784
0.3561000000000002 4.0 2.0 8.0 0.0 0.0 0.0 0.0 99.08000000000001 2.9961049979124525 154.4075463679267
1.6150600000000002 4.0 1.0 8.0 0.0 0.0 0.0 0.0 88.12 4.619432191469112 296.69288078178454
0.7429999999999999 4.0 2.0 7.0 0.0 0.0 0.0 0.0 99.08000000000001 3.5991688863717752 186.49841012019368
-2.896000000000001 6.0 6.0 5.0 0.0 0.0 0.0 0.0 148.4 4.13856315901519 232.66554653773983
-0.7233999999999987 6.0 4.0 9.0 0.0 0.0 0.0 0.0 126.64 3.3428792696282237 216.07820003461555
-0.3332999999999991 6.0 4.0 10.0 0.0 0.0 0.0 0.0 126.64 3.2992882911681427 229.1503527770112
0.05680000000000052 6.0 4.0 11.0 0.0 0.0 0.0 0.0 126.64 3.264300200687926 240.26223442042485
0.4469000000000003 6.0 4.0 12.0 0.0 0.0 0.0 0.0 126.64 3.235917135517901 253.42080006724512
0.837 6.0 4.0 13.0 0.0 0.0 0.0 0.0 126.64 3.212678161849479 264.6308875243192
-1.5267000000000004 4.0 4.0 0.0 0.0 0.0 2.0 2.0 120.41999999999999 2.969548295041432 491.48854406429615
-0.7938999999999963 5.0 5.0 10.0 0.0 0.0 0.0 0.0 150.61999999999998 5.0446303447773495 492.9167467100136
1.4907 3.0 1.0 6.0 0.0 0.0 0.0 0.0 46.53 3.143237500372718 120.94205536176516
0.6218000000000001 2.0 2.0 4.0 0.0 0.0 0.0 0.0 66.4 4.2241727825466 179.1417863019849
-0.03719999999999979 4.0 2.0 5.0 0.0 0.0 0.0 0.0 99.08000000000001 3.8336591607261026 162.38689879982144
0.2980999999999999 2.0 3.0 5.0 0.0 0.0 0.0 0.0 92.42 3.8654245531887197 170.0344235629434
0.3288 3.0 2.0 5.0 0.0 0.0 0.0 0.0 66.4 3.8654245531887197 172.0344235629434
0.9614 2.0 0.0 7.0 0.0 0.0 0.0 0.0 34.14 3.402570682630092 145.6270750562502
1.3139999999999998 4.0 2.0 5.0 0.0 0.0 0.0 0.0 74.6 3.6806583316694943 162.38689879982144
-0.43939999999999874 3.0 3.0 5.0 0.0 0.0 0.0 0.0 92.42 4.099242403625175 191.82816059037867
1.446 3.0 2.0 6.0 0.0 0.0 0.0 0.0 74.6 4.1902509574435856 172.58304809254213
1.3564999999999998 4.0 2.0 6.0 0.0 0.0 0.0 0.0 74.6 3.559599938256415 174.93156363813893
1.399 4.0 2.0 7.0 0.0 0.0 0.0 0.0 74.6 3.9991719994220065 185.51796012884756
0.19510000000000027 3.0 3.0 5.0 0.0 0.0 0.0 0.0 92.42 4.425354612608196 238.82199997182687
-1.456599999999999 5.0 4.0 6.0 0.0 0.0 0.0 0.0 126.64 3.559599938256415 179.07327308821522
0.5851999999999999 3.0 3.0 6.0 0.0 0.0 0.0 0.0 92.42 4.348588568760844 251.61423003616312
-0.5594999999999994 3.0 3.0 5.0 0.0 0.0 0.0 0.0 103.7 4.023176700858032 224.9227914416097
-3.2845 6.0 6.0 5.0 0.0 0.0 0.0 0.0 148.4 3.9938304188992175 209.6436571479203
0.9689000000000001 5.0 2.0 5.0 0.0 0.0 0.0 0.0 83.83 4.156857495504796 240.23465346870267
0.3696000000000002 5.0 2.0 5.0 0.0 0.0 0.0 0.0 89.62 4.156857495504796 243.8442939431395
0.9689000000000001 5.0 2.0 5.0 0.0 0.0 0.0 0.0 83.83 4.156857495504796 240.23465346870267
2.1792 4.0 2.0 9.0 0.0 0.0 0.0 0.0 74.6 4.139033706260658 208.8589190857419
0.9753000000000005 3.0 3.0 7.0 0.0 0.0 0.0 0.0 92.42 4.345631850465278 264.47635590726577
-0.028200000000000114 6.0 4.0 9.0 0.0 0.0 0.0 0.0 126.64 3.3428792696282237 216.07820003461555
2.5113999999999996 4.0 2.0 11.0 0.0 0.0 0.0 0.0 74.6 4.259778941266711 274.45253575381884
-1.3231999999999977 4.0 4.0 7.0 0.0 0.0 0.0 0.0 121.52 3.827406376406721 291.27559756761787
0.8899999999999997 3.0 3.0 7.0 0.0 0.0 0.0 0.0 95.50000000000001 4.286202045456432 346.62108462443217
-1.3231999999999973 4.0 4.0 7.0 0.0 0.0 0.0 0.0 121.52 4.126835331307914 291.27559756761787
-0.1197999999999988 11.0 0.0 10.0 0.0 0.0 0.0 0.0 140.73000000000002 5.963686692978927 556.569779476694
0.2598000000000002 5.0 2.0 2.0 1.0 0.0 0.0 1.0 98.25999999999999 2.9120812188252145 321.4932758561917
0.9437000000000003 4.0 1.0 1.0 2.0 0.0 0.0 2.0 73.05000000000001 2.7670721155053037 511.3728135904681
3.097800000000001 2.0 2.0 7.0 0.0 0.0 0.0 0.0 40.46 3.0073056362946593 139.1368500605771
0.7339999999999997 2.0 2.0 4.0 0.0 0.0 0.0 0.0 58.2 3.402570682630092 139.1368500605771
0.9148000000000001 2.0 0.0 6.0 0.0 0.0 0.0 0.0 40.620000000000005 4.7062848573553 200.29852582457042
3.051100000000002 3.0 1.0 10.0 0.0 0.0 0.0 0.0 46.53 3.06855151382054 166.56064167285857
0.2996999999999996 2.0 3.0 6.0 0.0 0.0 0.0 0.0 92.42 3.0073056362946593 140.73047810401042
3.4879000000000024 2.0 2.0 8.0 0.0 0.0 0.0 0.0 40.46 2.9961049979124525 150.99763683370963
3.878000000000003 2.0 2.0 9.0 0.0 0.0 0.0 0.0 40.46 2.9895441287192144 160.96081175542733
0.9143799999999999 4.0 0.0 4.0 0.0 0.0 0.0 0.0 67.16 4.348051779244475 239.7345941596998
1.5141999999999993 2.0 2.0 6.0 0.0 0.0 0.0 0.0 58.2 3.408993122474107 160.96081175542733
0.6318999999999999 4.0 1.0 5.0 0.0 0.0 0.0 0.0 55.4 3.7555562308759023 220.89970385530543
1.5170000000000001 2.0 1.0 2.0 1.0 1.0 1.0 2.0 49.410000000000004 2.1775725291699066 425.9047177646722
-0.035599999999999965 4.0 2.0 6.0 0.0 0.0 0.0 0.0 99.08000000000001 3.671168212828241 170.93102051518318
2.8417000000000012 4.0 0.0 9.0 0.0 0.0 0.0 0.0 52.6 3.4122207748065994 225.4593520000371
3.033120000000001 2.0 1.0 1.0 3.0 0.0 0.0 3.0 37.91 2.452576266702656 670.0549893020406
0.9834000000000005 4.0 2.0 6.0 0.0 0.0 0.0 0.0 104.63999999999999 4.16560476512675 212.1522339557625
-1.3152999999999997 4.0 4.0 3.0 0.0 0.0 0.0 0.0 134.95999999999998 3.905414078723889 257.7502259738977
0.8357999999999999 4.0 1.0 8.0 0.0 0.0 0.0 0.0 80.31 4.316456425246369 322.10290799067
-0.4591999999999998 4.0 4.0 9.0 0.0 0.0 0.0 0.0 98.66000000000001 3.2669993160610646 228.46196536064457
0.18699999999999983 6.0 0.0 1.0 0.0 3.0 3.0 3.0 87.9 2.2507215855398695 245.43743812440843
2.3962000000000003 4.0 1.0 12.0 0.0 0.0 0.0 0.0 80.31 4.087626468227054 375.0103371254571
-0.10899999999999999 8.0 0.0 5.0 0.0 0.0 0.0 0.0 105.20000000000002 4.902631972550417 281.78684228211114
-0.016200000000000048 6.0 4.0 11.0 0.0 0.0 0.0 0.0 117.12000000000002 3.2021078902925706 236.33210222810328
6.354200000000008 4.0 0.0 19.0 0.0 0.0 0.0 0.0 52.60000000000001 3.2481651723113236 296.10393706164785
0.7443999999999997 6.0 0.0 9.0 0.0 0.0 0.0 0.0 102.41999999999999 5.943739524601896 485.1665544947763
1.5441999999999996 6.0 4.0 15.0 0.0 0.0 0.0 0.0 117.12000000000002 3.2401387407628253 284.94276074949187
1.9146999999999998 6.0 0.0 12.0 0.0 0.0 0.0 0.0 102.41999999999999 5.798944336859725 526.3437158413707
-1.4114000000000007 5.0 3.0 0.0 2.0 0.0 0.0 2.0 117.51999999999998 3.0317172747849592 568.9816990130837
-0.6851800000000001 4.0 2.0 0.0 2.0 0.0 0.0 2.0 91.5 3.056453769285695 568.4496300374442
4.159200000000001 4.0 2.0 3.0 2.0 0.0 0.0 2.0 82.25 2.292398455996235 638.8366309730286
0.33340000000000003 5.0 2.0 3.0 1.0 0.0 0.0 1.0 91.65 2.5913656211865432 371.5415557122915
-1.7003000000000004 4.0 3.0 0.0 2.0 0.0 0.0 2.0 111.47 3.1242702639097737 619.7924608906916
3.5058000000000016 4.0 2.0 3.0 2.0 0.0 0.0 2.0 82.25 2.2036530882590504 591.4402812878075
3.5058000000000016 4.0 2.0 3.0 2.0 0.0 0.0 2.0 82.25 2.285443216774549 591.4402812878077
4.675800000000004 3.0 1.0 10.0 1.0 0.0 0.0 1.0 65.26 2.2635909271140444 443.3402402485141
4.159200000000001 4.0 2.0 3.0 2.0 0.0 0.0 2.0 82.25 2.324624183282462 638.8366309730286
0.27189999999999975 4.0 2.0 3.0 1.0 0.0 0.0 1.0 91.65 2.657324561802512 400.3234132136691
-1.7568000000000001 4.0 3.0 0.0 2.0 0.0 0.0 2.0 103.50999999999999 3.2151027662177287 625.5923872590881
0.9563999999999999 5.0 1.0 2.0 1.0 0.0 1.0 2.0 70.78 2.711829829027141 427.9208318981759
2.4316000000000004 1.0 0.0 1.0 1.0 0.0 0.0 1.0 17.07 2.944341945159363 276.1044889322695
2.748000000000001 2.0 0.0 1.0 2.0 0.0 0.0 2.0 43.14 2.830975658367671 459.9363285884866
3.2455200000000017 2.0 1.0 3.0 1.0 0.0 0.0 1.0 37.3 3.293116522698558 383.4536635897697
3.7114000000000003 2.0 2.0 0.0 1.0 0.0 0.0 1.0 40.46 3.6035674514745475 231.81286524684438
2.7566000000000015 3.0 0.0 2.0 2.0 0.0 0.0 2.0 52.370000000000005 2.827610513054405 522.2220028116267
1.1362999999999999 4.0 2.0 10.0 0.0 0.0 0.0 0.0 99.08000000000001 2.9860783761566463 177.91943123210555
3.166000000000002 2.0 0.0 1.0 2.0 0.0 1.0 3.0 43.14 2.1753580684432077 590.2365074060834
1.5263999999999998 4.0 2.0 11.0 0.0 0.0 0.0 0.0 99.08000000000001 2.9847083013580864 188.70521621571416
5.601500000000002 4.0 0.0 5.0 1.0 0.0 0.0 1.0 44.760000000000005 3.1950692192678933 538.5763442423939
0.6162 3.0 1.0 1.0 0.0 1.0 1.0 1.0 75.87 2.660172459491479 282.4828196820253
5.239700000000003 6.0 0.0 7.0 3.0 0.0 0.0 3.0 87.9 1.862638588600869 869.9309477393995
2.2447999999999997 4.0 1.0 0.0 3.0 0.0 0.0 3.0 63.58 2.6359589424576035 705.2482129059665
2.3796 3.0 0.0 1.0 1.0 1.0 1.0 2.0 43.370000000000005 2.29132157407674 413.18060690250275
1.5865999999999998 5.0 3.0 1.0 1.0 1.0 1.0 2.0 69.56 2.324389840337293 510.7856478958728
1.1714 3.0 1.0 2.0 1.0 0.0 0.0 1.0 63.60000000000001 2.9340419411151166 325.9728677267164
0.7462 4.0 2.0 9.0 0.0 0.0 0.0 0.0 99.08000000000001 2.989544128719214 165.16054269564708
1.3814 4.0 0.0 2.0 1.0 0.0 0.0 1.0 69.44 2.934041941115117 330.5021927396972
3.817400000000002 2.0 1.0 0.0 1.0 2.0 3.0 4.0 37.3 1.7284412573952113 576.7809963203815
0.018799999999999928 4.0 2.0 1.0 1.0 0.0 1.0 2.0 73.58 2.3569411406420855 351.2424177353703
2.9476200000000015 3.0 0.0 3.0 2.0 0.0 0.0 2.0 33.45 2.6074872794308894 582.2821705947141
1.0637 4.0 2.0 1.0 2.0 0.0 0.0 2.0 93.28 2.961958871524338 622.2901034889852
1.0637 4.0 2.0 1.0 2.0 0.0 0.0 2.0 93.28 2.8818096234329795 622.290103488985
2.0628000000000006 3.0 1.0 2.0 1.0 0.0 0.0 1.0 38.69 3.2389887029448077 285.8766162685654
3.056420000000002 2.0 0.0 1.0 2.0 0.0 0.0 2.0 43.14 2.8951601769882984 505.61373284730047
-0.7039000000000004 4.0 3.0 3.0 0.0 1.0 1.0 1.0 78.43 2.973421401450698 270.3109791240422
2.5478000000000005 4.0 0.0 1.0 3.0 0.0 0.0 3.0 52.58 2.58457779785679 720.536095789931
0.8630000000000001 3.0 2.0 2.0 1.0 0.0 1.0 2.0 84.55000000000001 2.3200209241555396 533.9318034997223
2.5478000000000005 4.0 0.0 1.0 3.0 0.0 0.0 3.0 52.580000000000005 2.596039059902241 720.5360957899311
2.700420000000001 3.0 1.0 0.0 3.0 0.0 0.0 3.0 42.230000000000004 2.68147023429201 787.1736821736661
2.3059000000000003 4.0 1.0 4.0 1.0 0.0 0.0 1.0 46.53 2.255272093867067 337.7805543891172
2.3049999999999997 4.0 2.0 12.0 0.0 0.0 0.0 0.0 99.08000000000001 3.7149538196008858 248.52240356149724
0.9389999999999998 3.0 2.0 4.0 0.0 1.0 1.0 1.0 75.27000000000001 2.9704426490634592 271.0426262196018
1.1397199999999998 4.0 1.0 1.0 2.0 0.0 0.0 2.0 88.89 2.826109336029514 603.0643255901988
4.380600000000004 4.0 0.0 10.0 1.0 0.0 0.0 1.0 52.60000000000001 2.5983251157200424 424.90988971896695
-0.4856999999999998 4.0 3.0 6.0 1.0 0.0 0.0 1.0 110.52 2.1748555846581983 447.5475346190978
5.252300000000005 4.0 0.0 13.0 1.0 0.0 0.0 1.0 52.6 2.2313731675229156 540.6271769381298
0.9389999999999998 3.0 2.0 4.0 0.0 1.0 1.0 1.0 75.27000000000001 2.891339554138367 279.04262621960174
0.98902 4.0 2.0 3.0 1.0 0.0 0.0 1.0 104.56 3.697752368793182 492.22791062493184
1.1135999999999997 5.0 2.0 5.0 1.0 0.0 0.0 1.0 91.64999999999999 2.404971737487154 400.141526297928
2.607820000000001 3.0 0.0 2.0 2.0 0.0 0.0 2.0 26.93 2.73026047273788 576.2599451429834
2.748000000000001 2.0 0.0 1.0 2.0 0.0 0.0 2.0 43.14 2.686034663876991 465.18632858848656
1.7149999999999999 4.0 2.0 2.0 1.0 0.0 0.0 1.0 65.18 3.0711411718537973 330.7277552288799
0.42720000000000014 4.0 2.0 5.0 1.0 0.0 0.0 1.0 58.92 2.5695217573242997 274.5794377388136
0.4287999999999999 4.0 2.0 6.0 1.0 0.0 0.0 1.0 58.92 2.5001926242792023 238.80384039194297
1.8664 4.0 0.0 7.0 0.0 0.0 0.0 0.0 58.86 3.8932427215096763 284.9804499913461
0.7138000000000002 4.0 2.0 2.0 1.0 0.0 0.0 1.0 92.47 2.9340419411151166 332.85070828529405
1.0559999999999998 4.0 1.0 2.0 1.0 0.0 0.0 1.0 83.68 2.9399537189703024 358.1089581038585
3.2969000000000017 3.0 1.0 4.0 2.0 0.0 0.0 2.0 46.53 2.136217054344883 597.6460401172849
0.8860000000000001 4.0 1.0 3.0 1.0 0.0 0.0 1.0 81.47 2.8270220393427357 346.86384133804063
1.92766 5.0 0.0 2.0 2.0 0.0 0.0 2.0 52.830000000000005 2.261644695920815 478.9482688001515
0.39809999999999907 3.0 2.0 4.0 1.0 0.0 0.0 1.0 81.42 2.255272093867067 337.7805543891172
1.8551 2.0 2.0 4.0 2.0 0.0 0.0 2.0 54.12 2.1868759175925643 531.1990260144933
3.202300000000002 3.0 1.0 0.0 0.0 3.0 4.0 4.0 54.37 1.7753667159229276 591.4877160391027
1.0521 4.0 2.0 5.0 1.0 0.0 0.0 1.0 91.64999999999999 2.471010023367562 428.84761326524466
1.1050999999999997 3.0 2.0 3.0 0.0 1.0 1.0 1.0 75.27000000000001 3.2037805931017176 351.42596479667276
-0.06779999999999992 4.0 3.0 4.0 0.0 1.0 1.0 1.0 78.43 3.0097689230426714 308.0258315489629
3.066600000000002 2.0 0.0 2.0 0.0 2.0 2.0 2.0 34.14 2.0292756366693627 258.7439801694602
-0.3138 4.0 3.0 4.0 0.0 1.0 1.0 1.0 78.43 2.9704426490634592 275.7325821554946
3.370000000000002 2.0 0.0 4.0 2.0 0.0 0.0 2.0 26.3 2.2794935782808614 543.6131589013072
1.2796 2.0 2.0 3.0 1.0 0.0 0.0 1.0 66.4 2.770474696152145 370.67924079774014
1.2458799999999999 5.0 0.0 2.0 1.0 0.0 1.0 2.0 68.55000000000001 2.7656285324365593 501.68651853324565
2.3214000000000006 3.0 2.0 3.0 2.0 0.0 0.0 2.0 74.6 2.459795907470056 599.4459859811755
-0.3742000000000003 4.0 3.0 2.0 1.0 0.0 0.0 1.0 115.27999999999999 3.047486126365013 437.75275358498425
1.7581 3.0 1.0 4.0 1.0 0.0 0.0 1.0 55.4 2.7121747219841184 398.38541876010714
2.1803 4.0 1.0 3.0 1.0 0.0 0.0 1.0 64.63 2.571316213442423 372.0758818636124
0.5432999999999999 4.0 4.0 1.0 1.0 0.0 1.0 2.0 89.79 2.6251768032371907 457.54293906298625
1.5359000000000003 3.0 1.0 3.0 1.0 0.0 1.0 2.0 74.68 2.548843170401105 516.6771552837998
2.4622 3.0 2.0 4.0 2.0 0.0 0.0 2.0 49.69 2.1709591552769054 478.8517175824324
0.43269999999999936 4.0 2.0 5.0 1.0 0.0 0.0 1.0 92.7 2.5484018065353693 443.04080891735794
-0.5372000000000001 4.0 4.0 5.0 1.0 0.0 0.0 1.0 112.64999999999999 2.476930736094679 402.43738729093104
0.7878999999999996 3.0 1.0 3.0 1.0 1.0 1.0 2.0 58.64 2.0586688912297055 441.568892662762
3.861900000000002 3.0 1.0 5.0 2.0 0.0 0.0 2.0 55.760000000000005 2.186211361061708 568.1278280887842
4.702500000000002 4.0 0.0 4.0 2.0 0.0 0.0 2.0 61.599999999999994 2.3196573099384548 660.8145701153476
0.6549 3.0 1.0 2.0 0.0 1.0 1.0 1.0 44.81 2.3310803559126754 226.44869689229975
3.5801000000000016 2.0 2.0 2.0 2.0 0.0 0.0 2.0 58.2 2.0556514127195276 669.6234048767685
-2.1851000000000003 4.0 4.0 1.0 0.0 1.0 1.0 1.0 99.32999999999998 2.677125720374499 296.1984776463023
4.024400000000002 3.0 2.0 6.0 2.0 0.0 1.0 3.0 75.63 1.6967732094106398 769.6633058580652
1.4619000000000002 5.0 3.0 5.0 2.0 0.0 0.0 2.0 129.64 2.2098230343017944 935.3522310151856
2.780500000000001 4.0 0.0 3.0 1.0 0.0 1.0 2.0 69.44 2.5798507557946713 491.2790378430076
4.048800000000002 2.0 2.0 10.0 0.0 0.0 0.0 0.0 49.33 4.696861172883415 182.62445310167308
1.5392 3.0 0.0 2.0 1.0 0.0 0.0 1.0 29.54 2.870929838146898 290.2979848465724
1.402 3.0 1.0 3.0 1.0 0.0 0.0 1.0 55.760000000000005 3.2663671721113827 319.3907822709722
0.1351000000000001 4.0 3.0 2.0 1.0 0.0 0.0 1.0 92.42 3.0904610347343535 356.8845171707862
2.832700000000001 3.0 1.0 1.0 3.0 0.0 0.0 3.0 67.51 2.457301107429124 814.759358516294
2.722600000000001 2.0 1.0 2.0 2.0 0.0 0.0 2.0 40.540000000000006 2.2393989303204465 467.8059718006981
0.8183999999999998 2.0 2.0 4.0 1.0 0.0 0.0 1.0 66.4 2.6701465380280394 348.11048355835163
2.903500000000001 1.0 1.0 2.0 1.0 0.0 0.0 1.0 32.34 2.685768989393265 327.9802853293369
1.2969 3.0 1.0 5.0 1.0 0.0 0.0 1.0 55.4 2.695351301044562 375.5107816340442
2.5837400000000006 2.0 1.0 5.0 1.0 0.0 0.0 1.0 32.34 2.680267656047493 363.55864155890856
3.1057000000000015 2.0 1.0 4.0 2.0 0.0 0.0 2.0 54.37 2.3400417314396122 602.4009276194483
3.4644600000000025 3.0 0.0 0.0 3.0 0.0 0.0 3.0 43.35 2.6263242915513256 790.4241010504397
2.2964 4.0 2.0 6.0 2.0 0.0 0.0 2.0 75.63 2.118742322058921 652.481619998317
0.5913199999999995 4.0 3.0 7.0 1.0 0.0 0.0 1.0 120.77 2.8819379231636817 592.8784917606743
2.2417 3.0 0.0 4.0 1.0 0.0 0.0 1.0 42.31 2.891921427698019 440.77950212466317
1.9259000000000002 3.0 0.0 4.0 1.0 0.0 0.0 1.0 42.31 2.891921427698019 440.77950212466317
1.7916999999999998 4.0 2.0 1.0 2.0 0.0 0.0 2.0 87.49000000000001 3.0238914262815753 668.5084752482783
1.3510999999999997 3.0 2.0 5.0 0.0 1.0 1.0 1.0 75.27000000000001 3.1136488912232765 342.76224197658604
3.904700000000002 2.0 2.0 9.0 0.0 0.0 0.0 0.0 49.33 4.645063519138499 212.26774937107191
4.048800000000002 2.0 2.0 10.0 0.0 0.0 0.0 0.0 49.33 3.968280989116984 200.3988906124904
3.616500000000001 2.0 2.0 7.0 0.0 0.0 0.0 0.0 49.33 5.111892617927922 207.84738386820476
4.048800000000002 2.0 2.0 10.0 0.0 0.0 0.0 0.0 49.33 4.476004912113441 198.39889061249042
4.048800000000002 2.0 2.0 10.0 0.0 0.0 0.0 0.0 49.33 3.4157968676204886 202.39889061249036
0.5757999999999999 4.0 2.0 3.0 1.0 0.0 0.0 1.0 66.76 3.058597780928501 319.3907822709721
0.07629999999999998 4.0 3.0 5.0 0.0 1.0 1.0 1.0 78.43 2.9151151890852645 297.1860027929492
0.15569999999999995 4.0 2.0 3.0 1.0 1.0 1.0 2.0 94.91 2.332408243356345 512.4588719720275
2.8493199999999996 2.0 2.0 5.0 1.0 0.0 0.0 1.0 49.33 2.9341341829250545 366.31352906107196
-0.13810000000000033 3.0 3.0 4.0 1.0 0.0 0.0 1.0 86.63000000000001 2.6701025905153655 349.69983791665175
-1.7221000000000002 4.0 4.0 2.0 1.0 0.0 0.0 1.0 132.12 3.19083002925997 511.07130329290976
3.030000000000001 2.0 2.0 6.0 1.0 0.0 0.0 1.0 49.33 3.185585782008004 342.4996593238469
2.6859600000000006 2.0 2.0 3.0 1.0 0.0 0.0 1.0 49.33 3.0747876297204177 412.843504659285
2.2211 3.0 1.0 4.0 1.0 0.0 0.0 1.0 40.540000000000006 2.379845003260588 367.50712889220523
2.213 2.0 0.0 3.0 1.0 1.0 1.0 2.0 40.620000000000005 2.468694876231188 465.9421525340489
2.8202000000000016 4.0 0.0 6.0 1.0 0.0 0.0 1.0 52.60000000000001 2.845947495997722 373.0099479118407
5.941000000000007 4.0 0.0 14.0 1.0 0.0 0.0 1.0 52.60000000000001 2.4196837376231763 477.62846198864105
1.2896999999999998 3.0 3.0 10.0 0.0 0.0 0.0 0.0 52.489999999999995 2.916821983653843 109.46065377546459
1.6797999999999997 3.0 3.0 11.0 0.0 0.0 0.0 0.0 52.489999999999995 2.9241178417559626 120.1897467430868
2.0699 3.0 3.0 12.0 0.0 0.0 0.0 0.0 52.489999999999995 2.9312161038265176 131.10100153242138
0.35060000000000013 4.0 4.0 3.0 1.0 0.0 0.0 1.0 72.72 2.835168262488178 288.1883450849283
0.3223 4.0 3.0 5.0 0.0 1.0 1.0 1.0 78.43 2.9094058913238343 321.6082448717399
0.46639999999999987 4.0 3.0 6.0 0.0 1.0 1.0 1.0 78.43 2.8325050579279742 310.678232994082
0.2341000000000002 3.0 2.0 4.0 1.0 1.0 1.0 2.0 86.71000000000001 2.1554560519158077 486.11059457204044
2.7586000000000004 5.0 1.0 5.0 2.0 0.0 0.0 2.0 98.54 2.4291766926242557 759.3860166888998
-3.6131999999999986 5.0 7.0 2.0 0.0 1.0 1.0 1.0 174.01 3.0926357040204806 344.413955333022
0.7123999999999999 4.0 3.0 6.0 0.0 1.0 1.0 1.0 78.43 2.933600887630194 337.23168572016743
0.7123999999999999 4.0 3.0 6.0 0.0 1.0 1.0 1.0 78.43 3.001931440549662 333.23168572016743
2.0692 4.0 2.0 3.0 2.0 0.0 0.0 2.0 85.08 2.2671419224709672 638.9934722515916
0.97502 4.0 2.0 2.0 2.0 0.0 0.0 2.0 82.05000000000001 2.639046255684776 640.0872887633639
2.5800000000000005 3.0 3.0 0.0 1.0 2.0 3.0 4.0 60.69 1.7102706989281617 569.5819082919402
3.361 2.0 1.0 1.0 1.0 0.0 0.0 1.0 29.46 3.387046329011766 312.0100650052086
1.2012999999999998 3.0 1.0 1.0 0.0 1.0 2.0 2.0 66.48 2.4001206158943686 427.4666783814275
1.761 3.0 1.0 4.0 1.0 0.0 0.0 1.0 63.60000000000001 2.883562581206699 374.7637076538769
1.4607999999999999 3.0 1.0 0.0 1.0 0.0 1.0 2.0 49.66 2.670687492607174 418.68785180637263
0.9021000000000001 5.0 2.0 2.0 2.0 0.0 0.0 2.0 102.15 2.5168060355285142 690.5740327924013
2.0202 3.0 2.0 6.0 1.0 0.0 0.0 1.0 74.6 2.707385864799922 363.5071288922052
3.2969000000000017 3.0 1.0 4.0 2.0 0.0 0.0 2.0 46.53 2.2266790414871718 600.6460401172849
1.9412999999999996 3.0 1.0 1.0 1.0 0.0 0.0 1.0 46.53 3.0455637915397915 309.1713244639388
1.4835 6.0 2.0 4.0 2.0 0.0 0.0 2.0 97.97 2.2365806023871997 634.1522203296346
2.0968 6.0 2.0 7.0 2.0 0.0 0.0 2.0 127.2 1.914909321044272 784.2745275041749
1.2824 6.0 0.0 3.0 1.0 0.0 1.0 2.0 87.9 2.767411076626991 510.0078536906381
2.4637000000000002 3.0 1.0 3.0 1.0 0.0 0.0 1.0 49.66 2.757267842814972 352.0552102988481
2.7162000000000015 4.0 0.0 3.0 1.0 0.0 1.0 2.0 58.970000000000006 2.447833684871614 547.4968704074944
0.8929999999999998 5.0 2.0 2.0 1.0 0.0 0.0 1.0 75.99000000000001 3.2018062998707224 335.215100846296
1.3743000000000003 4.0 3.0 1.0 2.0 0.0 0.0 2.0 100.62 3.029062156070062 663.8185193123855
1.6687000000000003 3.0 2.0 1.0 2.0 0.0 0.0 2.0 80.39 2.9228020392601675 619.6001475530924
0.5239999999999998 3.0 3.0 4.0 1.0 0.0 0.0 1.0 86.63000000000001 2.712342256751654 385.4759654533223
-0.5371999999999997 4.0 4.0 5.0 1.0 0.0 0.0 1.0 112.65000000000002 2.69541709424604 402.43738729093104
2.4637000000000002 3.0 1.0 3.0 1.0 0.0 0.0 1.0 49.66 2.8599492733131004 369.3052102988483
2.7250000000000005 3.0 2.0 2.0 2.0 0.0 0.0 2.0 58.61 2.28803107215856 473.3459730554756
0.7199000000000002 4.0 1.0 3.0 1.0 0.0 0.0 1.0 80.67 3.124476768182015 431.3043725692778
3.139000000000002 3.0 1.0 4.0 2.0 0.0 0.0 2.0 52.32000000000001 1.8818538387339276 576.3126215016729
-0.11279999999999957 3.0 3.0 4.0 1.0 0.0 0.0 1.0 92.42 2.5721007351655616 350.94495041448823
3.829600000000003 4.0 0.0 6.0 1.0 0.0 0.0 1.0 58.86 2.7864450696085092 503.34453384850667
3.7959000000000023 3.0 1.0 5.0 2.0 0.0 0.0 2.0 40.54 2.0603369865098737 602.1887457467012
0.40869999999999923 5.0 3.0 8.0 1.0 0.0 0.0 1.0 121.80000000000001 2.9404105926271744 693.1460679530386
0.7516 3.0 1.0 0.0 1.0 0.0 1.0 2.0 60.160000000000004 2.7179085954703854 432.3058156581232
3.2162000000000015 1.0 1.0 1.0 2.0 0.0 1.0 3.0 29.1 2.0368668949211246 601.6208569648081
2.2066 3.0 1.0 2.0 1.0 0.0 0.0 1.0 72.24 3.151960315242852 392.1728235731022
1.18558 3.0 2.0 6.0 1.0 0.0 0.0 1.0 73.12 2.5206951904685395 370.35519215780533
2.1955 3.0 1.0 7.0 1.0 0.0 0.0 1.0 74.68 3.0653305378819273 516.0791280132663
1.6258200000000003 4.0 2.0 3.0 2.0 0.0 0.0 2.0 68.06 2.471491534642712 670.4726173995319
3.684420000000002 2.0 1.0 2.0 2.0 0.0 0.0 2.0 40.540000000000006 2.228964048698001 549.0116041712566
2.7224000000000004 3.0 2.0 5.0 3.0 0.0 0.0 3.0 91.67 2.1848615832074536 931.1362389795286
1.2375000000000005 4.0 2.0 2.0 3.0 0.0 0.0 3.0 105.91 2.3468722359062495 993.5169078599786
3.5767000000000015 3.0 2.0 2.0 2.0 0.0 1.0 3.0 62.72 1.927282613741502 690.6888387258248
-3.8682000000000003 6.0 6.0 0.0 0.0 1.0 1.0 1.0 127.17000000000002 2.7602520756252087 107.48810956883254
1.2658999999999998 2.0 2.0 3.0 1.0 0.0 0.0 1.0 66.39999999999999 2.5403535849792562 356.88967715498495
1.6059999999999999 2.0 2.0 3.0 2.0 0.0 0.0 2.0 74.6 2.421622727726618 604.6481876443656
2.2107200000000002 5.0 2.0 4.0 2.0 0.0 0.0 2.0 88.16 2.187893752522556 720.6607514647217
1.7384 5.0 2.0 3.0 2.0 0.0 1.0 3.0 97.97 1.866855268868068 757.0435170882008
0.28189999999999976 4.0 2.0 4.0 1.0 1.0 1.0 2.0 98.15 2.2179984326610893 554.3848725313509
0.8774999999999995 4.0 4.0 7.0 1.0 0.0 0.0 1.0 112.65000000000002 2.673148668807994 484.95191399679527
1.1798999999999997 2.0 2.0 4.0 0.0 1.0 1.0 1.0 44.370000000000005 2.0631539775049768 188.27205538366195
2.1559 4.0 1.0 6.0 1.0 0.0 0.0 1.0 55.56 2.510459435961105 371.88531078577785
2.1559 4.0 1.0 6.0 1.0 0.0 0.0 1.0 55.56 2.4804620482578987 371.88531078577785
0.8774999999999995 4.0 4.0 7.0 1.0 0.0 0.0 1.0 112.65000000000002 2.5995644708324352 484.95191399679527
2.4060200000000007 4.0 2.0 5.0 2.0 0.0 0.0 2.0 68.06 2.2732218923072174 700.9261524708671
0.956 7.0 0.0 4.0 3.0 0.0 0.0 3.0 113.39 2.0634177228860215 754.0878252529661
0.7333999999999998 3.0 2.0 0.0 0.0 2.0 2.0 2.0 57.53 2.1913953630741974 238.6871430903689
3.9093000000000027 4.0 2.0 2.0 0.0 1.0 1.0 1.0 65.18 2.8050508857792265 351.29571729897583
0.3128999999999996 4.0 4.0 4.0 1.0 0.0 0.0 1.0 89.79 2.7964471929115553 364.44006291232483
2.6748000000000003 3.0 2.0 5.0 1.0 0.0 0.0 1.0 66.4 2.635165496145983 467.6015890889479
1.1909999999999998 4.0 3.0 5.0 1.0 0.0 0.0 1.0 121.57000000000002 2.4418166888882142 457.0858852353957
2.6748000000000003 3.0 2.0 5.0 1.0 0.0 0.0 1.0 66.4 2.7275543083256304 447.35158908894795
1.51726 5.0 2.0 8.0 1.0 0.0 0.0 1.0 108.35000000000001 2.846922292190751 524.7676493751201
4.294900000000004 4.0 1.0 4.0 0.0 3.0 4.0 4.0 80.67 1.4928198973634466 724.5043275365367
2.1511000000000005 3.0 1.0 5.0 2.0 1.0 1.0 3.0 77.92 1.9366135212226196 761.1029326164897
1.5807 2.0 0.0 0.0 0.0 2.0 2.0 2.0 34.14 2.3895253075604588 252.56419417660757
1.2831000000000001 3.0 1.0 3.0 1.0 0.0 0.0 1.0 46.53 2.679169490343547 268.7581641533625
1.4664 2.0 1.0 1.0 0.0 2.0 2.0 2.0 54.370000000000005 2.525216014527263 296.5449836213082
2.1029 4.0 2.0 0.0 0.0 2.0 2.0 2.0 65.18 2.6048659893501664 333.01369983759076
0.9334 3.0 1.0 3.0 1.0 0.0 0.0 1.0 71.44 3.162187480939587 421.38499327031263
0.2503999999999999 3.0 3.0 4.0 1.0 0.0 0.0 1.0 86.63000000000001 2.7354196990238284 374.83076936577584
1.6301 3.0 2.0 5.0 1.0 0.0 0.0 1.0 74.6 2.7504014279867066 349.69983791665175
1.7359 2.0 2.0 4.0 1.0 0.0 0.0 1.0 66.4 2.468361621306757 348.11048355835163
0.9369999999999997 3.0 0.0 3.0 1.0 0.0 0.0 1.0 54.45 3.0918683572038965 465.2628592475589
0.9044999999999999 3.0 2.0 5.0 1.0 0.0 0.0 1.0 75.63 2.7484567111037683 390.75191905309794
0.35649999999999954 3.0 3.0 6.0 1.0 0.0 0.0 1.0 86.63000000000001 2.5805999385186738 363.50712889220523
3.4987000000000013 2.0 1.0 3.0 1.0 0.0 0.0 1.0 46.53 2.952681123248563 392.4341135811158
0.7976999999999999 4.0 2.0 4.0 1.0 0.0 0.0 1.0 109.54000000000002 2.8576841289478523 471.51899101285335
0.06209999999999982 4.0 4.0 6.0 1.0 0.0 0.0 1.0 106.86 2.628516125878083 400.8277468164942
2.4624000000000006 4.0 2.0 6.0 0.0 1.0 1.0 1.0 58.2 2.6692005996549084 384.19280948873626
0.8854999999999997 6.0 4.0 7.0 2.0 0.0 0.0 2.0 96.52 2.2366243247931594 567.0051365564027
3.630200000000003 3.0 2.0 1.0 0.0 3.0 4.0 4.0 57.53 1.6853550808712794 593.891277323464
4.080620000000003 3.0 1.0 6.0 2.0 1.0 1.0 3.0 40.54 1.4445792101332056 731.7424939622124
4.477900000000004 3.0 3.0 4.0 0.0 4.0 4.0 4.0 77.76 1.545749264394475 605.412568486979
4.104600000000003 4.0 2.0 9.0 2.0 0.0 0.0 2.0 74.6 1.900700189196723 601.733682528477
-1.420999999999999 5.0 5.0 7.0 1.0 0.0 0.0 1.0 141.74999999999997 2.3529995364413367 515.0429464929127
3.128420000000001 4.0 2.0 3.0 3.0 0.0 0.0 3.0 68.06 1.8957785399330218 911.4418611155023
2.9294200000000012 2.0 1.0 3.0 1.0 0.0 0.0 1.0 37.3 2.8604835348547297 340.17500780185213
1.7127999999999999 4.0 2.0 0.0 0.0 1.0 1.0 1.0 65.18 2.912808929599128 199.0977500432694
1.8568999999999998 4.0 2.0 1.0 0.0 1.0 1.0 1.0 65.18 2.6666807294053543 211.10339998727648
4.3216000000000045 5.0 2.0 4.0 2.0 0.0 1.0 3.0 75.99000000000001 2.0931591727486865 860.9604422024913
2.3314000000000004 3.0 1.0 2.0 1.0 0.0 0.0 1.0 46.53 2.9029492111309563 322.6358947688087
2.3814 1.0 1.0 3.0 2.0 0.0 0.0 2.0 43.09 2.228677125948167 473.84834508395556
2.612400000000001 3.0 1.0 3.0 1.0 0.0 0.0 1.0 46.53 2.755619609872736 336.13903760611623
2.7215000000000007 3.0 1.0 3.0 1.0 0.0 0.0 1.0 46.53 2.755619609872736 336.13903760611623
3.108600000000001 5.0 2.0 2.0 3.0 0.0 1.0 4.0 83.83000000000001 2.081243977967117 992.4323800368251
1.7417999999999998 4.0 1.0 4.0 1.0 0.0 0.0 1.0 78.39 2.891182708072889 363.0747413207328
1.2101 2.0 1.0 2.0 1.0 0.0 0.0 1.0 55.56 2.8531570402611086 294.98794078246516
0.9897999999999993 3.0 2.0 4.0 0.0 1.0 1.0 1.0 76.71000000000001 2.016950806431727 200.23374761370326
1.6002 2.0 1.0 3.0 1.0 0.0 0.0 1.0 55.56 2.7715870204276314 308.4029664102151
2.3559 4.0 1.0 5.0 1.0 0.0 0.0 1.0 78.39 2.702776850352066 352.5207793847902
0.6510199999999999 3.0 1.0 2.0 1.0 0.0 0.0 1.0 69.39 3.4145482653385226 411.39735775091935
3.0025000000000013 3.0 1.0 4.0 1.0 0.0 0.0 1.0 46.53 2.6180849583030543 349.6863125286536
3.111600000000002 3.0 1.0 4.0 1.0 0.0 0.0 1.0 46.53 2.6180849583030543 349.6863125286536
2.9126200000000004 2.0 1.0 3.0 1.0 0.0 0.0 1.0 29.46 2.719441518462691 325.3907822709721
3.3926000000000025 3.0 1.0 5.0 1.0 0.0 0.0 1.0 46.53 2.495637892079632 363.2815474162533
3.5017000000000023 3.0 1.0 5.0 1.0 0.0 0.0 1.0 46.53 2.495637892079632 363.2815474162533
3.3438000000000025 3.0 1.0 5.0 1.0 0.0 0.0 1.0 46.53 2.495637892079632 363.2815474162533
1.9642000000000002 4.0 1.0 3.0 1.0 0.0 0.0 1.0 78.39 2.9535218149664164 349.9103452953617
2.967400000000002 3.0 1.0 2.0 2.0 0.0 0.0 2.0 63.370000000000005 2.6301356992221194 523.0420115762224
0.33409999999999973 3.0 1.0 3.0 1.0 0.0 0.0 1.0 77.23 3.162187480939587 424.6301057681491
2.967400000000002 3.0 1.0 2.0 2.0 0.0 0.0 2.0 63.370000000000005 2.6610023155292555 523.0420115762224
1.9903 2.0 1.0 4.0 1.0 0.0 0.0 1.0 55.56 2.818160239141558 321.86473577962784
3.257600000000001 2.0 1.0 3.0 1.0 0.0 0.0 1.0 29.46 2.719441518462691 327.9201072839529
3.782700000000003 3.0 1.0 6.0 1.0 0.0 0.0 1.0 46.53 2.389110610031822 376.9273661561467
3.8918000000000035 3.0 1.0 6.0 1.0 0.0 0.0 1.0 46.53 2.389110610031822 376.9273661561467
3.733900000000003 3.0 1.0 6.0 1.0 0.0 0.0 1.0 46.53 2.389110610031822 376.9273661561467
0.43579999999999985 5.0 2.0 6.0 1.0 0.0 0.0 1.0 68.15 2.782687582506619 326.15100266867165
3.369600000000001 3.0 1.0 2.0 1.0 0.0 0.0 1.0 38.69 3.5553379241657654 334.3345163250598
1.149 3.0 2.0 3.0 1.0 0.0 0.0 1.0 77.84 3.3316097508085614 411.8834572777762
4.172800000000003 3.0 1.0 7.0 1.0 0.0 0.0 1.0 46.53 2.297403074550861 390.62553578145094
4.281900000000005 3.0 1.0 7.0 1.0 0.0 0.0 1.0 46.53 2.297403074550861 390.62553578145094
4.124000000000003 3.0 1.0 7.0 1.0 0.0 0.0 1.0 46.53 2.297403074550861 390.62553578145094
0.7971999999999999 4.0 3.0 3.0 1.0 0.0 0.0 1.0 104.06 3.452382789635045 422.85590033190516
1.9305999999999996 4.0 2.0 2.0 2.0 0.0 0.0 2.0 74.60000000000001 2.625691211948666 647.0601341830188
1.9305999999999999 4.0 2.0 2.0 2.0 0.0 0.0 2.0 74.60000000000001 2.578165751302208 595.5601341830188
0.19809999999999972 4.0 1.0 3.0 0.0 1.0 1.0 1.0 80.31 2.740373646205912 377.9128575256586
4.562900000000005 3.0 1.0 8.0 1.0 0.0 0.0 1.0 46.53 2.2187369019288843 404.377202075306
4.672000000000005 3.0 1.0 8.0 1.0 0.0 0.0 1.0 46.53 2.2187369019288843 404.377202075306
4.514100000000005 3.0 1.0 8.0 1.0 0.0 0.0 1.0 46.53 2.2187369019288843 404.377202075306
2.5444000000000004 4.0 1.0 6.0 1.0 0.0 0.0 1.0 55.56 2.6296615730690105 399.1115306159859
3.9110000000000005 2.0 1.0 3.0 1.0 0.0 0.0 1.0 29.46 2.866629468975875 367.8491788315501
0.9459999999999991 7.0 0.0 2.0 0.0 3.0 3.0 3.0 72.45000000000002 1.7669203352360854 433.03846010613347
2.065 3.0 2.0 5.0 2.0 0.0 0.0 2.0 58.56 1.828294309614078 513.4286004105037
3.1213000000000015 3.0 1.0 4.0 2.0 0.0 0.0 2.0 49.769999999999996 2.29200286366169 554.3269618203303
1.4721999999999995 5.0 3.0 5.0 2.0 0.0 0.0 2.0 98.21 2.27490503347506 664.5701333426623
-1.7372 6.0 5.0 6.0 1.0 0.0 0.0 1.0 132.88 3.0414109952842874 473.2297699452341
1.2722699999999998 3.0 3.0 2.0 2.0 0.0 0.0 2.0 82.05000000000001 2.445616715780262 695.2896699856509
0.3957999999999997 3.0 3.0 5.0 1.0 0.0 0.0 1.0 95.50000000000001 2.6579687334040036 482.67640097432655
4.159200000000001 4.0 2.0 3.0 2.0 0.0 0.0 2.0 82.25 2.355750585367034 638.8366309730286
1.9401199999999998 7.0 2.0 6.0 2.0 0.0 0.0 2.0 111.37999999999998 2.167068100392494 797.9299140220292
3.531220000000001 3.0 2.0 3.0 3.0 0.0 0.0 3.0 72.19 2.093043167763109 932.5350953815597
1.5615399999999995 4.0 4.0 4.0 2.0 0.0 0.0 2.0 98.66 2.059045742388285 644.878155607279
2.987700000000001 4.0 4.0 12.0 2.0 0.0 0.0 2.0 98.66000000000001 1.6765080096269132 645.1362509663061
0.2235999999999997 7.0 3.0 2.0 2.0 0.0 1.0 3.0 110.08 2.0591072149378546 621.1662520578448
0.46540000000000054 6.0 2.0 3.0 2.0 0.0 0.0 2.0 127.67000000000002 2.514489003333819 801.9597008029627
0.9339000000000006 6.0 2.0 3.0 2.0 0.0 0.0 2.0 114.53000000000002 2.514489003333819 803.1049478306894
0.7684000000000001 6.0 1.0 4.0 2.0 0.0 0.0 2.0 116.66999999999999 2.4644017037166734 818.0532334418965
1.2369 6.0 1.0 4.0 2.0 0.0 0.0 2.0 103.53 2.4644017037166734 819.1984804696232
0.9339000000000006 6.0 2.0 3.0 2.0 0.0 0.0 2.0 114.53000000000002 2.549475348885524 820.3549478306894
3.1073000000000013 4.0 3.0 8.0 2.0 0.0 1.0 3.0 101.64999999999999 1.4750998841136638 775.8338357448106
4.697900000000004 1.0 0.0 0.0 2.0 1.0 2.0 4.0 3.24 1.9631480815500684 705.4815373524832
1.9739 6.0 2.0 7.0 2.0 0.0 0.0 2.0 106.32999999999998 2.1913499988784286 898.4507392560307
1.42712 2.0 1.0 2.0 1.0 0.0 0.0 1.0 46.17 3.1423171432689867 357.4976952228734
2.716200000000001 3.0 1.0 2.0 1.0 0.0 0.0 1.0 38.69 3.388835526390518 297.40544477746255
1.0125 4.0 2.0 1.0 0.0 3.0 4.0 4.0 62.22 1.8925016487118949 455.0619273347161
2.0034 5.0 2.0 2.0 2.0 1.0 1.0 3.0 74.57000000000001 2.323380583816162 893.0451496846364
4.258500000000003 2.0 0.0 0.0 2.0 1.0 2.0 4.0 12.47 1.933876172786215 669.7896219847449
2.8702000000000014 4.0 1.0 2.0 3.0 0.0 0.0 3.0 84.96 2.098784508325308 746.914226334605
2.620400000000001 4.0 1.0 3.0 2.0 3.0 3.0 5.0 45.59 1.6910024369182224 797.8156972625757
3.753770000000002 2.0 2.0 9.0 0.0 0.0 0.0 0.0 49.870000000000005 2.884064614706359 137.24922110379617
0.3903000000000001 3.0 0.0 1.0 0.0 1.0 1.0 1.0 32.78 2.288113817979868 153.13685006057713
0.8251000000000002 3.0 1.0 1.0 0.0 1.0 1.0 1.0 41.57 2.495359274771114 184.45351511834787
3.27862 2.0 1.0 0.0 3.0 0.0 0.0 3.0 38.91 2.558144031902459 686.695477667872
0.37417000000000006 3.0 2.0 2.0 1.0 0.0 0.0 1.0 84.01 3.1552687435747604 419.9621782081577
-0.8320599999999987 2.0 4.0 0.0 0.0 1.0 1.0 1.0 106.22 2.7102601393263512 224.21605924781636
3.109300000000001 2.0 1.0 0.0 3.0 0.0 0.0 3.0 38.91 2.5581440319024598 691.8927302408441
3.109300000000001 2.0 1.0 0.0 3.0 0.0 0.0 3.0 38.91 2.55225726979096 691.8927302408441
3.109300000000001 2.0 1.0 0.0 3.0 0.0 0.0 3.0 38.91 2.60851239964224 691.8927302408441
3.109300000000001 2.0 1.0 0.0 3.0 0.0 0.0 3.0 38.91 2.6154418174030747 691.8927302408441
3.6236000000000015 2.0 1.0 0.0 3.0 0.0 0.0 3.0 38.91 2.6154418174030747 691.8927302408441
4.613000000000004 1.0 0.0 9.0 0.0 1.0 1.0 1.0 3.24 1.7674060882925826 138.37037766838378
3.6236000000000015 2.0 1.0 0.0 3.0 0.0 0.0 3.0 38.91 2.5581440319024598 691.8927302408441
3.6236000000000015 2.0 1.0 0.0 3.0 0.0 0.0 3.0 38.91 2.55225726979096 691.8927302408441
2.6817400000000005 2.0 2.0 4.0 1.0 0.0 0.0 1.0 44.370000000000005 2.680267656047493 366.0010066297174
2.9221000000000013 2.0 2.0 3.0 2.0 1.0 1.0 3.0 32.26 2.069930143588577 492.35938487514255
2.878400000000001 4.0 1.0 1.0 3.0 0.0 0.0 3.0 82.05 2.566842947177284 783.6373142097777
2.8310000000000004 2.0 2.0 5.0 0.0 2.0 2.0 2.0 24.06 1.4711083487211083 149.57415488668806
3.9890000000000008 2.0 1.0 0.0 3.0 0.0 0.0 3.0 38.91 2.5285684979053586 778.582259361945
5.090400000000005 2.0 2.0 11.0 0.0 0.0 0.0 0.0 24.06 3.406526214749092 231.86125933884526
4.012500000000003 2.0 1.0 3.0 2.0 1.0 1.0 3.0 23.47 1.8702687578901154 592.5597398030832
3.9890000000000017 2.0 1.0 0.0 3.0 0.0 0.0 3.0 38.91 2.3830863777453013 778.582259361945
3.7878000000000025 3.0 1.0 7.0 2.0 0.0 0.0 2.0 32.7 2.3650798685287837 617.8613347405886
1.2259400000000003 4.0 4.0 5.0 2.0 0.0 0.0 2.0 126.02 1.9730305154022347 530.1716574009498
3.592900000000002 4.0 1.0 8.0 2.0 0.0 0.0 2.0 47.56 1.7199549965404595 595.7716070979034
2.4497400000000003 3.0 2.0 4.0 2.0 0.0 0.0 2.0 75.27 2.0459503512489214 676.6888387258248
0.7064999999999999 5.0 1.0 1.0 1.0 0.0 1.0 2.0 92.80000000000001 2.6409121505305215 480.7556178358771
3.6331000000000024 3.0 1.0 6.0 2.0 1.0 1.0 3.0 40.540000000000006 1.4372684810737513 646.0536666760844
3.9415200000000032 3.0 1.0 6.0 2.0 1.0 1.0 3.0 40.54 1.4477452899248635 685.7269759184304
3.6669000000000027 3.0 1.0 2.0 0.0 3.0 4.0 4.0 40.54 1.6335536532234292 596.8346398210213
3.7722000000000033 3.0 1.0 6.0 2.0 1.0 1.0 3.0 40.540000000000006 1.4477452899248635 691.5958056500971
4.286500000000004 3.0 1.0 6.0 2.0 1.0 1.0 3.0 40.540000000000006 1.4477452899248635 691.5958056500971
0.21369999999999967 4.0 3.0 2.0 1.0 0.0 0.0 1.0 117.69000000000001 3.4262226973282406 478.8535635303721
0.9972999999999999 4.0 2.0 1.0 1.0 0.0 1.0 2.0 91.66999999999999 2.7667864912670597 582.2751966271564
3.0646000000000004 2.0 2.0 3.0 2.0 1.0 1.0 3.0 32.26 2.069930143588577 492.35938487514255
5.555620000000006 2.0 0.0 5.0 3.0 1.0 1.0 4.0 6.48 1.4846645895591981 883.9361145728088
3.9113000000000033 3.0 1.0 6.0 2.0 1.0 1.0 3.0 40.540000000000006 1.4445792101332056 735.611323693879
4.3247000000000035 3.0 0.0 3.0 2.0 2.0 4.0 6.0 21.700000000000003 1.4267979287357242 879.4499534290462
2.0124999999999997 3.0 1.0 3.0 1.0 0.0 0.0 1.0 54.370000000000005 2.7161444755584077 358.23534600445686
1.6665 3.0 1.0 4.0 1.0 0.0 0.0 1.0 54.370000000000005 2.3689160076646076 344.91170553088625
1.7678000000000003 4.0 3.0 4.0 2.0 0.0 0.0 2.0 109.49 2.3842752544596277 739.2214024624774
2.338000000000001 3.0 2.0 0.0 1.0 1.0 3.0 4.0 43.7 2.0089533533739927 634.122329282858
1.6992 5.0 1.0 3.0 1.0 2.0 4.0 5.0 51.160000000000004 1.7007592220514405 677.5757883906864
3.0882000000000014 2.0 1.0 3.0 2.0 0.0 0.0 2.0 23.47 2.510419354993185 524.611178577122
0.8596000000000001 5.0 2.0 3.0 2.0 0.0 0.0 2.0 97.97 2.285509074399646 595.9628413066204
3.8347000000000024 5.0 0.0 8.0 2.0 0.0 0.0 2.0 72.67999999999999 2.169644769973839 697.1238487730229
2.0719 5.0 0.0 2.0 1.0 1.0 4.0 5.0 48.00000000000001 1.7397373490075734 788.1459867838109
2.2905000000000006 5.0 1.0 6.0 2.0 0.0 0.0 2.0 89.9 2.1246027922122774 712.2125963246509
-0.36925999999999926 4.0 6.0 2.0 1.0 0.0 1.0 2.0 148.52 2.393665964648304 585.6123370461914
1.6085000000000003 7.0 2.0 3.0 2.0 0.0 0.0 2.0 160.88 2.986150621200796 889.556104908691
2.0418000000000003 1.0 0.0 1.0 1.0 0.0 0.0 1.0 20.310000000000002 2.899514062768119 279.0849389236156
0.2986999999999999 3.0 2.0 2.0 1.0 0.0 0.0 1.0 64.35 2.843524062030637 268.8912787750557
2.0534 5.0 0.0 7.0 2.0 0.0 0.0 2.0 41.49 2.1048843505456873 527.7330568376073
-0.8345000000000002 3.0 1.0 2.0 0.0 0.0 1.0 1.0 81.59 3.1052967218211043 279.11372655106993
2.2959000000000005 5.0 0.0 2.0 1.0 2.0 4.0 5.0 48.00000000000001 1.7095662422577873 747.4568557126951
3.5679000000000025 5.0 1.0 6.0 2.0 3.0 3.0 5.0 62.66 1.46185410765201 832.2121722526666
0.9473199999999999 3.0 2.0 1.0 1.0 0.0 0.0 1.0 74.60000000000001 3.385778368994771 393.8674448467726
1.2966 3.0 0.0 2.0 1.0 0.0 0.0 1.0 63.45 2.9399537189703024 356.8247455887142
2.1528 3.0 2.0 8.0 1.0 0.0 0.0 1.0 41.49 2.4441362532698547 363.26616352106794
4.2904000000000035 2.0 0.0 7.0 1.0 1.0 1.0 2.0 12.47 1.9571893216275966 379.812643883422
-0.5598000000000001 4.0 2.0 4.0 0.0 0.0 0.0 0.0 75.63 4.128773793241289 197.07327308821522
2.2910000000000004 3.0 1.0 3.0 2.0 0.0 1.0 3.0 59.300000000000004 1.9881168620497733 642.6652275716834
5.019600000000005 3.0 0.0 5.0 2.0 0.0 1.0 3.0 6.48 1.9585478308634654 591.3372393066671
5.315300000000005 5.0 0.0 6.0 3.0 1.0 1.0 4.0 59.5 1.571781698794134 982.4985476626213
4.068900000000003 4.0 0.0 4.0 3.0 0.0 0.0 3.0 39.19 1.8139529120094868 728.8159731349105
1.6532000000000002 3.0 4.0 7.0 2.0 0.0 0.0 2.0 108.21 2.029136970430065 693.2033499846957
1.9529999999999998 5.0 2.0 4.0 2.0 1.0 1.0 3.0 74.57000000000001 2.3306386247101583 918.017763756987
1.7242 5.0 2.0 3.0 2.0 3.0 3.0 5.0 74.57 1.7330517374186707 966.1731203719594
0.19219999999999998 5.0 2.0 5.0 0.0 0.0 0.0 0.0 93.73 4.488192387845984 405.96502815007767
3.9643000000000024 5.0 1.0 4.0 1.0 0.0 1.0 2.0 64.63 2.738931060348321 783.2807861577601
2.668000000000001 5.0 1.0 4.0 2.0 2.0 2.0 4.0 74.22000000000001 1.4962661287721135 719.2088809081636
3.248840000000002 3.0 0.0 3.0 3.0 0.0 0.0 3.0 37.61 2.1900111791144417 860.2021521816743
3.124900000000002 3.0 0.0 3.0 2.0 0.0 0.0 2.0 35.53 2.415246064215027 574.9604642521741
1.2755000000000003 3.0 1.0 5.0 1.0 0.0 0.0 1.0 59.3 2.7452656393514063 395.0646618809598
1.4932999999999998 3.0 1.0 6.0 1.0 0.0 0.0 1.0 59.3 2.236057814029909 370.0958253198427
0.7617999999999998 4.0 0.0 4.0 0.0 0.0 1.0 1.0 72.67999999999999 2.969920722924941 322.07403392114696
2.8359000000000005 3.0 1.0 9.0 1.0 0.0 0.0 1.0 59.3 2.427378090376259 450.9490631871334
5.0167000000000055 4.0 0.0 11.0 1.0 0.0 0.0 1.0 52.60000000000001 2.6772856776335683 510.1152419686337
3.496500000000001 5.0 2.0 4.0 2.0 0.0 1.0 3.0 97.97 1.9357795059744878 863.1448456063472
2.0065 5.0 1.0 2.0 3.0 0.0 0.0 3.0 78.6 2.629735699481395 784.62675194121
3.1065000000000014 1.0 1.0 4.0 2.0 0.0 0.0 2.0 29.1 1.9206730218788683 493.0201144215984
3.200400000000002 6.0 0.0 4.0 1.0 0.0 2.0 3.0 71.06 2.14530352612636 784.2612361491061
5.972400000000007 4.0 1.0 9.0 3.0 0.0 0.0 3.0 37.39 1.9181706077414047 939.9226830614332
3.5905000000000022 6.0 0.0 5.0 1.0 0.0 2.0 3.0 71.06 2.0834340397864555 799.7093511352907
1.6583999999999997 5.0 2.0 4.0 2.0 1.0 1.0 3.0 74.57000000000001 2.235465109392597 841.0701456818219
1.1160199999999998 5.0 3.0 5.0 1.0 0.0 0.0 1.0 103.01 3.16769671134091 497.66173846783613
0.8607999999999998 4.0 2.0 4.0 1.0 2.0 2.0 3.0 86.71000000000001 1.66490359617118 661.3038986246086
-0.2093000000000002 4.0 3.0 2.0 1.0 0.0 0.0 1.0 98.21 3.047486126365013 438.5076410871477
2.923300000000001 3.0 0.0 6.0 2.0 0.0 0.0 2.0 25.36 2.287167069228301 471.52791768785835
1.16802 5.0 2.0 3.0 2.0 0.0 0.0 2.0 97.97 2.2981199678683675 652.9983597537553
0.1372999999999997 4.0 3.0 5.0 1.0 0.0 0.0 1.0 126.55999999999999 2.6422493452962614 550.1357005534106
2.5643200000000004 2.0 1.0 2.0 2.0 0.0 0.0 2.0 38.91 2.830498073410044 489.10508946969645
2.9735700000000005 2.0 2.0 7.0 0.0 0.0 0.0 0.0 49.870000000000005 2.86138733944056 115.09616281328596
3.9273200000000035 4.0 1.0 4.0 3.0 0.0 0.0 3.0 68.53 2.2323717333782787 973.247930443042
0.42280000000000006 2.0 0.0 2.0 0.0 2.0 2.0 2.0 40.620000000000005 2.0902353262966304 241.8686140532334
0.8915 3.0 2.0 5.0 0.0 0.0 1.0 1.0 74.6 2.2602975908185927 267.2955635951586
1.5247999999999997 4.0 2.0 10.0 0.0 0.0 0.0 0.0 99.08000000000001 3.8024043408122115 222.57407497429566
1.3774 3.0 1.0 2.0 2.0 0.0 0.0 2.0 54.86 2.3635404193353113 645.7563863780084
0.7326000000000001 4.0 1.0 3.0 2.0 0.0 0.0 2.0 64.09 2.3061240980558857 658.2581200392943
4.0348400000000035 3.0 0.0 0.0 3.0 0.0 1.0 4.0 43.35 2.2762239659502823 896.110733870941
3.0345000000000013 5.0 2.0 3.0 2.0 1.0 2.0 4.0 97.97 1.7001715802945603 953.541400805614
0.4287999999999999 4.0 2.0 6.0 1.0 0.0 0.0 1.0 58.92 2.419479246494691 217.80384039194297
-0.5034000000000001 3.0 1.0 2.0 0.0 1.0 1.0 1.0 74.68 2.6714115310973927 271.2726727217261
1.93442 2.0 2.0 0.0 1.0 0.0 2.0 3.0 61.849999999999994 2.0539279301542335 510.005722459738
1.8241700000000003 2.0 2.0 1.0 1.0 0.0 2.0 3.0 62.34 2.08176053554905 498.0576256632339
1.6259999999999992 2.0 2.0 0.0 1.0 0.0 2.0 3.0 61.85 2.015630978955184 469.7324210960026
2.15637 2.0 2.0 1.0 2.0 0.0 1.0 3.0 42.36000000000001 1.966867492851155 592.328220891302
3.0755700000000017 2.0 2.0 1.0 2.0 0.0 1.0 3.0 51.480000000000004 1.914821765683555 657.9391318660903
2.5126999999999997 2.0 2.0 0.0 2.0 0.0 1.0 3.0 61.85 2.202413919750183 641.7215697050474
1.6346 3.0 2.0 1.0 1.0 0.0 2.0 3.0 71.08 2.0488597379496687 527.6675162671245
1.8678999999999997 3.0 2.0 1.0 2.0 0.0 1.0 3.0 71.08 2.183832236099028 667.0338181694884
3.9806000000000035 6.0 0.0 6.0 1.0 0.0 2.0 3.0 71.06 2.016712381790825 815.1802301028779
3.384000000000002 2.0 2.0 1.0 3.0 0.0 1.0 4.0 67.63999999999999 1.6824188292887416 856.1416052580388
1.3937 6.0 2.0 5.0 2.0 0.0 0.0 2.0 100.69999999999999 2.353469787882736 810.0003721449017
2.3721000000000005 5.0 2.0 7.0 2.0 0.0 0.0 2.0 89.25999999999999 2.067067859102055 777.9116120217641
0.1983000000000001 4.0 2.0 2.0 1.0 0.0 0.0 1.0 98.26 2.9340419411151166 333.3409332809671
2.9163000000000014 5.0 2.0 7.0 3.0 0.0 0.0 3.0 89.26 1.6154412684796793 994.7782041632781
2.3606 1.0 1.0 0.0 2.0 0.0 1.0 3.0 27.630000000000003 2.1085145011504585 575.4148654756665
-0.015300000000000313 4.0 1.0 1.0 1.0 1.0 1.0 2.0 64.09 2.471699398103286 444.6349932703126
3.200400000000002 6.0 0.0 4.0 1.0 0.0 2.0 3.0 71.06 2.236202264880535 784.2612361491064
0.10969999999999991 4.0 1.0 1.0 1.0 1.0 2.0 3.0 83.55000000000001 2.100179149369735 668.0618858177407
1.5131 3.0 1.0 2.0 1.0 0.0 1.0 2.0 55.760000000000005 2.2452664748461393 395.108513716102
3.5495000000000028 4.0 2.0 7.0 1.0 0.0 0.0 1.0 62.05 2.513897347700774 402.02561937116093
2.7311000000000005 4.0 1.0 2.0 3.0 0.0 0.0 3.0 84.96 2.10133655958165 665.6299889283687
5.109900000000006 4.0 2.0 11.0 1.0 0.0 0.0 1.0 62.05 2.1890407535685217 457.6455324520554
5.500000000000006 4.0 2.0 12.0 1.0 0.0 0.0 1.0 62.05 2.2435441951355615 471.6825713644642
4.577900000000003 4.0 2.0 8.0 2.0 0.0 0.0 2.0 62.05 2.067181108860934 638.3179142894813
3.5905000000000022 6.0 0.0 5.0 1.0 0.0 2.0 3.0 71.06 2.211260245679707 799.7093511352906
3.5905000000000022 6.0 0.0 5.0 1.0 0.0 2.0 3.0 71.06 2.1947191041100265 799.7093511352905
1.3898 4.0 3.0 2.0 3.0 0.0 0.0 3.0 86.46000000000001 2.0381365891874714 700.4585772179909
1.0055199999999993 5.0 2.0 5.0 1.0 2.0 2.0 3.0 95.94000000000001 1.573386107958276 718.2533209189623
2.842100000000001 3.0 2.0 1.0 2.0 0.0 1.0 3.0 47.629999999999995 2.271838969980807 738.4422380249487
3.3614000000000015 3.0 1.0 6.0 1.0 0.0 0.0 1.0 65.26 2.582889659790559 414.749462607376
0.6493000000000002 5.0 2.0 1.0 2.0 0.0 0.0 2.0 93.28000000000002 2.7494371131356425 588.0007565116756
2.861700000000001 2.0 1.0 2.0 2.0 0.0 0.0 2.0 40.540000000000006 2.266962413662046 527.9524885546249
1.9512 4.0 2.0 3.0 2.0 0.0 0.0 2.0 74.58 2.2937368829465368 567.4588567442289
3.1701200000000016 2.0 1.0 2.0 2.0 0.0 0.0 2.0 40.54 2.3239975237073773 583.5116041712565
3.3500200000000016 2.0 1.0 4.0 2.0 0.0 0.0 2.0 40.54 1.9634702077724062 551.6852082566216
3.3500200000000016 2.0 1.0 4.0 2.0 0.0 0.0 2.0 40.54 1.9871211778178193 551.6852082566216
3.9806000000000035 6.0 0.0 6.0 1.0 0.0 2.0 3.0 71.06 2.140416576289432 815.1802301028778
-0.3100000000000003 7.0 4.0 8.0 0.0 1.0 1.0 1.0 116.45000000000002 2.4075386477634826 309.6976482516554
3.2143000000000015 6.0 2.0 0.0 3.0 0.0 2.0 5.0 93.06000000000002 1.9697276955937317 1130.8837799074672
2.7398000000000007 4.0 1.0 4.0 2.0 0.0 0.0 2.0 59.0 2.330280295377811 575.827438063463
4.3378200000000025 2.0 1.0 2.0 2.0 0.0 0.0 2.0 40.54 2.3329899181720943 628.5930712084782
4.3378200000000025 2.0 1.0 2.0 2.0 0.0 0.0 2.0 40.54 2.3658469721265423 628.5930712084782
3.0482200000000015 4.0 1.0 4.0 2.0 0.0 0.0 2.0 59.0 2.3744629629226632 632.2252779339522
3.0482200000000015 4.0 1.0 4.0 2.0 0.0 0.0 2.0 59.0 2.3460619652633934 632.2252779339522
1.36237 3.0 4.0 2.0 2.0 0.0 0.0 2.0 94.49000000000001 2.474478354089092 592.0753644991936
1.1164999999999996 3.0 3.0 3.0 1.0 0.0 0.0 1.0 95.86 2.7238828261229844 395.9979852543765
1.8044 2.0 1.0 1.0 0.0 1.0 1.0 1.0 40.54 2.4272045459113043 148.6075250475963
1.9469 2.0 1.0 2.0 0.0 2.0 2.0 2.0 40.540000000000006 1.8598810817786244 195.10142660700166
2.3370000000000006 2.0 1.0 2.0 0.0 2.0 2.0 2.0 40.540000000000006 1.8506504312278802 207.33307108241883
2.727100000000001 2.0 1.0 2.0 0.0 2.0 2.0 2.0 40.540000000000006 1.8718772574489215 217.66200896008945
2.3352000000000004 3.0 1.0 4.0 1.0 0.0 0.0 1.0 65.26 2.72287926964026 359.43517967814273
2.7253000000000007 3.0 1.0 5.0 1.0 0.0 0.0 1.0 65.26 2.644693982154432 373.3209943614489
3.115400000000001 3.0 1.0 6.0 1.0 0.0 0.0 1.0 65.26 2.561194540253939 387.242144048771
3.5055000000000023 3.0 1.0 7.0 1.0 0.0 0.0 1.0 65.26 2.478803387544692 401.20231298264946
3.8956000000000026 3.0 1.0 8.0 1.0 0.0 0.0 1.0 65.26 2.4008835663950543 415.2041827638703
4.285700000000003 3.0 1.0 9.0 1.0 0.0 0.0 1.0 65.26 2.3289800810889587 429.24969573261865
4.529200000000002 2.0 1.0 2.0 3.0 0.0 0.0 3.0 40.540000000000006 1.9353547705388023 799.254098685305
2.3721000000000005 5.0 2.0 7.0 2.0 0.0 0.0 2.0 89.25999999999999 2.1469683167080222 795.1616120217641
2.5162000000000004 5.0 2.0 8.0 2.0 0.0 0.0 2.0 89.25999999999999 2.038619446572056 764.8779654996603
2.7622 5.0 2.0 8.0 2.0 0.0 0.0 2.0 89.25999999999999 2.0726061796456783 810.7480771597396
2.4199 6.0 2.0 7.0 2.0 0.0 0.0 2.0 100.69999999999999 2.2597664103316477 872.5230495000955
2.1164000000000005 6.0 2.0 5.0 2.0 0.0 0.0 2.0 106.32999999999998 2.2536116101228236 921.8439392253609
2.1180000000000003 6.0 2.0 8.0 2.0 0.0 0.0 2.0 106.32999999999998 2.162064561513596 885.0553126454902
1.4587000000000003 6.0 1.0 5.0 2.0 1.0 1.0 3.0 89.7 1.7019842532709983 822.017234018043
1.7263000000000002 6.0 2.0 6.0 2.0 0.0 0.0 2.0 106.32999999999998 2.3621300543913555 899.608527642815
2.1164 6.0 2.0 7.0 2.0 0.0 0.0 2.0 106.32999999999998 2.310179359519394 917.7007392560308
1.4587000000000003 6.0 1.0 5.0 2.0 1.0 1.0 3.0 89.7 1.773588339295361 839.267234018043
1.8341999999999996 5.0 3.0 9.0 2.0 0.0 0.0 2.0 88.69000000000001 1.7905902034764278 792.5463332771562
1.2512 5.0 2.0 4.0 2.0 0.0 0.0 2.0 85.32999999999998 2.3328156788851038 565.8235744942024
1.8873 5.0 2.0 5.0 2.0 0.0 0.0 2.0 85.32999999999998 2.1265809201448147 608.8377181423191
1.2678 6.0 2.0 7.0 2.0 0.0 0.0 2.0 94.56 1.9727528173586566 613.2445783739491
1.5735 5.0 3.0 9.0 2.0 0.0 0.0 2.0 102.68 1.7856664167163219 777.1295918124778
1.5488 4.0 3.0 5.0 2.0 1.0 1.0 3.0 116.16999999999999 2.064951203180156 796.7181496028363
1.8265000000000005 6.0 2.0 5.0 3.0 0.0 0.0 3.0 98.22000000000001 1.6680720042423234 821.808959523082
0.29409999999999914 4.0 1.0 5.0 1.0 0.0 0.0 1.0 66.84 2.411328611781732 377.35183546338794
1.03242 3.0 1.0 2.0 2.0 0.0 0.0 2.0 54.86 2.363540419335311 640.790584174365
2.0308 3.0 1.0 2.0 2.0 0.0 0.0 2.0 54.86 2.4305265044956035 708.9198925660191
4.544800000000003 5.0 3.0 5.0 4.0 0.0 0.0 4.0 83.12 1.8513672623370376 1232.3265710076173
2.2620999999999993 4.0 2.0 6.0 2.0 0.0 0.0 2.0 92.5 2.3533057327631877 855.3250045266049
0.4766 3.0 3.0 2.0 1.0 0.0 0.0 1.0 83.55000000000001 2.8925610901856844 280.85937643443293
-0.39369999999999944 6.0 2.0 1.0 1.0 0.0 1.0 2.0 114.53000000000002 2.7116001028609293 626.9796171728123
2.752200000000001 2.0 0.0 3.0 2.0 0.0 0.0 2.0 34.14 2.278573274768037 451.2732551825604
0.6218000000000001 2.0 2.0 4.0 0.0 0.0 0.0 0.0 66.4 4.044711483745026 177.1417863019849
-0.8083999999999993 6.0 4.0 7.0 0.0 0.0 0.0 0.0 126.64 3.4681793958511196 192.00818512452062
3.8556000000000026 3.0 1.0 8.0 2.0 0.0 0.0 2.0 30.49 1.928614586902295 558.5955981914075
3.0715000000000012 4.0 1.0 3.0 2.0 1.0 4.0 6.0 41.93000000000001 1.4520691118503986 955.8226640711225
1.8912 4.0 1.0 2.0 1.0 1.0 4.0 5.0 41.93 1.7782656164724597 700.1002951306715
2.6606000000000005 4.0 1.0 4.0 2.0 0.0 0.0 2.0 80.31 2.3499183916965287 771.6353691177206
1.83452 5.0 2.0 3.0 2.0 0.0 0.0 2.0 85.08 2.2767262836744524 617.2554968564319
1.2695999999999998 3.0 1.0 2.0 0.0 2.0 2.0 2.0 71.44 2.4465142889215166 409.1383255762433
3.8556000000000026 3.0 1.0 8.0 2.0 0.0 0.0 2.0 30.49 1.8982886634006202 612.0955981914077
1.7250999999999999 4.0 1.0 1.0 1.0 2.0 4.0 5.0 41.93 1.7951472054856976 645.4645937682619
0.5419 4.0 3.0 5.0 0.0 0.0 0.0 0.0 86.63000000000001 4.156857495504796 243.8442939431395
0.07389999999999997 4.0 4.0 6.0 0.0 0.0 0.0 0.0 115.06000000000002 4.704210119631464 283.0338417641986
1.6838999999999997 5.0 2.0 4.0 0.0 0.0 0.0 0.0 74.6 3.9871709612066386 229.31946229557659
2.6561000000000012 3.0 2.0 5.0 1.0 0.0 0.0 1.0 74.6 2.7073858647999223 363.50712889220523
0.09201999999999982 5.0 1.0 3.0 1.0 0.0 0.0 1.0 81.19 3.032858934158134 294.2284590462867
1.7770999999999997 5.0 2.0 4.0 1.0 0.0 0.0 1.0 62.730000000000004 2.831956367804246 301.78315486014867
2.743400000000001 4.0 2.0 3.0 2.0 0.0 0.0 2.0 65.18 2.4549168037639224 509.3625673655634
1.3209999999999997 5.0 2.0 3.0 2.0 2.0 2.0 4.0 88.56 1.9645465736520993 882.2499501701311
1.5816999999999997 5.0 2.0 4.0 2.0 2.0 2.0 4.0 74.57 1.8955391711345337 898.0694016866089
1.7110999999999998 5.0 2.0 3.0 2.0 2.0 2.0 4.0 88.56 1.9279943214753126 922.8031789984489
2.3645000000000005 5.0 2.0 3.0 2.0 2.0 2.0 4.0 88.56 2.001397573121141 973.4875088520494
1.4324000000000001 6.0 3.0 3.0 2.0 2.0 2.0 4.0 114.58 2.067858121955095 1019.3106617541799
1.9649999999999994 4.0 2.0 3.0 3.0 0.0 0.0 3.0 66.49000000000001 1.8350329198169362 616.8870873053712
1.4601 5.0 2.0 3.0 2.0 2.0 2.0 4.0 88.56 2.037331460979619 930.5351597975413
1.5579999999999996 5.0 2.0 3.0 3.0 0.0 0.0 3.0 79.63 1.8609258364659542 586.0665899415604
1.8502 5.0 2.0 3.0 2.0 2.0 2.0 4.0 88.56 2.001397573121141 971.4875088520494
1.7207999999999999 5.0 2.0 4.0 2.0 2.0 2.0 4.0 74.57 1.9688466703673233 946.5292194514634
1.4483000000000001 5.0 1.0 2.0 2.0 0.0 1.0 3.0 77.76 2.4291003376651457 746.7624788594738
3.903500000000003 3.0 0.0 4.0 2.0 0.0 0.0 2.0 35.53 2.292195189286471 616.6612679803243
2.7695000000000016 4.0 0.0 4.0 2.0 0.0 1.0 3.0 48.3 1.8989274763280992 672.5985969920165
3.2795000000000014 5.0 0.0 1.0 3.0 0.0 1.0 4.0 53.35 2.26222236384949 1077.585146741672
1.9838 3.0 3.0 0.0 2.0 0.0 1.0 3.0 86.79 2.3344933712663583 620.1731313518729
-0.12700000000000022 7.0 5.0 9.0 0.0 1.0 1.0 1.0 128.48000000000002 2.131426499285343 341.78708160078025
0.2630999999999993 7.0 5.0 10.0 0.0 1.0 1.0 1.0 128.48000000000002 2.0895668285612423 355.3176274405624
0.6531999999999996 7.0 5.0 11.0 0.0 1.0 1.0 1.0 128.48000000000002 2.0514169645913114 368.90552519373233
3.5170200000000023 5.0 0.0 4.0 3.0 1.0 1.0 4.0 51.910000000000004 1.6723520053530232 958.9021753412998
2.912020000000001 6.0 0.0 4.0 3.0 1.0 1.0 4.0 64.80000000000001 1.6723520053530232 962.7022793219064
0.8916 3.0 1.0 3.0 0.0 1.0 1.0 1.0 57.61000000000001 2.9257536519350036 245.75166580110624
-0.17899999999999994 4.0 2.0 3.0 0.0 1.0 1.0 1.0 86.71000000000001 3.122517342317562 309.2342051651333
-0.6006000000000002 7.0 3.0 5.0 2.0 0.0 0.0 2.0 110.08000000000001 2.15511014948993 494.4019561609716
3.1865000000000014 4.0 1.0 4.0 2.0 0.0 1.0 3.0 46.53 1.9057015899383014 630.4022644008302
2.708100000000001 2.0 2.0 2.0 2.0 0.0 0.0 2.0 29.1 2.3428308374003253 495.7010308012036
-0.28920000000000007 3.0 2.0 2.0 0.0 1.0 1.0 1.0 75.27000000000001 3.1500737167308075 289.35082883367073
0.18079999999999996 3.0 2.0 2.0 0.0 1.0 1.0 1.0 75.27000000000001 3.1707977044488684 300.01875639366216
0.5709000000000001 3.0 2.0 3.0 0.0 1.0 1.0 1.0 75.27000000000001 3.0493721359977797 313.5592023607486
2.782800000000001 4.0 1.0 6.0 2.0 1.0 1.0 3.0 75.71000000000001 1.9726963174135679 765.575598585974
-0.5046000000000006 6.0 2.0 2.0 1.0 1.0 1.0 2.0 90.37 2.204299752254942 403.8341971708258
3.1254000000000017 5.0 1.0 2.0 2.0 0.0 1.0 3.0 98.93 2.3227643978705865 814.2381311931273
-0.17129999999999995 4.0 2.0 4.0 0.0 0.0 0.0 0.0 75.63 4.384119235162838 219.73533443302583
-0.6481999999999994 3.0 3.0 4.0 0.0 0.0 0.0 0.0 86.63000000000001 4.031533536861353 184.28703332971156
3.5150000000000023 3.0 0.0 4.0 2.0 0.0 0.0 2.0 35.53 2.334285128814113 589.5637814598563
3.9051000000000027 3.0 0.0 5.0 2.0 0.0 0.0 2.0 35.53 2.2464486291218235 604.2066477720339
4.295200000000004 3.0 0.0 6.0 2.0 0.0 0.0 2.0 35.53 2.158171091746875 618.8895902362252
2.487400000000001 4.0 1.0 5.0 2.0 0.0 0.0 2.0 55.760000000000005 2.246448629121824 606.4484035754531
4.293600000000003 3.0 0.0 3.0 2.0 0.0 0.0 2.0 35.53 2.278401160563793 653.0512926730954
4.685300000000004 3.0 0.0 7.0 2.0 0.0 0.0 2.0 35.53 2.0731956129828286 633.6129424224306
2.8759000000000015 4.0 1.0 5.0 2.0 0.0 0.0 2.0 55.760000000000005 2.196246882484603 633.7227546470999
2.8775000000000013 4.0 1.0 6.0 2.0 0.0 0.0 2.0 55.760000000000005 2.1581710917468757 621.2162594630944
5.075400000000005 3.0 0.0 8.0 2.0 0.0 0.0 2.0 35.53 1.9935040606640273 648.3768866086474
5.465500000000006 3.0 0.0 9.0 2.0 0.0 0.0 2.0 35.53 1.9199712611117572 663.1814859639838
3.084100000000001 4.0 0.0 5.0 2.0 0.0 0.0 2.0 52.6 2.214435928190299 675.5444853405209
4.298600000000004 3.0 0.0 5.0 2.0 0.0 0.0 2.0 35.53 2.04741508023448 737.3705760058808
1.8482999999999998 5.0 2.0 6.0 2.0 0.0 0.0 2.0 75.99000000000001 2.1380047637226074 652.5393978535747
3.798600000000003 4.0 1.0 4.0 2.0 1.0 1.0 3.0 55.760000000000005 1.7447506733312725 724.650671102026
1.4882999999999995 7.0 2.0 9.0 0.0 2.0 2.0 2.0 94.45000000000002 1.893899928601928 411.7432382833613
4.006800000000004 4.0 0.0 4.0 2.0 1.0 1.0 3.0 52.6 1.756403692332282 765.3229419019707
4.851400000000004 3.0 0.0 7.0 2.0 0.0 0.0 2.0 35.53 2.033571515141318 688.3463063444477
2.0221999999999998 6.0 1.0 4.0 2.0 2.0 2.0 4.0 74.22000000000001 1.4724708779133906 819.0536189328232
4.128000000000002 3.0 2.0 6.0 2.0 0.0 0.0 2.0 59.59 1.8866740985974004 540.8060446706214
4.560200000000004 4.0 0.0 5.0 2.0 0.0 0.0 2.0 39.41 2.4224638799196074 669.1017795786091
2.4298199999999994 4.0 1.0 0.0 3.0 0.0 0.0 3.0 69.37 2.5289616724668833 751.8752353240261
2.8562200000000013 4.0 0.0 1.0 3.0 0.0 0.0 3.0 52.580000000000005 2.4522187127833877 764.0213236944004
2.942640000000001 5.0 0.0 1.0 3.0 0.0 0.0 3.0 69.65 2.44833959997417 897.894377767959
1.8377999999999992 5.0 0.0 5.0 2.0 0.0 1.0 3.0 68.61 1.7425059023422833 808.0865149347912
2.981200000000001 5.0 1.0 6.0 2.0 0.0 0.0 2.0 64.99000000000001 2.192684381819818 693.8064548939703
2.0491999999999995 5.0 2.0 4.0 3.0 0.0 0.0 3.0 75.6 2.057859349143011 803.2923691878725
2.0995999999999997 5.0 2.0 4.0 2.0 2.0 2.0 4.0 88.56 1.9313508531995827 935.2887020008035
1.9701999999999995 5.0 2.0 4.0 2.0 2.0 2.0 4.0 74.57 1.9043817554195492 935.2887020008036
2.0996 5.0 2.0 3.0 2.0 2.0 2.0 4.0 88.56 1.9354234143848308 962.1731203719594
2.3629 5.0 2.0 3.0 2.0 2.0 2.0 4.0 88.56 2.032954972398826 969.9900145945018
1.4307999999999998 6.0 3.0 3.0 2.0 2.0 2.0 4.0 114.58 2.0994478348270467 1015.7057903774885
2.1093 5.0 2.0 4.0 2.0 2.0 2.0 4.0 74.57 1.9778415896787402 984.0307550546438
2.2386999999999997 5.0 2.0 4.0 2.0 2.0 2.0 4.0 88.56 2.0051361564552037 984.0307550546438
2.2387 5.0 2.0 3.0 2.0 2.0 2.0 4.0 88.56 2.0090274725263333 1011.1340086527827
1.7095000000000002 5.0 2.0 3.0 2.0 2.0 2.0 4.0 88.56 1.9592510011993558 919.4172128273324
1.8486 5.0 2.0 3.0 2.0 2.0 2.0 4.0 88.56 2.032954972398826 967.9900145945018
3.0309000000000017 5.0 2.0 4.0 0.0 3.0 4.0 4.0 83.83000000000001 1.5318377157661975 680.4801677886628
0.9077999999999997 7.0 3.0 3.0 3.0 1.0 1.0 4.0 100.88000000000001 1.9009783691703859 813.1097517933624
0.26869999999999955 8.0 4.0 3.0 3.0 1.0 1.0 4.0 121.11000000000001 1.8870760358457377 859.2853904294357
0.8799999999999999 6.0 4.0 9.0 0.0 1.0 1.0 1.0 90.15 2.2539949158914965 253.71876200324016
0.41217000000000015 5.0 3.0 5.0 0.0 1.0 2.0 2.0 104.92999999999999 2.255959143309589 558.2912039223412
4.301040000000002 3.0 1.0 2.0 2.0 0.0 0.0 2.0 50.739999999999995 2.2627258972121216 559.1438223871523
4.168000000000003 3.0 0.0 3.0 2.0 0.0 0.0 2.0 27.96 2.1154755667127603 486.6355887837592
0.7569999999999999 2.0 2.0 0.0 1.0 0.0 1.0 2.0 58.2 2.478639170149799 400.86340121826544
1.0219000000000003 2.0 2.0 0.0 1.0 0.0 1.0 2.0 58.2 2.5193981647099455 417.2730231883477
4.012200000000001 4.0 2.0 2.0 4.0 0.0 0.0 4.0 66.49000000000001 1.8712395592286566 947.0215539642678
0.9609999999999999 3.0 2.0 4.0 0.0 1.0 1.0 1.0 75.27000000000001 3.0954993471249166 329.13883789784944
4.617200000000001 3.0 2.0 2.0 4.0 0.0 0.0 4.0 53.6 1.8712395592286566 945.2345533728324
0.7445999999999997 4.0 2.0 8.0 0.0 0.0 0.0 0.0 99.08000000000001 3.831950489575949 196.76075065686052
3.153800000000002 2.0 0.0 1.0 2.0 0.0 1.0 3.0 32.67 2.2299634444150054 694.8779897536325
3.4147000000000016 5.0 1.0 4.0 2.0 0.0 0.0 2.0 82.33 2.1372366639471676 736.0386295860372
3.037700000000002 4.0 1.0 2.0 2.0 0.0 1.0 3.0 84.6 2.233599180243165 817.4300132341531
2.1838 2.0 2.0 9.0 0.0 0.0 0.0 0.0 66.4 3.770700205691751 210.3094124678053
4.627600000000003 4.0 1.0 2.0 4.0 0.0 0.0 4.0 42.74 1.880655230057104 990.4623751567658
4.022600000000002 5.0 1.0 2.0 4.0 0.0 0.0 4.0 55.63 1.880655230057104 992.3396029835847
4.175200000000002 5.0 2.0 4.0 4.0 0.0 0.0 4.0 80.03999999999999 1.8213717217384535 1106.832693284657
1.6002000000000003 2.0 1.0 3.0 1.0 0.0 0.0 1.0 55.56 2.889659392557917 308.402966410215
0.7239999999999995 3.0 1.0 2.0 2.0 0.0 0.0 2.0 54.86 2.3968505007529406 601.3718945525195
6.454800000000004 3.0 0.0 6.0 3.0 0.0 0.0 3.0 27.05 1.840787168299246 852.287332800423
-0.9068999999999996 5.0 1.0 1.0 0.0 2.0 2.0 2.0 57.150000000000006 1.9866905078306745 141.9772741801619
0.3544999999999999 4.0 2.0 7.0 0.0 0.0 0.0 0.0 99.08000000000001 3.788391522896674 183.86342465256496
0.3544999999999999 4.0 2.0 7.0 0.0 0.0 0.0 0.0 99.08000000000001 3.3132074444183646 183.86342465256496
0.7445999999999997 4.0 2.0 8.0 0.0 0.0 0.0 0.0 99.08000000000001 3.267223976287449 196.76075065686052
0.7142 6.0 0.0 4.0 0.0 1.0 1.0 1.0 104.74000000000001 2.3505710202635663 210.3616189347681
1.3194799999999998 3.0 0.0 2.0 1.0 1.0 1.0 2.0 55.519999999999996 2.113165442141155 461.74528893221196
0.497 4.0 2.0 4.0 0.0 1.0 1.0 1.0 99.08000000000001 2.4932955813352256 208.3616189347681
0.9772799999999997 3.0 1.0 2.0 1.0 1.0 1.0 2.0 64.31 2.072066933449349 433.5177654446862
1.1042999999999998 6.0 0.0 4.0 0.0 1.0 1.0 1.0 104.74000000000001 2.5755286041126246 221.63490896413384
2.9400000000000004 5.0 1.0 6.0 3.0 0.0 0.0 3.0 57.7 1.787488493608349 735.0910872727012
0.5815999999999999 8.0 1.0 3.0 2.0 1.0 1.0 3.0 105.15000000000002 1.6806816057751068 601.3965065332534
2.5577000000000005 4.0 0.0 3.0 2.0 0.0 1.0 3.0 60.44 2.0911663860087306 847.2917680589488
-0.6254999999999993 4.0 2.0 3.0 1.0 0.0 0.0 1.0 81.14 2.636975221308557 281.9337850187939
0.1761999999999998 5.0 2.0 1.0 0.0 2.0 2.0 2.0 68.15 2.0189434044406687 245.27038098753349
1.0679999999999998 4.0 2.0 2.0 0.0 1.0 1.0 1.0 74.6 2.3927770801931003 175.72476622436804
1.4386999999999999 3.0 1.0 3.0 1.0 1.0 1.0 2.0 51.22 1.980747249422847 330.48016436379584
1.8907000000000003 5.0 3.0 5.0 2.0 0.0 0.0 2.0 122.63000000000001 2.4066257491277265 771.1955159056122
2.078 5.0 2.0 10.0 1.0 1.0 1.0 2.0 78.87 1.9165260643280826 578.4337302268439
1.6046 5.0 2.0 9.0 1.0 1.0 1.0 2.0 95.94000000000001 2.0070366246242646 649.0319728454913
0.19879999999999998 6.0 4.0 5.0 2.0 1.0 1.0 3.0 99.38000000000001 1.6292774371936856 668.1115018163762
1.1313 2.0 2.0 2.0 1.0 1.0 1.0 2.0 58.2 2.4690156515518256 402.30876542596644
-0.49560000000000015 5.0 3.0 2.0 1.0 1.0 1.0 2.0 79.15 2.0046292366030167 328.40662387322675
1.6931 5.0 1.0 4.0 1.0 1.0 1.0 2.0 82.06 1.9770847845838513 522.1503429116071
1.0914 2.0 3.0 4.0 0.0 2.0 2.0 2.0 78.43 1.8374793315356663 292.9542624102254
1.1223 2.0 3.0 3.0 2.0 0.0 0.0 2.0 79.11 2.3234873713898962 490.0485079143074
0.1899999999999999 5.0 2.0 3.0 1.0 0.0 0.0 1.0 123.76 2.6374009499939137 382.93815266453123
1.1849999999999998 3.0 2.0 4.0 0.0 1.0 1.0 1.0 75.27000000000001 3.0460336908423664 305.19136469282626
-1.7735 6.0 5.0 5.0 1.0 0.0 1.0 2.0 130.33 2.3249579754772354 593.0847630016159
-2.161999999999998 6.0 5.0 5.0 1.0 0.0 1.0 2.0 130.33 2.2648920574078013 564.0189732905594
-0.9662800000000002 6.0 5.0 5.0 1.0 0.0 0.0 1.0 131.36 2.929361366403812 397.3587186607418
-1.1347000000000005 6.0 4.0 3.0 1.0 1.0 1.0 2.0 99.38000000000001 2.076535233402352 368.09020171019625
2.4002999999999997 5.0 1.0 6.0 2.0 1.0 1.0 3.0 50.800000000000004 1.5790147216785053 725.9530883269229
2.7425000000000015 5.0 0.0 6.0 2.0 1.0 1.0 3.0 42.010000000000005 1.5479663442294191 754.0046422141215
3.6075000000000026 5.0 0.0 8.0 2.0 1.0 1.0 3.0 48.0 1.4549393527010819 755.0612298713637
3.522700000000002 5.0 0.0 8.0 2.0 1.0 1.0 3.0 42.010000000000005 1.4296613253840909 784.5111395185636
1.2432999999999998 2.0 1.0 0.0 1.0 1.0 2.0 3.0 49.410000000000004 2.112894157822699 469.84149412625413
1.8966999999999998 2.0 1.0 0.0 1.0 1.0 2.0 3.0 49.410000000000004 2.1226091123728192 515.2271346395117
0.2140999999999998 3.0 2.0 0.0 1.0 1.0 2.0 3.0 69.64 2.0793437807611483 500.2790378430076
1.4703 4.0 1.0 0.0 0.0 2.0 3.0 3.0 63.6 2.051923341430971 478.5372462613826
1.2996999999999999 2.0 3.0 4.0 2.0 0.0 0.0 2.0 82.19 2.255584922915833 588.6888111996076
4.148300000000003 4.0 0.0 3.0 2.0 1.0 3.0 5.0 34.47 1.8488750308563915 925.6103409286904
3.8408000000000024 4.0 0.0 4.0 3.0 1.0 1.0 4.0 38.5 1.4759376640942596 774.9132393899407
-1.2899999999999994 5.0 3.0 1.0 0.0 1.0 2.0 2.0 108.01999999999998 2.311515634623904 477.94268229030087
1.9451 3.0 1.0 3.0 1.0 0.0 0.0 1.0 65.26 2.7843380621672695 343.57962882289627
0.2384999999999997 3.0 4.0 5.0 2.0 0.0 0.0 2.0 108.21 2.038857648809445 605.9541784768663
-0.5566000000000006 6.0 2.0 2.0 1.0 1.0 1.0 2.0 90.37 2.232655521064887 436.2525413977774
4.159200000000001 4.0 2.0 3.0 2.0 0.0 0.0 2.0 82.25 2.2156126534382174 638.8366309730286
-1.2265000000000001 8.0 4.0 4.0 1.0 1.0 1.0 2.0 142.52 2.1410665860385083 507.7857229222692
2.0631999999999993 4.0 2.0 3.0 2.0 3.0 3.0 5.0 73.66 1.6487462652685227 742.6290470112475
1.5125999999999997 6.0 2.0 4.0 1.0 0.0 1.0 2.0 121.9 2.2651578120440474 718.2718465162063
3.922100000000003 6.0 1.0 4.0 3.0 0.0 1.0 4.0 65.5 1.7191211123779933 919.2069206251987
1.897 5.0 0.0 1.0 0.0 2.0 3.0 3.0 69.67000000000002 2.1014500359743433 565.3966058118002
3.7642000000000024 6.0 1.0 4.0 3.0 0.0 1.0 4.0 65.5 1.7191211123779933 919.2069206251987
-0.9048999999999994 4.0 2.0 4.0 0.0 2.0 2.0 2.0 115.22000000000001 2.137769473304412 408.46636432477374
0.6311999999999995 4.0 2.0 5.0 1.0 1.0 1.0 2.0 95.94 2.0947428106622827 569.2320284458701
0.3520999999999997 5.0 3.0 6.0 1.0 1.0 1.0 2.0 104.73 2.120398542231197 677.609756012022
1.6111999999999997 4.0 4.0 6.0 1.0 1.0 1.0 2.0 82.62 1.934686043105821 553.2715658075608
2.8103000000000016 6.0 0.0 3.0 1.0 0.0 2.0 3.0 71.06 2.197752117492907 768.8345393102227
1.6532000000000002 3.0 4.0 7.0 2.0 0.0 0.0 2.0 108.21 2.1001735355239455 693.2033499846956
2.0718 5.0 2.0 4.0 2.0 3.0 3.0 5.0 82.89 1.6676831567562866 809.1107161362821
1.8227999999999995 6.0 2.0 2.0 1.0 1.0 2.0 3.0 85.22000000000001 2.1692920828986697 646.4608126355921
3.6043000000000034 4.0 2.0 1.0 0.0 4.0 5.0 5.0 66.76 1.4673853730068038 685.8658330039004
3.8076000000000025 3.0 1.0 2.0 2.0 0.0 0.0 2.0 44.95 2.1529892819390986 448.8081523848772
3.513200000000002 4.0 2.0 2.0 2.0 0.0 0.0 2.0 65.18 2.2421519865382917 509.682139382656
0.8209 3.0 1.0 0.0 1.0 3.0 5.0 6.0 60.85 1.6774319977361416 833.6557352659484
3.5058000000000016 4.0 2.0 3.0 2.0 0.0 0.0 2.0 82.25 2.1329911792252636 574.1902812878075
3.5058000000000016 4.0 2.0 3.0 2.0 0.0 0.0 2.0 82.25 2.27610010539682 594.4402812878076
1.3552999999999997 7.0 3.0 4.0 4.0 0.0 0.0 4.0 104.28999999999999 2.027989154966842 1032.5484661690214
0.6970999999999998 5.0 2.0 5.0 1.0 2.0 2.0 3.0 95.94000000000001 1.585949621534698 678.305160116001
1.0870999999999997 3.0 2.0 3.0 1.0 1.0 1.0 2.0 58.56 2.015914829706804 404.75994791184064
1.4771999999999998 3.0 2.0 4.0 1.0 1.0 1.0 2.0 58.56 1.9636981816757535 418.65868024071233
-1.1063999999999996 4.0 4.0 2.0 1.0 0.0 0.0 1.0 110.24 2.8864821283777804 311.8638413380406
2.5638000000000005 2.0 2.0 4.0 2.0 0.0 0.0 2.0 55.120000000000005 2.0159480830569962 524.9599012168449
0.31240000000000007 3.0 2.0 2.0 1.0 1.0 1.0 2.0 68.96000000000001 2.267759756475562 459.16064054523764
0.42150000000000004 3.0 2.0 2.0 1.0 1.0 1.0 2.0 68.96000000000001 2.267759756475562 459.16064054523764
4.435000000000003 2.0 1.0 6.0 2.0 0.0 0.0 2.0 21.259999999999998 2.130456050091155 566.707963548519
-2.4622999999999995 5.0 5.0 5.0 0.0 0.0 0.0 0.0 118.22000000000001 4.234951192190052 158.11730005192325
4.7366 0.0 0.0 0.0 1.0 0.0 0.0 1.0 0.0 3.2824629074535228 205.9198833722299
2.6495999999999995 0.0 0.0 1.0 0.0 0.0 0.0 0.0 0.0 4.020391543176799 67.01955000865388
2.7441000000000013 1.0 0.0 0.0 0.0 3.0 3.0 3.0 9.23 2.2239918531978673 160.9567031494677
1.5824 0.0 0.0 1.0 0.0 0.0 0.0 0.0 0.0 2.2968352619191386 14.0
3.9230000000000036 0.0 0.0 7.0 0.0 0.0 0.0 0.0 0.0 2.703789901245323 64.43856189774723
3.4444000000000017 0.0 0.0 0.0 2.0 0.0 0.0 2.0 0.0 2.9131611636048604 374.03449039867854
0.3887 1.0 1.0 1.0 0.0 0.0 0.0 0.0 20.23 1.9747448713915894 5.245112497836532
9.887599999999999 0.0 0.0 1.0 2.0 0.0 0.0 2.0 0.0 3.0269140714779517 669.959813936206
6.620600000000001 0.0 0.0 1.0 2.0 0.0 0.0 2.0 0.0 2.6858707823851615 577.3489383657761
6.620600000000001 0.0 0.0 1.0 2.0 0.0 0.0 2.0 0.0 2.7215230752246455 577.348938365776
2.6885000000000012 0.0 0.0 0.0 0.0 0.0 0.0 0.0 0.0 3.541196965079901 45.548875021634686
4.0058 1.0 1.0 0.0 1.0 0.0 0.0 1.0 20.23 3.4555464838177836 270.8740242221354
4.005799999999999 1.0 1.0 0.0 1.0 0.0 0.0 1.0 20.23 3.4555464838177836 270.8740242221354
5.313800000000001 0.0 0.0 1.0 2.0 0.0 0.0 2.0 0.0 2.54151459652031 474.7259470533523
3.3524000000000003 1.0 1.0 0.0 1.0 0.0 0.0 1.0 20.23 3.3421538077705124 232.41499587006638
4.0058 1.0 1.0 0.0 1.0 0.0 0.0 1.0 20.23 3.4555464838177836 270.8740242221354
3.3523999999999994 1.0 1.0 0.0 1.0 0.0 0.0 1.0 20.23 3.3105328747224068 236.16499587006643
5.313800000000001 0.0 0.0 1.0 2.0 0.0 0.0 2.0 0.0 2.530594789348171 474.7259470533523
2.699 1.0 1.0 0.0 1.0 0.0 0.0 1.0 20.23 3.2478347337367035 202.0478870500104
2.7575200000000013 0.0 0.0 0.0 1.0 0.0 0.0 1.0 0.0 3.134861511345448 160.49662946459569
2.3218000000000005 1.0 0.0 4.0 0.0 0.0 0.0 0.0 17.07 3.608178415345876 103.13526283059372
1.6215 1.0 0.0 3.0 0.0 0.0 0.0 0.0 17.07 3.1646093088392386 46.14170945007629
3.2227000000000023 0.0 0.0 4.0 0.0 0.0 0.0 0.0 0.0 2.7158427612932585 37.30296890880646
0.38710000000000006 1.0 1.0 0.0 0.0 0.0 0.0 0.0 20.23 2.3237900077244498 8.0
2.0090399999999997 1.0 1.0 0.0 1.0 0.0 0.0 1.0 20.23 3.171678030440915 215.80766205433727
3.9531000000000027 4.0 1.0 9.0 2.0 1.0 1.0 3.0 75.71 1.7817095292670202 812.1962606250393
3.5630000000000024 4.0 1.0 8.0 2.0 1.0 1.0 3.0 75.71 1.8442870845208479 796.6299620703876
1.0231999999999999 1.0 1.0 1.0 0.0 0.0 0.0 0.0 20.23 2.9934972434784735 24.919684538543997
1.4149 1.0 1.0 3.0 0.0 0.0 0.0 0.0 20.23 2.8318199660707846 35.161259458730164
5.553220000000004 0.0 0.0 0.0 4.0 0.0 1.0 5.0 0.0 2.0551649110000074 1038.130433495046
0.4047999999999994 3.0 2.0 2.0 0.0 1.0 1.0 1.0 75.27000000000001 3.1057980173184867 276.43219213017323
2.935900000000001 1.0 0.0 6.0 0.0 0.0 0.0 0.0 17.07 3.0863484262353005 76.72905595320057
0.52988 1.0 0.0 0.0 0.0 0.0 0.0 0.0 23.79 2.475534205527556 24.264662506490403
1.9493400000000003 5.0 1.0 3.0 2.0 0.0 0.0 2.0 89.43 2.4378082099884137 664.0009465875022
1.8457 5.0 2.0 3.0 0.0 3.0 4.0 4.0 91.67000000000002 1.7357255991595135 681.8889217536757
-3.1080199999999985 12.0 7.0 7.0 1.0 2.0 2.0 3.0 202.31999999999996 1.6549374848621088 759.6629378441625
2.0642199999999997 4.0 0.0 2.0 1.0 1.0 2.0 3.0 56.220000000000006 2.1749452813953205 680.7234211788236
5.505100000000005 3.0 1.0 2.0 2.0 1.0 2.0 4.0 54.37 1.5571493631961495 903.2395331906187
1.0536999999999999 5.0 1.0 5.0 0.0 0.0 0.0 0.0 73.86 4.44286476234683 267.25371961519227
2.5580000000000007 2.0 1.0 1.0 2.0 0.0 0.0 2.0 38.33 2.464953756163773 488.45103080120373
1.1715999999999998 8.0 1.0 8.0 2.0 0.0 0.0 2.0 127.79 2.416345735912541 953.0733676344607
0.74878 1.0 0.0 0.0 0.0 0.0 0.0 0.0 23.79 2.4330963097956344 35.79319390447952
4.180900000000003 3.0 1.0 4.0 2.0 0.0 0.0 2.0 46.53 2.5768752637611745 667.8591973394052
1.9352 0.0 0.0 0.0 0.0 0.0 0.0 0.0 0.0 2.549193338482967 19.219280948873624
2.832600000000001 0.0 0.0 0.0 0.0 1.0 1.0 1.0 0.0 2.2794002709583667 56.43856189774725
2.560600000000001 6.0 1.0 3.0 0.0 3.0 4.0 4.0 97.74000000000001 1.6645960183635236 827.2246952751074
4.263000000000003 4.0 1.0 4.0 3.0 0.0 0.0 3.0 67.50999999999999 2.2421768608919077 957.2578858098649
4.4311200000000035 6.0 0.0 6.0 2.0 0.0 0.0 2.0 57.9 2.448076436182876 778.6322379127124
1.7015 1.0 1.0 0.0 0.0 1.0 1.0 1.0 20.23 2.1659635854873978 53.407165571558394
2.5067000000000004 0.0 0.0 0.0 0.0 0.0 1.0 1.0 0.0 2.202927766407529 54.43856189774725
2.0915999999999997 1.0 1.0 0.0 0.0 1.0 1.0 1.0 20.23 2.124788507254725 62.96788691072807
-0.08720000000000011 3.0 2.0 0.0 0.0 2.0 2.0 2.0 75.27 2.3079791597469486 269.7642645701818
6.317080000000003 4.0 0.0 6.0 2.0 1.0 1.0 3.0 59.32000000000001 1.769045077982632 981.2970518178006
6.543980000000005 4.0 0.0 6.0 2.0 1.0 1.0 3.0 59.32000000000001 1.7229707400890295 1028.3524836641898
1.6838000000000002 4.0 2.0 2.0 2.0 0.0 0.0 2.0 86.18 2.4961289671937283 565.0601341830188
6.490180000000005 4.0 0.0 6.0 2.0 1.0 1.0 3.0 59.32000000000001 1.7214814947399866 930.2980937199308
4.604600000000004 2.0 2.0 3.0 2.0 0.0 0.0 2.0 40.46 2.438615446571036 572.6233694045893
2.4076000000000004 2.0 0.0 3.0 0.0 0.0 0.0 0.0 0.0 2.3390923149762908 17.509775004326936
5.160800000000005 4.0 0.0 12.0 1.0 0.0 0.0 1.0 52.60000000000001 2.5016837685957376 451.16714517212966
2.5364000000000004 1.0 0.0 2.0 0.0 0.0 0.0 0.0 0.0 2.9532231745612925 33.44467835888275
2.3950000000000005 5.0 0.0 8.0 0.0 0.0 0.0 0.0 65.07000000000001 4.441294810976577 335.1597404803091
2.539600000000001 1.0 0.0 4.0 0.0 0.0 0.0 0.0 0.0 2.447472887876344 23.360990398949916
5.508800000000006 3.0 1.0 0.0 0.0 5.0 6.0 6.0 38.69 1.330127588527747 746.3902102956506
3.9242000000000035 5.0 0.0 6.0 1.0 0.0 0.0 1.0 89.51999999999998 3.7407578946726843 623.3502087975944
2.1298000000000004 2.0 0.0 5.0 0.0 0.0 0.0 0.0 26.3 3.0523751890457076 89.25838096618138
0.8022 0.0 0.0 0.0 0.0 0.0 0.0 0.0 0.0 2.0 0.0
0.7357999999999993 7.0 1.0 5.0 3.0 0.0 0.0 3.0 81.64999999999999 2.0062012637427222 707.748307396491
-0.5088000000000001 3.0 2.0 0.0 1.0 0.0 0.0 1.0 71.77 3.3360928870055955 268.7604122853712
1.8436999999999997 5.0 3.0 2.0 0.0 3.0 4.0 4.0 94.83 1.8702143281922918 839.0592591842883
-3.2197999999999998 6.0 5.0 2.0 0.0 1.0 1.0 1.0 110.38000000000001 2.724112234103965 162.11730005192322
1.5528 5.0 2.0 1.0 0.0 1.0 3.0 3.0 75.99000000000001 1.9531480488044934 540.0395780954755
-0.35129999999999945 5.0 3.0 1.0 1.0 0.0 1.0 2.0 118.35999999999999 2.790493724042408 683.3155123780438
1.7815999999999996 5.0 3.0 2.0 0.0 3.0 4.0 4.0 94.83 1.7350832012021693 683.8889217536757
2.2912 0.0 0.0 0.0 1.0 0.0 0.0 1.0 0.0 3.0214653097240864 134.10736969541455
2.8648200000000017 5.0 0.0 2.0 3.0 0.0 0.0 3.0 61.81 2.6822776237565717 825.070503587223
3.644400000000001 0.0 0.0 0.0 0.0 1.0 1.0 1.0 0.0 2.7602520756252087 103.58797503894242
0.8497999999999999 4.0 0.0 2.0 0.0 1.0 2.0 2.0 44.760000000000005 2.3737874336659255 316.08368795993283
0.1792999999999999 2.0 0.0 0.0 0.0 0.0 0.0 0.0 26.3 2.847378923087672 40.1577218810798
1.3496000000000001 2.0 0.0 3.0 0.0 0.0 0.0 0.0 26.3 2.988598647973156 68.92878689342031
1.7397 2.0 0.0 4.0 0.0 0.0 0.0 0.0 26.3 2.9730624080867365 78.98533616859814
2.910000000000001 2.0 0.0 7.0 0.0 0.0 0.0 0.0 26.3 2.9517571314463957 110.40620687739316
2.5199000000000007 2.0 0.0 6.0 0.0 0.0 0.0 0.0 26.3 2.9549874302986416 99.73585546369786
1.3496000000000001 2.0 0.0 3.0 0.0 0.0 0.0 0.0 26.3 3.0551722039096187 60.92878689342031
1.1788 3.0 1.0 1.0 1.0 0.0 0.0 1.0 46.53 2.8953480359887567 250.54461008172765
1.4048 2.0 1.0 1.0 1.0 0.0 0.0 1.0 38.33 2.5793022920073194 233.10719092921434
2.4421 2.0 1.0 2.0 1.0 0.0 0.0 1.0 41.57 2.798213756358398 366.44006291232483
2.6512200000000004 4.0 1.0 1.0 2.0 1.0 2.0 4.0 58.120000000000005 2.0018389097081015 708.7697433173413
2.1756 7.0 1.0 4.0 1.0 0.0 1.0 2.0 107.77 2.803490087611988 771.1110283918143
0.2829999999999999 2.0 0.0 1.0 0.0 0.0 0.0 0.0 43.14 2.847378923087672 42.91260938324327
0.07349999999999995 6.0 1.0 3.0 1.0 1.0 1.0 2.0 118.04999999999998 2.0702875864987447 519.7401440929855
4.289400000000002 5.0 2.0 5.0 4.0 2.0 3.0 7.0 92.18 1.5262365013211197 1552.1418141649647
2.607400000000001 3.0 2.0 0.0 0.0 3.0 4.0 4.0 57.53 1.7024099249747309 629.2882690727863
0.10709999999999997 5.0 1.0 1.0 0.0 0.0 0.0 0.0 70.99999999999999 4.399365653142079 252.56457479341313
2.4478999999999997 3.0 2.0 1.0 2.0 0.0 1.0 3.0 61.690000000000005 2.231586455482015 698.2746308195046
2.944600000000001 0.0 0.0 0.0 1.0 0.0 0.0 1.0 0.0 3.0324555320336755 147.38833891467198
5.316700000000004 1.0 1.0 4.0 2.0 1.0 1.0 3.0 32.34 1.742786972081346 636.1790056264637
3.2283800000000014 6.0 0.0 7.0 1.0 0.0 0.0 1.0 63.839999999999996 2.8809507542904287 503.4558226694405
0.0011999999999999234 2.0 1.0 0.0 0.0 1.0 2.0 2.0 46.17 2.365680204607201 249.81664552240946
6.299400000000004 0.0 0.0 0.0 5.0 0.0 0.0 5.0 0.0 2.0413785020816704 1071.5478172121288
1.5575999999999999 5.0 3.0 2.0 0.0 3.0 4.0 4.0 94.83 1.7472814479871792 723.9130815015496
2.3388 5.0 1.0 7.0 0.0 0.0 0.0 0.0 56.790000000000006 4.503497672294196 330.2675873523821
1.1923000000000001 0.0 0.0 0.0 0.0 0.0 0.0 0.0 0.0 2.1874960973678963 7.5097750043269365
-0.4245000000000001 3.0 1.0 1.0 1.0 0.0 0.0 1.0 68.87 2.981454614041131 208.70290908206394
2.8260000000000005 3.0 1.0 3.0 1.0 0.0 1.0 2.0 63.24 2.3472920923969456 637.5034812482794
1.4951999999999999 3.0 2.0 2.0 0.0 2.0 3.0 3.0 75.27000000000001 2.028581708627825 474.91954501412886
2.2245999999999997 4.0 0.0 1.0 2.0 0.0 1.0 3.0 49.330000000000005 2.314459898588003 640.8480202986965
1.8356 3.0 1.0 3.0 1.0 0.0 0.0 1.0 52.32 2.611171250638134 279.48114931490306
2.4639000000000006 3.0 0.0 0.0 2.0 0.0 1.0 3.0 42.43 2.2391656290175708 595.4782632095029
2.9595200000000013 3.0 1.0 0.0 2.0 0.0 1.0 3.0 55.56 2.2237849453025835 679.8409463497773
2.878000000000001 4.0 0.0 1.0 2.0 0.0 1.0 3.0 49.330000000000005 2.32340388869338 688.6241630195814
3.5275200000000018 4.0 1.0 1.0 2.0 0.0 1.0 3.0 58.120000000000005 2.331666499118501 788.776836165183
2.817140000000001 4.0 1.0 1.0 2.0 0.0 1.0 3.0 58.120000000000005 2.308414567885147 696.268023368677
2.759900000000001 4.0 0.0 1.0 2.0 0.0 1.0 3.0 32.260000000000005 2.314459898588003 640.8480202986965
3.3649000000000022 3.0 0.0 1.0 2.0 0.0 1.0 3.0 19.37 2.314459898588003 638.7927427712117
3.4346000000000023 2.0 0.0 1.0 2.0 0.0 1.0 3.0 23.55 2.314459898588003 636.150989207503
2.614700000000001 4.0 0.0 2.0 2.0 0.0 1.0 3.0 49.330000000000005 2.3095431990005384 655.8267025213812
3.1797200000000014 4.0 1.0 2.0 2.0 0.0 1.0 3.0 48.47 2.27970406420164 739.4339512236613
3.122320000000001 4.0 1.0 2.0 2.0 0.0 1.0 3.0 54.46 2.2842209953458767 712.6634312277487
3.458700000000001 3.0 1.0 1.0 2.0 0.0 1.0 3.0 45.230000000000004 2.2683240416965513 656.8893784000563
2.35452 4.0 1.0 0.0 2.0 0.0 1.0 3.0 68.45 2.229298097196286 682.3864488729351
2.829600000000001 3.0 0.0 1.0 2.0 0.0 1.0 3.0 36.44 2.314459898588003 638.7927427712117
1.6287999999999996 6.0 2.0 4.0 2.0 0.0 1.0 3.0 81.59000000000002 2.1225544218446344 734.1605762946306
3.2071000000000023 1.0 0.0 2.0 2.0 0.0 1.0 3.0 20.310000000000002 2.1831182136321763 623.6509276194483
3.4590000000000023 2.0 0.0 1.0 2.0 0.0 1.0 3.0 29.54 2.2312406774283073 606.9475261916774
0.7254999999999998 6.0 0.0 3.0 1.0 0.0 0.0 1.0 45.150000000000006 3.1333660683554387 286.349990391818
-1.068879999999999 6.0 4.0 8.0 1.0 0.0 0.0 1.0 132.11999999999998 2.735905620665637 710.2969217059044
3.8884000000000034 4.0 0.0 9.0 1.0 0.0 0.0 1.0 38.77 3.038835686486066 441.66140284393384
-5.395599999999993 11.0 8.0 5.0 0.0 2.0 2.0 2.0 189.52999999999997 2.1772696581273263 393.2032272794937
-0.08379999999999999 3.0 2.0 1.0 1.0 0.0 0.0 1.0 86.18 3.2015159310664942 341.3499619957353
0.7614000000000001 1.0 0.0 1.0 0.0 0.0 0.0 0.0 17.07 2.9244181981729174 45.60964047443681
3.879200000000003 2.0 1.0 0.0 0.0 3.0 4.0 4.0 37.3 1.6883496404253646 507.69574308017087
4.450000000000004 3.0 0.0 1.0 0.0 3.0 4.0 4.0 43.370000000000005 1.621332560507921 606.2051148204893
5.551820000000002 2.0 0.0 4.0 1.0 1.0 1.0 2.0 26.3 2.161739210762795 785.4755517428026
3.2752000000000017 0.0 0.0 1.0 1.0 0.0 0.0 1.0 0.0 2.657660984532226 203.22996149735152
0.8334000000000001 7.0 3.0 1.0 3.0 0.0 0.0 3.0 129.62 2.3078316699480332 754.8677985188037
1.88018 1.0 0.0 0.0 0.0 0.0 0.0 0.0 23.79 3.552734354515761 75.77443751081735
6.256760000000005 4.0 0.0 6.0 3.0 0.0 0.0 3.0 44.760000000000005 1.923972362830702 934.7509318870073
2.431 4.0 2.0 6.0 0.0 0.0 1.0 1.0 64.68 2.8999036751471916 407.31355316158204
3.4213000000000022 3.0 0.0 2.0 1.0 1.0 1.0 2.0 46.61 2.4823479789713647 538.0035466066531
4.167300000000004 2.0 0.0 0.0 0.0 4.0 4.0 4.0 34.14 1.6614698377565698 495.79482179259645
3.8175000000000026 7.0 1.0 6.0 0.0 3.0 4.0 4.0 106.97000000000001 1.801524168042904 1048.4984065372723
7.388700000000009 1.0 1.0 5.0 0.0 3.0 4.0 4.0 20.23 1.4894525128431004 591.069705945873
10.0129 1.0 0.0 2.0 2.0 0.0 0.0 2.0 9.23 2.712767402893689 690.9545330792267
4.878600000000002 0.0 0.0 1.0 2.0 0.0 0.0 2.0 0.0 2.396509039726096 371.5796467381504
2.0143 0.0 0.0 0.0 0.0 0.0 0.0 0.0 0.0 3.0237157840738176 23.11941547876375
2.6104000000000003 1.0 0.0 4.0 0.0 0.0 0.0 0.0 9.23 2.914658625512464 57.58797503894243
3.251000000000002 0.0 0.0 3.0 0.0 0.0 0.0 0.0 0.0 3.877813057578704 168.47733175670794
1.464 0.0 0.0 1.0 0.0 0.0 0.0 0.0 0.0 1.9747448713915894 6.0
7.9274000000000004 0.0 0.0 1.0 2.0 0.0 0.0 2.0 0.0 2.826969437955591 637.6079666719706
8.0527 1.0 0.0 2.0 2.0 0.0 0.0 2.0 9.23 2.48494624786845 684.2365474566768
5.606999999999999 0.0 0.0 0.0 1.0 0.0 0.0 1.0 0.0 3.6035674514745475 226.30309024251744
7.274000000000001 0.0 0.0 1.0 2.0 0.0 0.0 2.0 0.0 2.7671500561476026 564.9500798683472
7.274 0.0 0.0 1.0 2.0 0.0 0.0 2.0 0.0 2.7165459731419475 620.4500798683472
7.5064 1.0 0.0 0.0 3.0 0.0 0.0 3.0 13.14 2.6263703863675003 835.6989004553219
3.694300000000003 3.0 1.0 1.0 0.0 3.0 4.0 4.0 54.370000000000005 1.6984815104454178 620.5733968704452
0.855 0.0 0.0 0.0 0.0 0.0 0.0 0.0 0.0 1.0 2.0
4.269300000000005 2.0 1.0 0.0 0.0 3.0 4.0 4.0 37.3 1.6968001719233181 545.9104984355639
1.0615999999999999 2.0 0.0 2.0 0.0 0.0 0.0 0.0 43.14 3.3434170589539596 72.09004635215048
1.90322 2.0 0.0 1.0 1.0 0.0 0.0 1.0 43.14 3.069899265759275 257.53794892648057
