-524211
-1.28055e+06
-509058
-4.92341e+06
-1.9319e+06
-525630
-392766
-1.91116e+06
-1.13245e+06
-1.46555e+06
-598512
-757209
-4.52442e+06
-795996
-958638
-379376
-881470
-1.31381e+06
-632895
-590998
-370938
-443883
-215298
-198581
-667902
-1.24315e+06
-578583
-434589
-786189
-485525
-16585.4
-737894
-2.77938e+06
-360731
-2.15721e+06
-1.84322e+06
-687594
-720609
-5.55005
-448169
-555946
-267114
-9.11309e+06
-1.5854e+06
-4.85164e+06
-2.06034e+06
-1.1186e+06
-541543
-7.96893e+06
-6.06797e+06
-308300
-549486
-1.20125e+06
-604870
-1.75191e+06
-633086
-796563
-693047
-586262
-540717
-369940
-1.44307e+06
-1.11273e+06
-1.4826e+06
-2.22622e+06
-395122
-90226.6
-442271
-597848
-1.82675e+06
-4.61739e+06
-102907
-830839
-1.19499e+06
-4994.51
-891611
-1.79872e+06
-4.74457e+06
-242136
-1.79493e+06
-570589
-647555
-1.7736e+06
-463820
-192191
-197841
-1.07482e+06
-405698
-5.25845e+06
-59266.5
-5.56308e+06
-677835
-90226.6
-823217
-5.74841e+06
-243389
-891572
-787636
-2.73809e+06
-1.02417e+06
-357322
-588319
-180862
-435533
-301524
-1.00671e+06
-5.09325e+06
-1.41706e+06
-775938
-927982
-7.39087e+06
-1.1035e+06
-736550
-982093
-713012
-301875
-1.78185e+06
-1.309e+06
-2.48252e+06
-538751
-4.49496e+06
-1.36666e+06
-1.66028e+06
-963751
-483670
-1.6648e+06
-1.05147e+06
-3.84839e+06
-911546
-2.17327e+06
-2.22836e+06
-4.38875e+06
-67791.5
-683170
-753147
-1.52213e+06
-5.9322e+06
-597009
-29191.2
-5.0808e+06
-659290
-400563
-764317
-3.20221
-9274.14
-1.33056e+06
-1.95003e+06
-696151
-575933
-253804
-754256
-21890.4
-813577
-58271.2
-432922
-499896
-195249
-630020
-899235
-1.34388e+06
-3.22661e+06
-1.73734e+06
-225684
-1.21743e+06
-2.48958e+06
-43143.4
-385715
-1.47859e+06
-656800
-6897.91
-763901
-332655
-510566
-649310
-27750.2
-930674
-617374
-410527
-449290
-1.11425e+07
-759592
-487173
-584278
-1.69571e+06
-913892
-985149
-618092
-714782
-229002
-146630
-259919
-357858
-2.36445e+06
-434576
-1.22618e+06
-785046
-1.27166e+06
-289368
-30500.7
-5.55005
-3.07031e+06
-462781
-786837
-3.52337e+06
-1.16737e+06
-3.44128e+06
-11949.3
-422904
-654753
-881721
-679172
-1.15005e+06
-267016
-6.36092e+06
-572697
-50745.5
-884230
-112723
-1.15915e+06
-571557
-177735
-267075
-808191
-202461
-607573
-520608
-64779.1
-707302
-6894.48
-119613
-527490
-638366
-1.26683e+06
-453532
-756157
-1.15555e+07
-488107
-615240
-18760.6
-729430
-629208
-1.00857e+06
-3.43639e+06
-178338
-2.21225e+06
-987784
-835422
-9274.14
-1.44088e+06
-1.46253e+06
-777091
-1.3075e+06
-1.48943e+06
-366212
-556030
-970084
-1.49156e+06
-1.4242e+06
-787628
-660904
-1.95193e+06
-456003
-303196
-21892.8
-4.32367e+06
-379376
-465865
-1.01648e+06
-1.28111e+06
-718669
-75564.9
-951494
-2.02807e+06
-713196
-404239
-418213
-1.8903e+06
-700802
-308092
-951562
-6.9664e+06
-21892.8
-522849
-37929.5
-214982
-127204
-845862
-201801
-5.9658e+06
-505088
-321406
-229003
-757383
-529961
-576186
-492147
-5.55005
-456367
-820907
-560193
-677835
-2.03736e+06
-155302
-293987
-96894.4
-549058
-1.17621e+06
-284458
-11867.9
-5020.9
-16.3376
-626624
-638453
-698183
-24042.2
-1.06871e+06
-578015
-631237
-2.06539e+06
-906200
-167452
-858056
-860027
-308748
-6.90531e+06
-4.05487e+06
-675010
-926245
-405698
-486154
-1.29706e+06
-530817
-1.33774e+06
-1.10646e+06
-575936
-578687
-431023
-352912
-515339
-719724
-570243
-668250
-234431
-783586
-1.32301e+06
-1.43306e+06
-219267
-352540
-999542
-323716
-3.00063e+06
-1.36864e+06
-821052
-78581.6
-772896
-394586
-3.0062e+06
-3.00829e+06
-737895
-14098.3
-466844
-1.22953e+06
-322300
-89582.2
-916013
-207771
-590505
-425929
-535559
-1.15945e+06
-94672.2
-2.16638e+06
-244616
-153223
-490475
-723843
-594443
-580275
-1.03281e+06
-441606
-304088
-246037
-986955
-738495
-200212
-530986
-1.53713e+06
-4.59099e+06
-416866
-926683
-231745
-732313
-1.6785e+06
-3.20949e+06
-902839
-250609
-3.34464e+06
-665692
-1.57184e+06
-2.50468e+06
-497895
-158170
-26487.5
-767911
-2.16207e+06
-529300
-437596
-668416
-499625
-774666
-902471
-931262
-375296
-1.19005e+06
-400514
-570762
-754256
-524211
-119204
-8774.45
-1.28091e+06
-324993
-182717
-1.00351e+06
-558556
-374200
-766147
-4967.86
-80422.6
-1.5633e+06
-128517
-492147
-1.18478e+06
-461813
-520002
-554330
-840586
-986616
-818885
-494142
-340694
-971006
-848257
-446397
-3.57869e+06
-445745
-1.855e+06
-1.73554e+06
-522569
-1.49834e+06
-304088
-987159
-1.46399e+06
-776387
-375055
-647931
-1.45455e+06
-2.53108e+06
-63339.1
-304088
-543127
-447353
-86262.1
-1.2428e+06
-805573
-1.24425e+07
-852628
-883077
-1.33778e+06
-8.03499e+06
-814939
-1.89641e+06
-362275
-471612
-411945
-967526
-281704
-1.93632e+06
-208610
-790140
-1.017e+06
-259267
-465161
-923771
-405737
-338976
-2.77631e+06
-33467.5
-347671
-519937
-627164
-439561
-726141
-308748
-335395
-486864
-835255
-277344
-729150
-502012
-2.54376e+06
-950715
-5.51947e+06
-1.38847e+06
-206777
-806807
-417438
-626210
-831181
-418126
-1.13529e+06
-1.02254e+06
-308228
-246035
-1.69e+06
-576274
-302419
-1.08362e+06
-705403
-529729
-447395
-2.87033e+06
-2.29691e+06
-223562
-402438
-1.21017e+06
-440066
-139447
-1.5428e+06
-621971
-1.06182e+06
-454004
-1.39622e+06
-572427
-546815
-854035
-9197.39
-1.04129e+06
-96505.1
-43682.5
-498728
-516066
-1.78484e+06
-706302
-1.22372e+06
-195860
-559784
-362022
-1.1237e+06
-547737
-706302
-499492
-1.26574e+06
-880478
-156599
-542366
-468512
-609182
-589934
-935624
-419404
-467007
-402312
-334039
-878240
-791825
-1.39339e+06
-21815.9
-83960.6
-726598
-751301
-21827.3
-241894
-1.14912e+06
-55728.4
-1.45866e+06
-1.54746e+06
-500178
-302872
-769678
-276438
-2.39071e+06
-2.42831e+06
-916176
-1.01845e+06
-600375
-301628
-805570
-1.10513e+06
-1.06373e+06
-911394
-683796
-1.10714e+06
-525608
-771978
-380981
-1.15929e+06
-368316
-284219
-383566
-1.1084e+06
-149795
-1.12584e+06
-139553
-62706.5
-67686.8
-6.92009e+06
-707842
-779024
-67791.5
-1.31912e+06
-1.16156e+06
-99413.7
-67789.1
-1.08527e+06
-596226
-797923
-3.34464e+06
-335395
-308091
-313568
-2.23494e+06
-132235
-978535
-705216
-836381
-999741
-335395
-1.7393e+06
-2.17051e+06
-1.29007e+06
-1.69672e+06
-33467.5
-685288
-2.23349e+06
-865435
-66479.8
-652952
-1.7553e+06
-1.25227e+06
-3.29684e+06
-3.19255e+06
-2.36693e+06
-2.39691e+06
-466886
-120973
-1.52792e+06
-182836
-678020
-1.22004e+06
-1.21877e+06
-972765
-1.53558e+06
-400191
-760337
-1.06236e+06
-356997
-691921
-749408
-759239
-1.0621e+06
-891670
-868032
-137426
-824278
-405139
-380090
-525839
-1.61118e+06
-609847
-201038
-586262
-451621
-243702
-711835
-566931
-1.19529e+06
-724484
-2.89149e+06
-1.9127e+06
-233153
-1.03516e+06
-1.01649e+06
-1.72707e+06
-682698
-541312
-418990
-292328
-328526
-13101.6
-1.16577e+06
-662574
-1.14345e+06
-7.82457e+06
-46999.6
-395289
-169162
-4.45583e+06
-543359
-1.84124e+06
-2.28226e+06
-2.0115e+06
-511066
-669171
-57356.8
-475263
-430999
-3.36444e+06
-820760
-492928
-318276
-447308
-947689
-1.04985e+06
-1.30446e+06
-2.5115e+06
-1.12729e+06
-127488
-554857
-2.41451e+06
-1.70106e+06
-543359
-1.72099e+06
-484317
-781275
-1.35634e+06
-119800
-584011
-619613
-586014
-664332
-671851
-544152
-384923
-467007
-246096
-1.02814e+06
-1.29249e+06
-13102.6
-452188
-1.86821e+06
-2.4935e+06
-1.11044e+06
-985043
-1.1428e+06
-440217
-1.08205e+06
-574849
-940787
-432974
-1.58521e+06
-439617
-3.61624e+06
-631899
-665594
-725037
-596451
-613323
-432782
-512492
-1.52843e+06
-1.13038e+06
-500871
-458705
-44740.8
-795552
-345008
-469205
-933943
-570904
-1.15652e+06
-714934
-79425.3
-2.85714e+06
-652217
-485479
-1.27872e+06
-748243
-286371
-311729
-955225
-757210
-755792
-59264.8
-544493
-203804
-146698
-237488
-3.239e+06
-818583
-80404
-801308
-669186
-706793
-714085
-1.22012e+06
-346980
-558746
-7.62813e+06
-934645
-1.19169e+06
-3.20221
-1.70139e+06
-1.1896e+06
-630366
-328560
-3.87117e+06
-463811
-516075
-9276.49
-1.04069e+06
-1.01572e+06
-1.94415e+06
-1.61662e+06
-33462.8
-1.47156e+06
-366219
-1.31291e+06
-938243
-269813
-1.27395e+06
-631757
-1.22673e+06
-3.17608e+06
-983115
-571097
-528145
-5.56557
-527071
-206019
-1.2067e+06
-353545
-817932
-366294
-908002
-1.30555e+06
-1.15125e+06
-817949
-1.08391e+06
-2.72114e+06
-2.12874e+06
-9276.49
-624819
-336221
-1.54619e+06
-680799
-168171
-252837
-2.15191e+06
-16122.9
-620212
-842889
-435807
-699602
-661552
-712125
-249340
-713207
-3.38991e+06
-176941
-313162
-1.41916e+06
-531500
-960407
-3.04347e+06
-57608.1
-1.10973e+06
-6879.15
-1.51966e+06
-4.91874e+06
-1.68672e+06
-47647
-6.054e+06
-395121
-714270
-457813
-1.2627e+06
-756630
-163574
-819098
-759592
-559776
-366287
-1.45127e+06
-655972
-3.20221
-276004
-626374
-779875
-35830.9
-150751
-3.37121e+06
-861982
-6.583e+06
-504111
-545505
-253401
-989782
-1.49855e+06
-491123
-736664
-580667
-742218
-616204
-496384
-5.76962e+06
-968659
-4949.28
-1.26696e+06
-427790
-686609
-822250
-466036
-702034
-1.11081e+06
-205938
-724484
-3.31119e+06
-1.00672e+06
-1.0933e+06
-882099
-505572
-378588
-1.18426e+06
-220400
-955010
-956276
-905634
-834439
-2.54099e+06
-388925
-345964
-607491
-698136
-732463
-222958
-710694
-730887
-177671
-398924
-1.11561e+06
-4.91874e+06
-251435
-796899
-1.54051e+06
-90228.9
-497719
-1.65897e+06
-563358
-398264
-465575
-665993
-67789.1
-1.18567e+06
-825387
-410473
-96507.4
-743424
-1.23592e+06
-481159
-617275
-1.19459e+06
-1.56179e+06
-2.16438e+06
-386584
-663302
-1.05838e+06
-1.16591e+06
-47663.9
-268846
-417240
-928557
-4949.28
-2.18601e+06
-561575
-1.19063e+06
-546153
-643251
-327717
-705698
-755791
-116510
-628399
-2.33653e+06
-603170
-1.23995e+06
-385801
-557708
-1.19832e+06
-568318
-832596
-104639
-546068
-898862
-118527
-450665
-639409
-639411
-1.26118e+06
-295228
-331029
-225695
-743424
-1.09241e+06
-726622
-966932
-1.36956e+06
-121059
-274738
-283193
-764713
-833634
-451887
-329741
-543243
-1.89313e+06
-1.18017e+06
-170357
-1.06318e+06
-181205
-661714
-723844
-489624
-414432
-517276
-563816
-515470
-231514
-759592
-3.40941e+06
-636465
-2.47318e+06
-1.26877e+06
-1.17684e+06
-11862.1
-535892
-661950
-1.5633e+06
-868070
-330735
-350910
-380732
-1.1534e+06
-5.79062e+06
-1.12502e+06
-5014.02
-1.4182e+06
-102912
-947661
-400055
-883547
-1.61711e+06
-907822
-715064
-482000
-489531
-702737
-605326
-89495.7
-142486
-414425
-90231.6
-375094
-5.34872e+06
-861927
-1.34555e+06
-86374.3
-3.13799e+06
-208608
-90229.2
-1.06008e+06
-1.78243e+06
-509004
-534295
-604283
-18735
-2.15014e+06
-1.2287e+06
-638114
-1.50597e+06
-705697
-71586.5
-1.22211e+06
-492114
-3.58111e+06
-744516
-795552
-5014.02
-860272
-593276
-181093
-977056
-549916
-500721
-348570
-1.7563e+06
-973443
-1.08221e+06
-176581
-315291
-101101
-360834
-294351
-638231
-53816.4
-368603
-78070.6
-129929
-129929
-81315.4
-828347
-10161.3
-4.11732e+06
-740163
-954601
-743424
-487851
-523431
-1.31934e+06
-1.19234e+06
-202614
-614494
-581366
-2.6206e+06
-427711
-272342
-742068
-342688
-130704
-511871
-1.26752e+06
-735510
-3.35041e+06
-21890.4
-1.76554e+06
-182567
-79474.9
-2.00284e+06
-2.23753e+06
-793077
-793077
-912034
-335395
-2.19013e+06
-2.30489e+06
-2.18936e+06
-30626.9
-1.06184e+06
-3.20221
-541654
-2.07033e+06
-1.48446e+06
-412659
-33467.5
-251766
-1.26301e+06
-887901
-7.53745e+06
-4.52984e+06
-2.10895e+06
-2.3969e+06
-8.00398e+06
-1.44989e+06
-5.95836e+06
-966068
-326244
-1.60535e+06
-438558
-277639
-1.88081e+06
-760337
-5.55005
-2.91755e+06
-118024
-1.57576e+06
-2.87033e+06
-831954
-1.48293e+06
-202219
-370854
-1.51774e+06
-1.12565e+06
-461202
-3.48828e+06
-1.28134e+06
-1.30279e+06
-1.84989e+06
-825835
-1.79245e+06
-1.32594e+06
-619845
-2.03631e+06
-3.09028e+06
-1.76952e+06
-1.03645e+06
-583779
-5.08058e+06
-2.87033e+06
-1.58083e+06
-313899
-1.41591e+06
-892050
-362572
-386322
-1.32042e+07
-33462.8
-1.44588e+06
-886435
-1.05654e+07
-944497
-1.56989e+06
-9276.49
-33467.5
-476425
-1.29385e+06
-546173
-1.57756e+06
-1.07844e+06
-214766
-5.68141e+06
-1.65544e+06
-584305
-532769
-1.88229e+06
-690814
-1.53636e+06
-1.10092e+06
-4.64809e+06
-1.02006e+06
-1.44951e+06
-2.02971e+06
-2.32473e+06
-9.90818e+06
-3.41814e+06
-801097
-1.16937e+06
-2.62021e+06
-2.11335e+06
-712291
-1.44212e+06
-2.25443e+06
-228222
-2.25244e+06
-251603
-1.14176e+06
-5.55005
-5.69952e+06
-1.7558e+06
-433423
-2.32049e+06
-1.93682e+06
-1.2859e+06
-8031.58
-1.67363e+06
-1.26092e+06
-5.07647e+06
-43143.4
-2.39425e+06
-3.37623e+06
-271526
-325374
-634869
-359740
-1.60874e+06
-3.29093e+06
-2.33089e+06
-2.5691e+06
-1.33842e+06
-1.13907e+06
-277099
-1.63669e+06
-1.4644e+06
-1.41036e+06
-1.15056e+07
-1.61499e+06
-1.22631e+06
-407836
-2.27343e+06
-1.50302e+06
-800571
-730163
-1.10233e+06
-1.60588e+06
-2.50427e+06
-2.31791e+06
-33467.5
-2.17669e+06
-1.08497e+06
-755791
-616533
-5.55005
-1.93448e+06
-421001
-3.59556e+06
-2.7984e+06
-582825
-1.01971e+06
-247634
-1.39408e+06
-1.96239e+06
-1.33522e+06
-545419
-554758
-1.35322e+06
-452739
-767367
-520404
-663735
-540522
-1.4112e+06
-1.68479e+06
-813584
-4.09035e+06
-1.72735e+06
-305009
-3.81429e+06
-1.53173e+06
-3.44712e+06
-633196
-1.19459e+06
-136002
-504844
-4.49938e+06
-2.55657e+06
-254494
-1.63843e+06
-279212
-569275
-4.16658e+06
-479302
-2.41483e+06
-1.21722e+06
-551381
-2.39869e+06
-2.14595e+06
-1.8756e+06
-538885
-1.46068e+06
-354511
-1.22899e+06
-1.65961e+06
-1.15821e+06
-88811.1
-536273
-8029.21
-2.12957e+06
-923687
-6.53767e+06
-681254
-661248
-3.9809e+06
-136195
-789113
-47644
-1.13721e+06
-927654
-3.43639e+06
-286750
-5.08445e+06
-1.0407e+06
-1.1423e+06
-1.68511e+06
-1.32544e+06
-551950
-410560
-545616
-6.6687e+06
-998579
-463820
-1.59551e+06
-384053
-689148
-274747
-7.81182e+06
-1.1267e+06
-3.55102e+06
-1.2663e+07
-1.08128e+06
-737716
-796900
-501029
-1.23266e+06
-603106
-1.12411e+06
-1.21614e+06
-352485
-74011.4
-2.92871e+06
-39071.9
-116266
-1.24622e+06
-1.41471e+06
-338861
-11844.5
-1.34212e+06
-2.7998e+06
-155302
-1.95273e+06
-873100
-150314
-765764
-994352
-118294
-1.75615e+06
-8031.58
-1.3044e+06
-288993
-1.67549e+06
-796976
-1.98387e+06
-1.42735e+06
-648960
-409466
-606442
-599073
-1.90577e+06
-568239
-775985
-6.43215e+06
-653992
-1.97313e+06
-1.03098e+06
-885790
-1.23687e+06
-5.14437e+06
-943123
-3.09155e+06
-495778
-761752
-800111
-491947
-1.15126e+06
-2.07099e+06
-2.36108e+06
-859851
-2.95987e+06
-4967.86
-2.32359e+06
-498500
-67334.7
-6.26564
-2.90457e+06
-2.39309e+06
-2.26372e+06
-2.20401e+06
-2.11458e+06
-2.05315e+06
-2.95939e+06
-2.54307e+06
-1.46496e+06
-845935
-11867.7
-234913
-117237
-1.19882e+06
-3.36382e+06
-718433
-795552
-549944
-911754
-179815
-2.26825e+06
-1.15417e+07
-2.74427e+06
-200799
-529656
-285308
-1.6416e+06
-7.70249e+06
-918813
-5.75856e+06
-6.16069e+06
-232193
-566014
-2.00732e+06
-1.68252e+06
-652500
-902490
-94345.9
-1.00793e+06
-1.45486e+06
-264576
-2.10233e+06
-1.64399e+06
-2.87321e+06
-2.75283e+06
-1.5928e+06
-232193
-568632
-691609
-385057
-337760
-2.16016e+06
-1.8736e+06
-818634
-1.46215e+06
-1.1856e+06
-3.25207e+06
-1.85478e+06
-4.48436e+06
-2.65687e+06
-3.00063e+06
-6.75306e+06
-1.66719e+06
-6.75306e+06
-33462.8
-1.11582e+06
-429835
-1.04883e+06
-1.52098e+06
-1.21022e+06
-566119
-447216
-29177.3
-27793.8
-377027
-433849
-325701
-444536
-483985
-204461
-444070
-677928
-5.19092e+07
-1.66089e+06
-2.31468e+06
-2.77375e+06
-2.02555e+06
-182523
-1.17262e+06
-21501.1
-866177
-726810
-5.55005
-527494
-2.1253e+06
-459752
-604839
-38446.1
-2.59189e+06
-419733
-3.1727e+06
-2.24533e+06
-1.91824e+06
-3.88459e+06
-1.43032e+06
-2.79045e+06
-1.31208e+06
-1.29679e+06
-388305
-966723
-1.21557e+06
-771913
-2.80905e+06
-947023
-1.02155e+06
-708126
-1.34143e+06
-9.18052e+06
-404189
-1.42904e+06
-3.35319e+06
-722637
-2.40067e+06
-1.39274e+06
-810587
-924682
-862296
-273275
-471544
-1.0108e+06
-1.87223e+06
-2.15965e+06
-450372
-1.38092e+06
-6.20706e+06
-1.76817e+06
-1.06086e+06
-3.98301e+06
-864639
-412446
-472821
-2.71937e+06
-67791
-250450
-811793
-1.15386e+06
-29651.6
-6867.86
-203638
-1.32572e+06
-979599
-67795.7
-6867.86
-1.89414e+06
-501029
-5.48791e+06
-2.82582e+06
-2.76125e+06
-993786
-2.7026e+06
-1.06859e+06
-2.48513e+06
-1.26715e+06
-2.52816e+06
-800624
-828957
-1.13447e+06
-1.63335e+06
-804977
-1.34779e+06
-1.76454e+06
-2.32504e+06
-756162
-380955
-2.67732e+06
-1.45446e+06
-3.34647e+06
-3.07855e+06
-419087
-1.72798e+06
-503539
-788796
-951437
-792454
-1.78805e+06
-1.44831e+06
-1.02202e+06
-1.1503e+06
-639621
-1.36219e+06
-974091
-3.12997e+06
-724054
-508941
-733372
-85735.6
-1.4118e+06
-1.27099e+06
-449985
-1.04122e+06
-1.73455e+06
-3.54439e+06
-3.30682e+06
-2.37234e+06
-1.95797e+06
-4.92408e+06
-3.13158e+06
-1.41876e+06
-1.75048e+06
-664310
-522875
-2.77424e+06
-2.60544e+06
-1.45944e+06
-3.79841e+06
-2.73939e+06
-4.63189e+06
-2.59152e+06
-1.18029e+06
-1.88695e+06
-6.62114e+06
-285241
-2.63899e+06
-820431
-1.45195e+06
-2.22988e+06
-2.78055e+06
-5.55005
-21114.1
-1.32221e+06
-2.91121e+06
-1.11473e+06
-3.62763e+06
-1.84103e+06
-2.90761e+06
-1.4588e+06
-4.22378e+06
-8.3517e+06
-5.76908e+06
-1.09136e+06
-46230.1
-22801.1
-4.44264e+06
-2.52771e+06
-3.47827e+06
-5.25503e+06
-2.39288e+06
-3.6965e+06
-3.03441e+06
-3.03864e+06
-2.56555e+06
-4.13697e+06
-871546
-2.73297e+06
-2.61884e+06
-1.47065e+06
-1.02539e+06
-884067
-124052
-7.07353e+06
-6.07955e+06
-216228
-949674
-4.98299e+06
-5.42101e+06
-585547
-126658
-582607
-159472
-413092
-496931
-3.72911e+06
-87551.5
-524780
-2.44715e+06
-942487
-126658
-353667
-3.34128e+06
-5.33937e+06
-5.28657e+06
-597817
-1.55903e+07
-4949.28
-175050
-179308
-279269
-126674
-428106
-467596
-658481
-993406
-2.65456e+06
-797190
-866415
-8095.17
-403896
-467372
-5.35344e+06
-216440
-191747
-528353
-1.25651e+06
-1.15325e+06
-73812.5
-331026
-155305
-6.31929e+06
-1.56627e+07
-967400
-6829.27
-589705
-5.25217e+06
-3.83286e+06
-790659
-135917
-240851
-900281
-577348
-412066
-6.15063e+06
-4.61817e+06
-528353
-1.0632e+06
-5.01811e+06
-502858
-80996.3
-341368
-291020
-6.00253e+06
-27969.1
-2.52181e+06
-7.58363e+06
-2.31178e+06
-6.79819e+06
-2.74745e+06
-358055
-7.19573e+06
-670207
-7.06201e+06
-479753
-7.40721e+06
-361866
-2.7922e+06
-1.57683e+06
-3.12264e+06
-686969
-3.16395e+06
-3.76877e+06
-237163
-812250
-946859
-861523
-4.28384e+06
-6.87892e+06
-8.24506e+06
-459350
-607591
-251342
-1.19939e+06
-149324
-1.4033e+07
-2.47932e+06
-5.80973e+06
-6826.93
-44122
-3.01156e+06
-8.8283e+06
-3.36748e+06
-164859
-5.74302e+06
-1.76354e+06
-1.9692e+06
-234104
-1.19149e+07
-252989
-96505.1
-894759
-5.99797e+06
-4.3031e+06
-2.50895e+06
-3.46561e+06
-181774
-94926.6
-4.17643e+06
-5.08822e+06
-284503
-431994
-207417
-371383
-208946
-6.25488e+06
-763364
-991842
-2.15478e+06
-196891
-466180
-90979.1
-91647.4
-43914.8
-31544.4
-89484.9
-254883
-4968.57
-3.43977e+06
-716283
-1.41609e+06
-2.31371e+06
-504425
-607571
-368094
-668757
-1.30992e+06
-1.05982e+06
-1.49629e+06
-252876
-405093
-584055
-8031.56
-2.25609e+06
-6870.4
-1.1202e+06
-1.14545e+06
-1.01085e+06
-1.33033e+06
-2.4121e+06
-767323
-90226.6
-956276
-2.82923e+06
-255624
-59548.2
-535960
-1.21096e+06
-411559
-4949.28
-300937
-676092
-187572
-512751
-792407
-85213.6
-89502.8
-85143.7
-728795
-4.41172e+06
-4949.28
-110594
-192722
-205174
-906934
-350166
-196277
-89502.8
-124421
-2.47882e+06
-363313
-5.56707e+06
-525899
-524789
-679287
-6884.43
-94923.9
-1.26963e+06
-183168
-152027
-5.31002e+06
-152909
-255620
-89023.6
-79470.7
-154053
-174288
-676779
-210090
-119885
-129942
-477360
-770727
-4.49337e+06
-126641
-207876
-46799.8
-864650
-1.16963e+06
-125638
-517505
-6.49453e+06
-259722
-773637
-2.57703e+06
-2.62524e+06
-207760
-4997.4
-209009
-1.94056e+06
-389185
-593513
-594734
-493593
-491839
-1.40012e+06
-615786
-1.44823e+06
-1.21236e+06
-447132
-19951.7
-14098.3
-376132
-1.36557e+06
-668156
-583038
-364738
-553499
-126761
-613971
-657702
-195860
-39439.8
-873564
-183506
-85213.6
-138217
-43691
-53689.1
-355784
-2.0966e+06
-1.36425e+06
-2.81749e+06
-658481
-4.00596e+06
-148628
-11511.3
-856679
-832092
-382724
-8.62044e+06
-3.00842e+06
-712881
-255557
-163294
-4968.57
-43683.6
-372272
-355325
-1.45455e+06
-5.55005
-1.99418e+06
-3.29923e+06
-124284
-170346
-147760
-3.12144e+06
-323797
-3.89811e+06
-3.81835e+06
-315033
-748794
-351868
-4.88012e+06
-228642
-162914
-34919.8
-858595
-971165
-4949.28
-1.21707e+06
-315757
-756914
-5.90167e+06
-4949.28
-306343
-225625
-870476
-32817.1
-251334
-256364
-8031.56
-246045
-3.01624e+06
-590811
-566976
-6829.27
-4.48957e+06
-132026
-577028
-91611.8
-129836
-160061
-367680
-353027
-117142
-398781
-407807
-894657
-265195
-267072
-149496
-361403
-413265
-5.55679e+06
-156746
-307385
-629239
-2.4001e+06
-76652.2
-448605
-882746
-140470
-80600.2
-365034
-388966
-76581.5
-542465
-3.20221
-635563
-9.00514e+06
-13114.7
-420246
-353076
-562408
-197424
-5011.67
-777853
-47893.5
-689924
-1.87172e+06
-5.26369e+06
-138862
-1.00919e+06
-3.27777e+06
-167705
-33467.5
-278746
-6829.27
-153142
-998537
-590189
-106804
-579477
-599442
-288705
-1.1722e+06
-613057
-4.60956e+06
-7.07632e+06
-278170
-475015
-362180
-2.18206e+06
-374894
-566902
-266129
-350304
-6829.27
-4980.94
-147293
-677560
-127207
-787188
-244410
-582616
-235286
-141063
-268489
-335648
-2.20085e+06
-1.51332e+06
-296746
-4.20162e+06
-621968
-326885
-139185
-369045
-219106
-1.12347e+06
-561873
-203738
-144057
-150919
-714898
-88717.4
-386486
-382971
-292219
-400904
-66168.5
-37951.1
-544493
-6881.4
-434620
-7.70854e+06
-544025
-416590
-690042
-3.76508e+06
-127170
-983390
-436732
-57324.1
-902067
-627892
-591988
-721472
-654777
-529542
-160725
-181015
-1.48936e+06
-902865
-531506
-1.01337e+06
-639411
-404060
-849160
-963301
-112697
-963301
-1.16653e+06
-414034
-429625
-359267
-405029
-35153.5
-112574
-44130.6
-290165
-205174
-828052
-6.52812e+06
-371984
-174964
-670768
-2.5986e+06
-558049
-158280
-6826.93
-500727
-278531
-107419
-1.0069e+06
-2.28677e+06
-2.88845e+06
-211921
-123081
-6829.27
-338663
-415232
-72518.9
-340257
-86321.1
-754083
-2.94368e+06
-179946
-908736
-6829.27
-1.0661e+07
-1.38475e+06
-1.64354e+06
-5.97155e+06
-6829.27
-1.32173e+06
-2.25486e+06
-2.41942e+06
-3.0451e+06
-399126
-600312
-205176
-229807
-718333
-629239
-409201
-4949.28
-422938
-648737
-398077
-75096.4
-866459
-232720
-389906
-273026
-788351
-332213
-94926.6
-5.54613e+06
-59120.5
-5.28745e+06
-391680
-422938
-866459
-552961
-483453
-418312
-5.82147e+06
-630543
-785819
-628503
-602313
-1.21398e+06
-661123
-55729
-867321
-1.11365e+06
-11807.8
-149474
-558746
-1.00079e+07
-279842
-1.20586e+07
-1.53232e+06
-307703
-306576
-170701
-129230
-477593
-402659
-97362.8
-894865
-59120.5
-200074
-676434
-7.49913e+06
-749914
-322785
-502039
-7.3387e+06
-8.66348e+06
-146050
-556392
-556392
-307462
-160106
-2.33086e+06
-14098.3
-666736
-473037
-662531
-4.15294e+06
-329708
-1.99317e+06
-274361
-129013
-4949.28
-1.43995e+06
-468729
-534503
-319018
-61288.2
-340550
-1.35547e+06
-1.18068e+07
-1.41725e+06
-345790
-6.58319e+06
-494314
-31505.8
-430267
-534982
-193660
-842308
-447755
-6.45715e+06
-664035
-7.17684e+06
-7.17684e+06
-373626
-1.37172e+07
-385447
-1.42137e+06
-4949.28
-298196
-461840
-1.98479e+06
-252871
-396869
-149604
-26944.7
-4987.15
-51461.1
-4.10787e+06
-675744
-323333
-6.19313e+06
-188570
-260606
-749212
-214979
-339628
-513637
-776427
-805682
-1.06965e+06
-346488
-388827
-2.81751e+06
-798979
-553743
-542578
-1.94733e+06
-47000.7
-667313
-1.46301e+06
-1.32474e+06
-702739
-450352
-281614
-639412
-925319
-1.1022e+06
-292017
-1.0025e+06
-945052
-85673.3
-19950.5
-859904
-27762.3
-299552
-243868
-381069
-588427
-2.28632e+06
-373629
-219970
-947662
-26809.3
-5.28303e+06
-157978
-6.81555e+06
-2.5773e+06
-876325
-211493
-553149
-351826
-1.51577e+06
-1.29786e+06
-496550
-1.28858e+06
-9.67313e+06
-94926.6
-205050
-467947
-192355
-613786
-1.36726e+06
-34656.2
-300906
-6864.77
-278953
-697544
-67789.1
-68660.9
-7.85717e+06
-245273
-3.47149e+06
-3.19188e+06
-372183
-195609
-404827
-251342
-1.01641e+06
-4.82798e+06
-435516
-207881
-4.17643e+06
-255193
-403850
-413281
-2.25049e+06
-308291
-230445
-425654
-385050
-318890
-1.16657e+06
-3.20221
-505727
-6.94909e+06
-136696
-67687.7
-1.00053e+06
-414166
-5012.69
-100840
-77425
-3.22728e+06
-642480
-540670
-598473
-3.42726e+06
-415144
-553677
-83760.6
-9.50774e+06
-444758
-103091
-678588
-881483
-60558.6
-154590
-255239
-94923.9
-1.50651e+06
-5.75982e+06
-398367
-162850
-2.22572e+06
-437409
-153857
-64746.3
-593983
-359903
-89553.1
-1.0679e+07
-193996
-9.46355e+06
-587988
-1.12918e+06
-621970
-318054
-1.18299e+06
-397334
-170883
-632042
-2.44863e+06
-19947.9
-964295
-7.1343e+06
-515994
-588083
-489016
-60587.2
-3.75253e+06
-963529
-457658
-903391
-437063
-53858.3
-723936
-574828
-246043
-902091
-615554
-450920
-812993
-1.45678e+06
-737136
-67320.8
-475157
-812255
-212749
-410090
-671956
-580574
-3.02618e+06
-667375
-153594
-765168
-494776
-679287
-498226
-764317
-660783
-455886
-334255
-742910
-628487
-999396
-808377
-895973
-129776
-303930
-205525
-133997
-2.72242e+06
-269378
-541247
-559926
-732938
-4.40153e+06
-643596
-4.13065e+06
-1.14958e+07
-754420
-503068
-128267
-322766
-432782
-407456
-4.93566e+06
-5.13215e+06
-5.81018e+06
-246043
-3.19114e+06
-61045.4
-4949.28
-349025
-214450
-117908
-95105.7
-555113
-3.16481e+06
-489366
-858633
-713776
-699845
-1.53524e+06
-745737
-296072
-94552.2
-1.11611e+06
-375315
-6842.35
-195860
-247036
-5.16323e+06
-96490.3
-296459
-4.6056e+06
-33462.8
-3.85032e+06
-313274
-378302
-45305.2
-358368
-369403
-7.17912e+06
-155252
-78814.5
-233890
-4.98813e+06
-471312
-398224
-11864.4
-658747
-125040
-225169
-756065
-261467
-877159
-219684
-651422
-615755
-403450
-156498
-490570
-355844
-406273
-248322
-101970
-625875
-762276
-618554
-254255
-939061
-160580
-79202.7
-2.19008e+07
-619099
-447443
-7.77335e+06
-639444
-2.82651e+06
-1.749e+06
-1.11431e+06
-2.91666e+06
-165174
-501666
-230030
-5.9608e+06
-205176
-160061
-2.4644e+06
-2.23733e+06
-906934
-4.66956e+06
-359880
-865744
-903332
-6.56054e+06
-680953
-702022
-382120
-106952
-254567
-1.23263e+06
-6.10139e+06
-196317
-410891
-8.37069e+06
-152027
-5.56557
-8.01617e+06
-7.38954e+06
-296461
-945799
-504841
-3.82118e+06
-733769
-901751
-868433
-117284
-1.02104e+06
-486721
-560696
-469800
-415612
-4.18243e+06
-89028.5
-329731
-85315.9
-7.28773e+06
-424571
-812798
-288238
-232569
-173694
-12481
-296567
-265715
-369959
-88630.4
-311673
-1.46815e+06
-196348
-664422
-573972
-619099
-381275
-328010
-95005.6
-329731
-111768
-5.62383e+06
-850259
-83102.8
-329731
-221396
-380430
-48312.6
-57016.3
-229461
-120687
-82139.8
-609405
-77581.8
-669238
-200543
-86590.9
-119862
-138707
-154987
-25029.4
-243107
-230090
-141564
-181721
-54162.5
-52715.3
-337264
-25045.9
-98260.4
-970650
-858904
-284277
-150974
-248283
-30766.2
-112301
-24228.1
-71782.9
-76252.9
-121469
-62494.7
-196754
-41344.4
-237939
-189482
-16416.7
-181337
-102513
-73138.1
-60029.8
-109389
-228647
-8.35411e+06
-258974
-217137
-343544
-2.41742e+06
-315757
-911393
-2.45123e+06
-1.40044e+06
-107335
-609622
-111081
-77774.6
-142377
-1.12457e+06
-780674
-374200
-769122
-584119
-450529
-269103
-304267
-760746
-3.18634e+06
-1.14516e+06
-179257
-1.02092e+06
-603465
-248487
-749314
-577020
-2.06517e+06
-630711
-1.19606e+06
-612036
-624765
-381817
-1.16761e+06
-334030
-815259
-60373.3
-1.52767e+06
-568052
-473861
-406436
-236572
-585613
-552019
-578130
-295550
-959611
-4.74659e+06
-1.17407e+06
-596653
-135606
-4949.28
-334099
-1.72723e+06
-650530
-979904
-876048
-873787
-625505
-936649
-509761
-554857
-678239
-610822
-8.85456e+06
-607572
-72609.4
-4.29292e+06
-684047
-296646
-1.14951e+06
-645080
-106683
-32098.7
-422896
-281791
-1.44432e+06
-205926
-663993
-502045
-87949.3
-1.11923e+06
-907376
-193869
-3.65863e+06
-741737
-192892
-616019
-280459
-871674
-43899.8
-195860
-363375
-126041
-337260
-3.07821e+06
-692420
-747805
-1.11923e+06
-915433
-637493
-1.28076e+06
-970326
-52388.7
-1.13301e+06
-1.30391e+06
-261229
-176150
-340625
-1.61448e+06
-1.11487e+06
-388684
-592874
-1.06483e+06
-36457.6
-1.30731e+06
-1.18725e+06
-573058
-172741
-228122
-359827
-466634
-560193
-154588
-902832
-441356
-1.36158e+06
-983596
-661293
-495956
-468432
-304949
-824815
-1.90531e+06
-1.90531e+06
-646666
-281062
-650531
-438985
-254323
-383037
-105625
-905681
-401490
-1.18928e+06
-361542
-662574
-396869
-334034
-32098.7
-609296
-928330
-94668.8
-1.56943e+06
-323528
-3.16913e+06
-207428
-762782
-334033
-1.12585e+06
-547677
-513351
-1.32342e+06
-1.12007e+06
-862849
-208024
-197185
-1.6785e+06
-3.45237e+06
-7.3628e+06
-1.81184e+06
-2.10968e+06
-1.34867e+06
-208610
-164552
-695563
-959119
-236886
-375620
-145711
-1.73614e+06
-464701
-821231
-304088
-600571
-166940
-744560
-738731
-898891
-748467
-808938
-804811
-534295
-510066
-280987
-112253
-1.50664e+06
-390685
-154588
-52903
-307614
-274622
-1.18227e+06
-660397
-7.1705e+06
-387133
-269969
-363584
-588207
-544689
-1.58352e+06
-798665
-1.10012e+06
-4.17195e+06
-226116
-730240
-1.47214e+06
-43900.7
-698137
-1.71578e+06
-356796
-387131
-662668
-4987.15
-155305
-1.51487e+06
-742466
-277474
-327148
-1.1178e+06
-1.50843e+06
-647943
-1.27903e+06
-6.7067e+06
-703669
-432038
-709160
-114970
-6864.09
-1.02076e+06
-214756
-833955
-844418
-169992
-330003
-597736
-934159
-1.36726e+06
-1.03181e+06
-680237
-259061
-1.66675e+06
-375168
-156308
-534182
-1.12955e+06
-1.24895e+06
-1.80107e+06
-1.52433e+06
-911349
-313309
-1.06062e+06
-1.08013e+06
-5014.02
-528226
-376305
-154717
-396168
-302858
-3.53998e+06
-304137
-3.33913e+06
-456896
-2.48315e+06
-90229.2
-1.24619e+06
-410741
-323177
-1.26736e+06
-765745
-711026
-1.87408e+06
-3.25376e+06
-2.12772e+06
-29960.9
-841841
-627512
-7.62896e+06
-1.16498e+06
-1.46728e+06
-639304
-2.54717e+06
-1.67603e+06
-1.26192e+06
-1.63843e+06
-90231.6
-2.17051e+06
-1.35595e+06
-1.55682e+06
-1.28358e+06
-9276.49
-870456
-1.21029e+06
-997537
-789219
-1.39154e+06
-2.35002e+06
-44330.1
-357109
-551741
-9276.49
-3.79926e+06
-5.55005
-8031.58
-1.16832e+06
-1.58975e+06
-9276.49
-1.49449e+06
-876611
-1.79974e+06
-2.02612e+06
-754852
-2.97912e+06
-576649
-5.55005
-1.48646e+06
-2.46579e+06
-1.89486e+06
-713311
-205176
-947658
-303203
-86378.7
-249946
-55482.4
-156382
-75857.3
-654666
-2.94561e+06
-354814
-1.02582e+06
-1.11421e+06
-2.85007e+06
-731544
-594734
-569934
-469399
-173191
-1.1336e+06
-406155
-1.17073e+06
-59120.5
-316702
13.0285
-756144
-942528
-247128
-366212
-127083
-584242
-961635
-213464
-272578
-1.36299e+06
-569934
-196086
-280387
-213033
-109333
-218453
-10064.1
-305990
-340003
-304301
-648621
-155770
-862897
-3.13804e+06
-594737
-443537
-643885
-257867
-1.26683e+06
-129335
-645306
-680164
-114063
-1.36426e+06
-67791.5
-149186
-1.43311e+06
-170565
-34708.1
-1.53173e+06
-961139
-42973.4
-362439
-309099
-1.30126e+06
-456208
-740853
-5.49699e+06
-244398
-95345.5
-3.01052e+06
-258779
-347878
-913527
-140794
-248756
-358473
-6.26218e+06
-282600
-72927.7
-300505
-7.27004e+06
-1.87034e+06
-475015
-638561
-86339.7
-1.09729e+07
-270816
-310644
-792851
-274142
-294001
-548962
-350168
-1.10076e+06
-1.31421e+06
-553161
-119781
-9.11082e+06
-1.54898e+06
-159019
-134356
-6.72785e+06
-261536
-523305
-2.77964e+06
-1.13869e+06
-682408
-1.0117e+07
-1.10921e+07
-651422
-587061
-856679
-1.24569e+06
-114456
-375071
-425264
-942528
-172210
-449704
-1.4414e+06
-513788
-373867
-21982.9
-4.64856e+06
-317931
-431299
-365825
-3.57117e+06
-1.66611e+06
-1.01621e+07
-5.95619e+06
-455725
-7.35604e+06
-1.53691e+06
-674405
-1.50871e+06
-27764.4
-90232.6
-259766
-203128
-378683
-586413
-94726.7
-333594
-236469
-398483
-285424
-307559
-138471
-128656
-255928
-257007
-276247
-401330
-87337.1
-255834
-177440
-172058
-187432
-369133
-417368
-214586
-1.07656e+06
-1.61782e+06
-86378.7
-278953
-228955
-263610
-275474
-299228
-57318
-330742
-191150
-57128.2
-135807
-1.02261e+06
-158101
-4949.28
-12481
-1.37688e+06
-207569
-251342
-313978
-5.29811e+06
-3.28162e+06
-469984
-461870
-43813.7
-8029.21
-4.13676e+06
-202209
-155930
-51393.6
-79456.3
-1.26033e+06
-87369.8
-40984.8
-381616
-269794
-3.99408e+06
-681585
-283225
-433573
-79456.3
-174544
-936465
-64849.8
-4.57997e+06
-353027
-345945
-174661
-94779.8
-230729
-2.21765e+06
-213651
-125420
-700851
-855817
-23969.1
-205176
-9.5729e+06
-576890
-510142
-1.38463e+06
-1.17118e+06
-1.54266e+06
-1.12245e+06
-4.56616e+06
-4.17776e+06
-808936
-417643
-6.83555e+06
-214459
-823880
-706235
-549755
-90228.9
-211609
-329731
-1.33309e+06
-1.35633e+06
-663600
-429754
-428841
-1.78017e+06
-6.27237e+06
-3.42587e+06
-978357
-3.64955e+06
-540056
-2.27794e+06
-791145
-3.11504e+06
-1.77205e+06
-490884
-994485
-269726
-541640
-145370
-578331
-2.57622e+06
-4.73753e+06
-8.86332e+06
-6.68393e+06
-2.17704e+06
-7.46791e+06
-5.70208e+06
-1.02322e+06
-1.22752e+07
-473439
-38446.1
-8031.56
-533111
-1.25224e+06
-3.36382e+06
-989397
-723054
-760337
-737098
-2.51133e+06
-2.51133e+06
-647083
-4.29934e+06
-571999
-700087
-4.65116e+06
-1.73176e+06
-2.94928e+06
-2.91309e+06
-3.13285e+06
-2.18108e+06
-4.88267e+06
-3.68979e+06
-3.51037e+06
-3.74725e+06
-1.25458e+06
-2.36728e+06
-508940
-749660
-710168
-2.0093e+06
-1.37634e+06
-573438
-404938
-1.21731e+06
-6.20059e+06
-177516
-4990.4
-1.26914e+06
-6.00285e+06
-418686
-3.57098e+06
-988285
-1.19343e+06
-1.46235e+06
-1.1664e+06
-2.18341e+06
-7.859e+06
-7.74538e+06
-1.7429e+06
-1.29226e+06
-5.55005
-33467.5
-67791.5
-2.75653e+06
-898968
-7.4173e+06
-3.29428e+06
-2.22242e+06
-4986.44
-4990.4
-4.95508e+06
-4.56658e+06
-1.14004e+06
-2.72847e+06
-10.9104
-5.05878e+06
-1.74471e+06
-67791.5
-1.76703e+06
-799725
-648979
-4.35321e+06
-33467.5
-2.27407e+06
-4.8752e+06
-5.07871e+06
-3.54146e+06
-169678
-354511
-67795.7
-4.02942e+06
-313983
-2.11069e+06
-6.33098e+06
-831222
-1.83732e+06
-1.6151e+07
-3.44019e+06
-3.01656e+06
-4.28169e+06
-5.56557
-3.35136e+06
-325296
-3.34871e+06
-2.16362e+06
-5.72331e+06
-34917.5
-975589
-5.55005
-1.14344e+06
-496706
-502458
-2.49042e+06
-3.41076e+06
-4.43025e+06
-4.81861e+06
-1.90478e+06
-639304
-350126
-1.67815e+06
-1.92268e+06
-8029.21
-1.7605e+06
-961599
-3.7513e+06
-2.32745e+06
-208610
-665724
-1.47727e+06
-984715
-423628
-4.39134e+06
-2.99029e+06
-1.82061e+06
-4.57996e+06
-3.75927e+06
-1.82519e+06
-4.82359e+06
-2.19955e+06
-2.18588e+06
-4.30113e+06
-95998.5
-2.32103e+06
-2.13359e+06
-3.29345e+06
-9274.14
-1.11916e+06
-1.81745e+06
-2.01194e+06
-3.00063e+06
-3.5116e+06
-3.67553e+06
-427000
-1.30555e+06
-2.00209e+06
-3.83004e+06
-573857
-1.14026e+06
-5.68141e+06
-1.83348e+06
-4.85553e+06
-4.46842e+06
-4.73459e+06
-3.58186e+06
-3.16556e+06
-5.04207e+06
-3.20221
-1.83147e+07
-521757
-2.31221e+06
-4992.9
-5.76748e+06
-6.71618e+06
-1.73503e+06
-90231.6
-2.92934e+06
-5.97263e+06
-4.01403e+06
-2.84317e+06
-5.55005
-107191
-2.07757e+06
-3.20221
-594737
-1.50601e+06
-2.63415e+06
-3.46428e+06
-2.92713e+06
-7.45667e+06
-3.06556e+06
-848451
-3.46428e+06
-2.10528e+06
-690937
-3.42584e+06
-4.4338e+06
-21114.1
-5.56557
-9276.49
-1.06122e+07
-3.33492e+06
-3.2572e+06
-2.89201e+06
-6.51338e+06
-911143
-3.99432e+06
-4.46516e+06
-801405
-3.21597e+06
-6.33914e+06
-4.33894e+06
-1.77999e+06
-2.34466e+06
-5.07831e+06
-2.08139e+06
-3.22039e+06
-3.39226e+06
-1.95356e+06
-1.76448e+06
-1.65906e+06
-1.71565e+06
-12110.3
-4.36761e+06
-3.09407e+06
-5008.35
-6.73836e+06
-12091.3
-4.06445e+06
-1.38292e+06
-4.6016e+06
-2.36235e+06
-671945
-1.96098e+06
-5.55005
-1.59329e+06
-1.15125e+06
-538486
-706015
-951516
-322465
-925093
-394526
-3.20221
-2.28371e+06
-2.23309e+06
-2.16753e+06
-4987.15
-3.65751e+06
-2.09234e+06
-3.72018e+06
-4.71759e+06
-4.58906e+06
-6.26998e+06
-850661
-67791.5
-2.95939e+06
-1.85296e+06
-503539
-1.5744e+06
-1.60823e+06
-2.89252e+06
-3.30235e+06
-2.4536e+06
-2.53312e+06
-2.4374e+06
-1.94962e+06
-1.4428e+06
-3.20221
-831954
-2.5823e+06
-2.15753e+06
-2.87032e+06
-2.67101e+06
-473879
-772035
-982470
-960403
-8.71971e+06
-3.06563e+06
-2.15892e+06
-2.4167e+06
-2.5823e+06
-1.71209e+06
-549129
-6.32528e+06
-768363
-3.19144e+06
-2.31177e+06
-2.53474e+06
-4.62137e+06
-2.38506e+06
-591886
-2.90117e+06
-2.00625e+06
-67789.1
-2.13541e+06
-496660
-6.16614e+06
-5.40972e+06
-2.76959e+06
-3.09482e+06
-2.78051e+06
-1.48972e+06
-1.52596e+06
-3.70849e+06
-1.79116e+06
-9274.14
-882119
-2.26609e+06
-3.00038e+06
-8.85958e+06
-67795.7
-47201.2
-42968.2
-557559
-5.55005
-744963
-2.94914e+06
-871955
-951516
-3.78878e+06
-594737
-3.08912e+06
-3.20221
-1.71228e+06
-5.55005
-1.25515e+06
-67791.5
-1.72325e+06
-2.53399e+06
-990482
-237872
-600980
-1.01761e+06
-829835
-156551
-1.35064e+06
-697374
-845377
-1.48496e+06
-3.83144e+06
-1.85155e+06
-1.06107e+06
-845376
-747805
-795596
-1.3327e+06
-736047
-785637
-109726
-1.71414e+06
-2.05172e+06
-485364
-470416
-203548
-1.29409e+06
-614971
-1.33341e+06
-1.35677e+06
-367417
-716970
-172103
-805297
-2.82157e+06
-1.95386e+06
-286269
-348101
-206269
-29163.5
-989295
-395766
-1.0269e+06
-57135.4
-1.64934e+06
-1.13971e+06
-1.14268e+06
-1.55697e+06
-1.35064e+06
-2.04229e+06
-1.85421e+06
-674640
-1.08045e+06
-2.24679e+06
-1.41044e+06
-660335
-553410
-257431
-74828.8
-724706
-210062
-899405
-222984
-83076.8
-2.89617e+06
-1.28936e+06
-1.71463e+06
-1.48383e+06
-1.80786e+06
-291748
-220569
-3.08933e+06
-126640
-472018
-808673
-4.25724e+06
-617089
-2.51493e+06
-813898
-947321
-1.36955e+06
-788321
-976044
-69714.4
-76571.6
-1.56774e+06
-1.46137e+06
-1.01722e+06
-989066
-1.54333e+06
-965323
-1.89329e+06
-600870
-587650
-3.46904e+06
-167543
-1.31591e+06
-1.76442e+06
-895785
-2.73261e+06
-1.55719e+06
-9.5134
-22804.2
-53589.5
-13396.5
-38740.4
-21874.7
-19954.6
-19950.8
-26464.6
-19955.4
-61473.9
-143310
-196672
-96032.7
-217855
-195260
-217156
-143802
-224014
-166952
-166966
-544542
-1.30131e+06
-2.3272e+06
-263633
-213963
-1.1638e+06
-1.71697e+06
-1.75421e+06
-2.04092e+06
-1.40792e+06
-1.13309e+06
-2.17267e+06
-833684
-2.26262e+06
-292822
-110087
-473132
-1.21322e+06
-782228
-142798
-881914
-308991
-1.94853e+06
-723308
-459169
-997956
-379377
-47003.6
-47001.5
-50414
-100056
-109311
-63563.5
-47001.8
-116250
-111709
-160225
-621255
-530945
-1.67402e+06
-1.19612e+06
-618332
-1.55923e+06
-1.35443e+06
-1.5584e+06
-1.61052e+06
-1.88108e+06
-2.40108e+06
-2.0271e+06
-1.76254e+06
-2.62562e+06
-1.18754e+06
-1.22206e+06
-1.90119e+06
-1.52738e+06
-1.17726e+06
-2.60646e+06
-2.13731e+06
-2.71901e+06
-1.40962e+06
-2.00647e+06
-1.61126e+06
-1.9292e+06
-1.40376e+06
-1.84934e+06
-1.56455e+06
-1.5147e+06
-1.59766e+06
-2.20122e+06
-2.20122e+06
-1.0376e+06
-1.1581e+06
-778131
-837103
-752564
-1.4875e+06
-898258
-1.37331e+06
-502979
-511593
-563669
-964285
-593286
-443715
-949703
-1.20233e+06
-770232
-873546
-766108
-762782
-575157
-732692
-931580
-655822
-638109
-472414
-1.32572e+06
-699456
-951170
-1.09917e+06
-1.09439e+06
-1.41896e+06
-1.97004e+06
-958093
-529835
-1.59066e+06
-1.13618e+06
-1.16334e+06
-709082
-1.17117e+06
-953463
-369228
-990888
-725816
-1.17695e+06
-949160
-769235
-935069
-557707
-955470
-882660
-1.4658e+06
-183732
-744003
-312425
-544025
-558746
-296447
-74797.7
-62867
-78211
-79863.6
-154084
-95006.5
-424499
-188604
-427800
-1.48116e+06
-205160
-205344
-270232
-308863
-718433
-409087
-863720
-421491
-422273
-529542
-1.97619e+06
-822269
-807657
-972666
-559776
-535169
-424626
-714422
-115044
-501146
-501146
-150763
-151491
-787485
-1.19824e+06
-974796
-1.03241e+06
-480709
-165221
-498339
-230371
-180575
-392267
-395285
-631880
-1.04939e+06
-851599
-960965
-629057
-591610
-197744
-181302
-162833
-275525
-202405
-404243
-527603
-255113
-281704
-969085
-170702
-273607
-170253
-195249
-459651
-82302.9
-74221.2
-13118.1
-19962.4
-42987.1
-49502.1
-28010.7
-48054.9
-25116.3
-70902.2
-333665
-324136
-163165
-272165
-632018
-376344
-287394
-269380
-62619.9
-76763.3
-111046
-244550
-132697
-143795
-77491.9
-73041.9
-88424.3
-217883
-325808
-870714
-409096
-255926
-223140
-415027
-275214
-337264
-334050
-337264
-127798
-125719
-345230
-631757
-586016
-214519
-122289
-30851
-67334.7
-34264.3
-123997
-27765.7
-52313.1
-38232.9
-197422
-301978
-336222
-516065
-154991
-183505
-43680.6
-86758.6
-46188
-39689.4
-93365.3
-51064.5
-58418.3
-62698.2
-137699
-280402
-206155
-209169
-409752
-501052
-81177.2
-91132.6
-83066.9
-113346
-119873
-261846
-138533
-155195
-160258
-152443
-180192
-199762
-329347
-849712
-316097
-1.23113e+06
-135389
-134278
-1.46881e+06
-1.21104e+06
-389795
-520276
-461701
-109398
-99271.9
-138546
-545158
-1.8121e+06
-1.62452e+06
-2.61566e+06
-1.65641e+06
-1.01928e+06
-1.26942e+06
-2.43719e+06
-1.00251e+06
-579344
-951494
-1.78483e+06
-1.69669e+06
-2.35545e+06
-897448
-1.80265e+06
-1.07039e+06
-1.05626e+06
-686228
-1.21041e+06
-709082
-741771
-1.12923e+06
-718345
-1.85159e+06
-1.60989e+06
-1.88714e+06
-891257
-661762
-798220
-829376
-441200
-690509
-308748
-362265
-231540
-750976
-133471
-223139
-287088
-152803
-350316
-99762.7
-184014
-146483
-170136
-104532
-166965
-722099
-3.78475e+06
-3.08364e+06
-538793
-412880
-646093
-427451
-411297
-436096
-125761
-193068
-502767
-1.71495e+06
-167551
-330606
-330605
-1.52738e+06
-2.59649e+06
-1.6481e+06
-1.3993e+06
-972918
-1.32955e+06
-1.88313e+06
-2.17248e+06
-1.05896e+06
-856845
-1.09795e+06
-1.19184e+06
-673526
-850446
-1.48293e+06
-936982
-1.06312e+06
-829551
-506901
-409735
-258377
-954999
-907004
-1.11715e+06
-494981
-649620
-595232
-143386
-1.54548e+06
-897604
-957221
-1.15686e+06
-558112
-294395
-459652
-420473
-404243
-573077
-742182
-140779
-225709
-276575
-630768
-441049
-168587
-259671
-322428
-92516.6
-229002
-180516
-226709
-1.57493e+06
-759559
-689562
-162907
-116247
-248323
-362180
-1.1817e+06
-2.05231e+06
-1.30687e+06
-1.16274e+06
-790592
-718939
-268727
-29633.1
-730659
-1.45121e+06
-403177
-208838
-3.0166e+06
-2.59903e+06
-1.99682e+06
-3.21778e+06
-1.57416e+06
-2.46034e+06
-2.47341e+06
-2.28103e+06
-2.37628e+06
-2.37628e+06
-1.86829e+06
-1.86829e+06
-2.68473e+06
-1.35863e+06
-721578
-154877
-164392
-199445
-199445
-48981.9
-825269
-911255
-425487
-140696
-947323
-513468
-13048.7
-3.43464e+06
-438876
-387952
-140610
-440698
-1.12733e+06
-1.08658e+06
-949414
-273026
-750995
-931576
-777889
-777889
-512879
-247706
-1.78186e+06
-268044
-404710
-492828
-410071
-367110
-6879.72
-722561
-881825
-25027.7
-375650
-143797
-166949
-160222
-1.54746e+06
-616103
-1.13198e+06
-832265
-1.56906e+06
-1.44401e+06
-1.17008e+06
-1.20779e+06
-1.59717e+06
-273026
-781453
-895784
-104082
-958517
-492828
-158029
-77023
-252727
-348515
-264998
-294614
-466634
-544542
-1.66135e+06
-1.90734e+06
-1.43622e+06
-1.63697e+06
-357190
-122861
-1.52404e+06
-617775
-1.52738e+06
-1.5742e+06
-2.09226e+06
-1.92243e+06
-2.49254e+06
-2.72628e+06
-2.47259e+06
-1.52011e+06
-1.29561e+06
-765519
-783680
-688231
-1.25584e+06
-1.15126e+06
-590336
-1.54368e+06
-1.61965e+06
-1.71389e+06
-504777
-1.47989e+06
-1.09596e+06
-1.33432e+06
-808232
-336530
-1.12599e+06
-1.90023e+06
-1.06738e+06
-1.94697e+06
-1.68677e+06
-693974
-529834
-391872
-918857
-571293
-593790
-1.35749e+06
-1.37426e+06
-487622
-183656
-101332
-323970
-983870
-770446
-221388
-436629
-630366
-1.04016e+06
-749950
-657117
-576670
-357487
-30353.8
-192722
-348515
-348515
-52410.5
-355367
-72004
-436961
-71394.8
-47648.4
-466634
-2.22584e+06
-618653
-2.09687e+06
-868933
-1.84377e+06
-1.69492e+06
-369215
-103660
-102022
-43916.3
-164516
-150273
-1.35905e+06
-1.23251e+06
-704551
-275767
-241127
-2.52702e+06
-2.5151e+06
-1.00719e+06
-1.22361e+06
-1.1798e+06
-1.83623e+06
-2.07091e+06
-1.30471e+06
-1.24876e+06
-541816
-472700
-1.02955e+06
-453505
-525633
-2.07476e+06
-841597
-1.14362e+06
-1.1637e+06
-545302
-1.46694e+06
-923567
-457060
-1.21719e+06
-941017
-528353
-1.30623e+06
-886967
-679671
-295897
-315806
-74798.2
-122494
-66281.3
-363763
-525632
-604097
-2.00173e+06
-366232
-677256
-783718
-132971
-790139
-394584
-1.32545e+06
-593890
-203401
-223139
-78645.8
-47895.4
-25030.3
-15417.6
-21018.9
-136852
-228762
-841780
-678560
-126450
-66629.7
-96490.3
-190469
-220651
-233010
-485295
-114954
-415457
-131297
-27750.4
-40029.2
-144749
-565614
-215808
-39672.9
-195858
-239959
-242850
-195858
-236689
-230878
-2.13118e+06
-179407
-258788
-1.61052e+06
-3.26201e+06
-928592
-1.21757e+06
-1.42212e+06
-1.28035e+06
-677497
-409601
-569215
-863596
-243856
-989920
-905532
-1.1527e+06
-753790
-753790
-372617
-87638.5
-448291
-30065.2
-298287
-195860
-124937
-96492.7
-47654.6
-239741
-98017.1
-500288
-2.202e+06
-94704.1
-705264
-67334.7
-87965.2
-96953.8
-106762
-76165.9
-140696
-141834
-92966.4
-108349
-170156
-108349
-165175
-201738
-234613
-112284
-184622
-248323
-2.48977e+06
-967541
-710025
-723833
-749814
-473987
-1.61407e+06
-960364
-550458
-944654
-964637
-965630
-807105
-669846
-766707
-923306
-214422
-1.43926e+06
-356348
-616018
-662575
-652625
-899598
-994046
-881090
-946219
-381616
-248700
-487067
-771130
-722490
-889353
-428405
-77331.9
-146810
-97978.4
-120676
-203401
-47895.9
-43683.6
-95909.6
-111307
-373841
-118486
-1.0932e+06
-244796
-199374
-72350.3
-196303
-76323.3
-109658
-114633
-11861.7
-6878.55
-223570
-223567
-225488
-166487
-268530
-301348
-174975
-123806
-832137
-152026
-149055
-53863.6
-46215.8
-166652
-67339.1
-158344
-166677
-1.61233e+06
-245047
-198489
-128182
-304955
-1.4176e+06
-986011
-1.2841e+06
-1.70707e+06
-1.07606e+06
-1.8228e+06
-1.47527e+06
-1.6481e+06
-1.43877e+06
-2.00127e+06
-1.17726e+06
-1.17996e+06
-496386
-541816
-455823
-213578
-862233
-840192
-1.1637e+06
-1.58315e+06
-1.01149e+06
-471366
-681414
-684678
-693716
-1.60287e+06
-590450
-410073
-299714
-546817
-247706
-57639.5
-107743
-161597
-334269
-977665
-840192
-393469
-130540
-1.00473e+06
-580887
-1.17938e+06
-731382
-693715
-782066
-650755
-700303
-497988
-760594
-681413
-247179
-643454
-482669
-455027
-528985
-153845
-393118
-705215
-490225
-178339
-362132
-158980
-14983
-111291
-152764
-286874
-134398
-158226
-64934.9
-136233
-147315
-64935.8
-108297
-419412
-580841
-480705
-716248
-441049
-333940
-397441
-87731.8
-218798
-84980.8
-170599
-40898.8
-40897.8
-38145.9
-105635
-220301
-349858
-41988.9
-41988.9
-203400
-325531
-141853
-165950
-164833
-209954
-249385
-488740
-777477
-87955.9
-160227
-1.55869e+06
-201250
-1.14582e+06
-4.29001e+06
-1.76474e+06
-787325
-375477
-522570
-197424
-108540
-182503
-411709
-366857
-367760
-122672
-1.83752e+06
-771977
-474320
-630217
-45672
-197320
-228583
-682670
-352165
-347645
-209565
-76083.1
-166650
-245491
-650694
-113461
-87981.1
-568332
-613853
-485021
-522950
-752465
-1.08958e+06
-979294
-618338
-1.58399e+06
-900406
-1.22738e+06
-1.69088e+06
-1.32891e+06
-1.06839e+06
-1.52608e+06
-57610.1
-1.48208e+06
-274811
-453572
-483981
-19959.8
-109642
-229176
-124155
-495149
-434081
-215496
-1.0547e+06
-1.22685e+06
-355922
-346094
-379414
-628581
-87126.4
-190416
-521574
-166392
-384528
-405884
-1.55372e+06
-1.65747e+06
-1.04889e+06
-918024
-893810
-1.90603e+06
-1.5207e+06
-1.7609e+06
-430584
-404975
-307794
-454939
-454939
-631112
-2.06116e+06
-2.97533e+06
-589802
-372026
-535960
-211048
-415578
-242457
-196724
-134123
-177816
-225061
-583947
-255937
-965912
-563136
-1.18602e+06
-776341
-668247
-826817
-613158
-697190
-1.78586e+06
-146489
-62925.1
-352565
-363681
-277900
-152164
-223111
-134850
-373848
-350002
-593068
-305688
-712039
-1.66527e+06
-1.79624e+06
-1.18981e+06
-1.57592e+06
-1.48315e+06
-1.06521e+06
-67745.8
-383548
-430984
-543893
-410071
-923688
-499570
-799928
-833245
-1.23323e+06
-2.29116e+06
-489239
-445901
-274421
-198277
-469649
-245666
-209189
-325532
-178811
-122340
-540740
-426616
-485232
-352634
-583979
-981768
-673343
-1.01563e+06
-645089
-448813
-957390
-1.66527e+06
-1.45425e+06
-2.55953e+06
-407044
-373340
-291127
-457884
-649620
-362166
-1.04499e+06
-849721
-814401
-1.15124e+06
-866723
-1.30923e+06
-2.65165e+06
-1.50516e+06
-2.9702e+06
-3.28725e+06
-625879
-3.28725e+06
-2.49951e+06
-1.94961e+06
-1.70535e+06
-1.24761e+06
-1.39788e+06
-530986
-298155
-306719
-540740
-634973
-86758.6
-141063
-570376
-978327
-422186
-685850
-791004
-116543
-119427
-553410
-589830
-1.11874e+06
-267158
-351884
-436654
-1.43938e+06
-405813
-724753
-803611
-242588
-172317
-866009
-73265.4
-609531
-847184
-97928.9
-202160
-131020
-1.7654e+06
-1.519e+06
-127216
-541543
-852030
-1.0713e+06
-774903
-1.22329e+06
-1.34587e+06
-1.35051e+06
-761353
-2.28319e+06
-188965
-57609.7
-1.46393e+06
-1.51299e+06
-238696
-1.10565e+06
-895978
-83624.5
-590512
-122702
-237032
-590512
-270257
-947954
-859500
-1.46861e+06
-1.5215e+06
-158549
-2.7022e+06
-439820
-1.13672e+06
-853475
-1.03774e+06
-1.331e+06
-377514
-1.69257e+06
-711208
-925373
-516154
-313172
-485964
-855404
-570462
-543889
-967111
-1.2064e+06
-1.17945e+06
-1.31513e+06
-852852
-988134
-1.0938e+06
-921169
-700936
-1.06647e+06
-1.09144e+06
-500287
-469136
-211426
-894090
-875051
-944173
-470247
-490584
-860389
-1.00044e+06
-655517
-482001
-1.45457e+06
-916278
-587762
-537330
-1.01487e+06
-888543
-400386
-839717
-140894
-639409
-911071
-890942
-127231
-164856
-434310
-459651
-1.04882e+06
-957294
-1.22841e+06
-278194
-1.17198e+06
-383358
-1.75464e+06
-697247
-2.11352e+06
-792467
-914137
-1.5147e+06
-882122
-156877
-1.34705e+06
-972943
-859240
-1.11264e+06
-957293
-729665
-974407
-140600
-66117.2
-1.37207e+06
-119655
-967773
-454792
-893466
-1.33736e+06
-1.32109e+06
-323233
-1.40185e+06
-628507
-233693
-624636
-347470
-1.00894e+06
-642164
-1.09756e+06
-1.24639e+06
-637571
-624563
-1.26683e+06
-586928
-670762
-460141
-1.01722e+06
-1.90093e+06
-1.80581e+06
-1.58121e+06
-231941
-607575
-595582
-421786
-949198
-580122
-148121
-998060
-2.28319e+06
-2.28319e+06
-2.78132e+06
-916085
-1.43136e+06
-697247
-258982
-532626
-399481
-370048
-1.02777e+06
-359428
-2.28319e+06
-972499
-178201
-589830
-971451
-958376
-1.78924e+06
-611586
-686968
-767794
-1.191e+06
-975400
-386755
-1.69521e+06
-1.59863e+06
-216547
-1.18457e+06
-805807
-2.39414e+06
-2.28319e+06
-958521
-923685
-1.70736e+06
-642295
-2.40908e+06
-2.28319e+06
-341852
-657424
-124334
-325457
-752465
-2.12327e+06
-1.07257e+06
-415075
-537650
-770981
-655013
-870283
-1.11795e+06
-95123.1
-959069
-4.5916e+06
-780749
-1.75218e+06
-909574
-1.17167e+06
-1.15079e+06
-1.79055e+06
-2.30379e+06
-1.08648e+06
-644474
-168605
-1.02768e+06
-385529
-320187
-2.11469e+06
-1.07725e+06
-646342
-1.17155e+06
-549022
-145121
-309067
-351343
-195451
-137508
-495149
-1.16747e+06
-371634
-258662
-931814
-426345
-789732
-651412
-1.07678e+06
-821562
-393119
-628454
-1.20011e+06
-891941
-733622
-852494
-51981.5
-714342
-1.35051e+06
-291816
-427800
-112308
-229694
-335713
-273026
-1.73272e+06
-134383
-528953
-1.75994e+06
-125671
-755975
-466719
-1.44229e+06
-896074
-357906
-746077
-434824
-342390
-905636
-759592
-129229
-755400
-1.56544e+06
-296450
-744524
-155417
-949383
-376741
-323233
-232944
-947322
-453548
-361192
-1.44706e+06
-1.45782e+06
-580177
-1.23577e+06
-1.16624e+06
-160948
-255984
-1.35916e+06
-963023
-1.71258e+06
-1.03975e+06
-1.89319e+06
-514630
-1.2981e+06
-1.20171e+06
-339820
-470845
-881773
-664028
-350260
-1.81118e+06
-282103
-2.51274e+06
-2.28319e+06
-2.37987e+06
-2.32178e+06
-1.27468e+06
-429362
-378082
-378082
-912387
-907292
-1.05971e+06
-174704
-1.53292e+06
-1.80514e+06
-1.47573e+06
-299078
-130691
-510358
-1.30174e+06
-1.31006e+06
-1.31006e+06
-789364
-2.5558e+06
-781713
-157731
-348810
-423403
-921008
-575949
-584183
-81391.2
-537860
-602080
-261847
-826466
-937760
-261847
-1.86027e+06
-820951
-381864
-1.81152e+06
-1.15637e+06
-1.12404e+06
-1.18764e+06
-1.3237e+06
-1.81336e+06
-545516
-584750
-959890
-1.61336e+06
-297321
-355985
-761666
-1.75844e+06
-204358
-400716
-142270
-448291
-746078
-263111
-355161
-1.0269e+06
-229268
-1.42631e+06
-527720
-649200
-467921
-1.71327e+06
-1.45772e+06
-2.64948e+06
-959231
-252873
-371559
-170874
-130022
-147587
-147587
-1.27631e+06
-1.2448e+06
-1.17106e+06
-238038
-800642
-702034
-289899
-1.43896e+06
-1.02396e+06
-1.85584e+06
-1.02425e+06
-743686
-1.21518e+06
-1.33311e+06
-423237
-629108
-896603
-974407
-777892
-963520
-1.74967e+06
-294382
-614318
-293038
-1.05727e+06
-982525
-851469
-376904
-622100
-210382
-263992
-235839
-718621
-753146
-1.49473e+06
-320543
-452759
-1.69579e+06
-1.51164e+06
-583138
-752465
-832167
-1.66269e+06
-1.14019e+06
-1.29037e+06
-766108
-906900
-746540
-369129
-746579
-498478
-570766
-724596
-2.32086e+06
-1.08842e+06
-674201
-171949
-566555
-1.09898e+06
-2.84899e+06
-100015
-1.82102e+06
-409559
-949657
-987481
-110599
-1.3237e+06
-711373
-1.79063e+06
-470802
-724182
-786755
-1.42595e+06
-245680
-1.07051e+06
-1.51382e+06
-2.27394e+06
-162849
-1.17229e+06
-551730
-559391
-388117
-989066
-272782
-828479
-1.55976e+06
-1.204e+06
-1.55465e+06
-2.42587e+06
-174909
-191454
-283099
-14882.5
-192069
-745655
-971198
-2.74038e+06
-762221
-41574.9
-1.01251e+06
-376677
-434221
-569372
-362341
-363625
-571979
-1.26104e+06
-706702
-130539
-1.07578e+06
-1.49916e+06
-832813
-1.42504e+06
-958521
-1.94451e+06
-714431
-872211
-937284
-972667
-1.69313e+06
-285491
-857573
-1.19651e+06
-1.02768e+06
-559776
-1.69331e+06
-1.69331e+06
-528675
-1.92822e+06
-766773
-1.49737e+06
-772676
-998096
-987910
-520179
-396681
-770040
-1.10973e+06
-1.29336e+06
-1.21304e+06
-1.38147e+06
-1.36663e+06
-777196
-59955.5
-183665
-556390
-1.33495e+06
-140600
-201738
-385361
-1.1267e+06
-843650
-684228
-710967
-660692
-654686
-649658
-945768
-984717
-537316
-367892
-856897
-777296
-932640
-435467
-405399
-1.1581e+06
-890431
-222372
-398502
-371522
-477933
-584330
-1.46565e+06
-238986
-1.41503e+06
-67788.8
-1.26416e+06
-1.00172e+06
-479678
-2.21445e+06
-1.02848e+06
-335938
-1.00105e+06
-385685
-626218
-20.9626
-961094
-264103
-474161
-66117.2
-1.09969e+06
-4968.57
-234917
-622488
-954703
-434349
-1.34207e+06
-1.26863e+06
-1.06895e+06
-23784.5
-290409
-143455
-8578.73
-18.5272
-673828
-89177.9
-947536
-2.09666e+06
-167544
-216715
-244360
-79425.3
-471817
-1.42689e+06
-385013
-2.72776e+06
-231573
-220519
-1.18467e+06
-1.17117e+06
-801709
-617627
-766109
-278393
-947781
-1.84733e+06
-577121
-273172
-670725
-1.32997e+06
-4.19023e+06
-230965
-498707
-3.40621e+06
-902627
-675246
-1.38901e+06
-233842
-935661
-111879
-3.20468e+06
-894322
-1.11439e+06
-911255
-2.04117e+06
-385904
-927564
-273375
-1.44566e+06
-836780
-5.08409e+06
-61288.2
-1.53861e+06
-1.00528e+06
-1.18131e+06
-1.93676e+06
-530320
-788463
-830350
-546020
-299052
-78211
-1.94797e+06
-1.50364e+06
-618017
-158028
-550255
-2.17656e+06
-1.42187e+06
-50414.9
-227787
-1.63989e+06
-916907
-1.02335e+06
-1.06059e+06
-209169
-258953
-316243
-344043
-235286
-288838
-344043
-1.38064e+06
-1.48702e+06
-2.312e+06
-470246
-946622
-427723
-743063
-774756
-1.04153e+06
-1.3784e+06
-811289
-485018
-158549
-488167
-1.50201e+06
-942639
-131302
-947322
-1.19733e+06
-781712
-815262
-848907
-882662
-888172
-957018
-1.46462e+06
-1.24338e+06
-990793
-1.91481e+06
-222025
-323613
-36457.6
-1.20087e+06
-179698
-375352
-279181
-802647
-348810
-959883
-409443
-1.44367e+06
-553410
-1.02916e+06
-815262
-821007
-295279
-881470
-202079
-139255
-761641
-1.09675e+06
-504212
-377836
-815758
-592831
-1.42579e+06
-570285
-944913
-1.43594e+06
-1.01738e+06
-685013
-1.22238e+06
-755451
-961094
-969301
-961094
-961094
-718092
-244209
-619099
-485932
-149998
-1.34204e+06
-1.14283e+06
-1.1969e+06
-797063
-2.37322e+06
-564659
-2.07228e+06
-326886
-3.45963e+06
-947140
-981964
-1.99834e+06
-259965
-1.31859e+06
-771057
-736170
-146159
-300813
-454938
-511043
-485949
-598605
-357058
-2.39482e+06
-514897
-1.47867e+06
-160544
-943346
-211364
-584427
-1.15984e+06
-153568
-138625
-153567
-444662
-1.45084e+06
-972549
-497900
-1.75906e+06
-1.36172e+06
-1.0114e+06
-1.9784e+06
-2.71161e+06
-782339
-803271
-181488
-1.23741e+06
-803270
-1.33591e+06
-642942
-457884
-225831
-587995
-958579
-1.52529e+06
-65636.8
-1.1418e+06
-1.01054e+06
-1.19702e+06
-709337
-2.50723e+06
-415361
-128858
-136003
-741079
-329194
-738574
-649005
-749663
-249829
-782586
-1.02827e+06
-729688
-790153
-570858
-3.56024e+06
-1.0237e+06
-543893
-1.33642e+06
-1.07606e+06
-924054
-138585
-1.65723e+06
-585051
-1.10292e+06
-153568
-753497
-809531
-1.0706e+06
-207941
-247833
-516913
-594229
-1.5516e+06
-1.84057e+06
-1.35269e+06
-748821
-1.75231e+06
-1.33668e+06
-1.08613e+06
-1.08022e+06
-1.09195e+06
-323053
-901801
-833001
-1.52789e+06
-1.58913e+06
-1.08499e+06
-646866
-1.67552e+06
-1.00884e+06
-1.22868e+06
-928612
-1.37827e+06
-612035
-719586
-1.42126e+06
-907001
-1.16948e+06
-660692
-992042
-1.10398e+06
-1.46093e+06
-1.49274e+06
-777893
-1.03338e+06
-1.155e+06
-488440
-627557
-2.57576e+06
-502978
-1.13417e+06
-1.18257e+06
-305325
-1.54809e+06
-1.24068e+06
-1.1277e+06
-87981.3
-155315
-1.54604e+06
-884464
-768544
-919934
-47895.4
-799738
-334175
-427291
-1.12027e+06
-1.57703e+06
-629192
-1.93282e+06
-2.19234e+06
-726623
-1.47246e+06
-408685
-986467
-1.23927e+06
-586015
-1.36443e+06
-1.56516e+06
-283980
-1.74792e+06
-1.10671e+06
-1.31311e+06
-1.566e+06
-1.32526e+06
-1.33736e+06
-291566
-1.68946e+06
-2.08669e+06
-1.01296e+06
-1.65723e+06
-875495
-1.08374e+06
-1.91173e+06
-456410
-1.09316e+06
-1.55907e+06
-1.91809e+06
-993091
-413360
-753093
-337759
-1.87262e+06
-1.87262e+06
-1.8112e+06
-264604
-484093
-1.1018e+06
-1.57484e+06
-826898
-140696
-1.22257e+06
-989099
-189068
-140696
-347480
-1.60129e+06
-1.84612e+06
-1.00661e+06
-1.68574e+06
-1.80053e+06
-679275
-1.86281e+06
-551982
-821502
-2.36218e+06
-836931
-153568
-2.82055e+06
-595751
-1.57608e+06
-578866
-770219
-1.16668e+06
-1.55207e+06
-529758
-674807
-378793
-711795
-1.43796e+06
-456410
-1.29128e+06
-1.39017e+06
-801529
-1.6337e+06
-1.60914e+06
-706989
-1.17996e+06
-1.43893e+06
-1.10719e+06
-1.23047e+06
-1.34179e+06
-783694
-1.30948e+06
-1.23401e+06
-1.0306e+06
-412574
-1.16816e+06
-1.44665e+06
-1.97962e+06
-2.86748e+06
-1.53589e+06
-172320
-883419
-1.10824e+06
-466683
-852165
-928612
-591207
-1.65341e+06
-1.65341e+06
-795050
-907374
-850911
-988131
-844595
-1.35276e+06
-1.15874e+06
-2.28474e+06
-1.43507e+06
-1.53993e+06
-1.7449e+06
-1.33133e+06
-199136
-421038
-1.16668e+06
-276027
-1.50792e+06
-925712
-860198
-1.0866e+06
-1.70162e+06
-908669
-1.79043e+06
-854061
-1.3251e+06
-2.11327e+06
-897955
-1.08411e+06
-1.1749e+06
-428320
-198487
-1.45803e+06
-1.96821e+06
-441268
-2.3943e+06
-1.06544e+06
-824580
-1.29703e+06
-851983
-1.10148e+06
-1.03769e+06
-1.08916e+06
-1.5453e+06
-1.5453e+06
-1.5453e+06
-1.65341e+06
-1.1749e+06
-1.39294e+06
-675032
-432315
-863852
-530556
-1.20738e+06
-251505
-1.3676e+06
-1.29338e+06
-2.12719e+06
-282101
-564058
-1.92033e+06
-1.38005e+06
-2.30719e+06
-2.09504e+06
-390823
-532320
-1.59551e+06
-816970
-1.99337e+06
-1.58913e+06
-1.13315e+06
-646094
-1.65341e+06
-1.69693e+06
-1.36692e+06
-950869
-1.07367e+06
-1.21994e+06
-1.46462e+06
-660692
-1.34566e+06
-1.2809e+06
-1.33133e+06
-1.44844e+06
-841662
-1.44864e+06
-771057
-1.26074e+06
-1.08747e+06
-1.88274e+06
-926683
-1.43918e+06
-1.41297e+06
-1.7623e+06
-1.92048e+06
-198745
-1.44263e+06
-740488
-1.22438e+06
-687050
-832300
-1.64763e+06
-832919
-2.07111e+06
-2.48404e+06
-439090
-570509
-527400
-840954
-253139
-1.51354e+06
-1.42144e+06
-1.11449e+06
-1.08879e+06
-1.35503e+06
-831958
-1.64661e+06
-1.11554e+06
-1.03146e+06
-931468
-2.62092e+06
-2.66055e+06
-1.13417e+06
-1.5453e+06
-1.96753e+06
-350761
-1.63984e+06
-333331
-485712
-1.96116e+06
-1.43796e+06
-1.47993e+06
-1.58804e+06
-1.65341e+06
-1.58804e+06
-1.58804e+06
-1.65341e+06
-1.4874e+06
-1.68946e+06
-1.65341e+06
-1.69693e+06
-1.68946e+06
-1.73375e+06
-1.68946e+06
-1.79913e+06
-1.47993e+06
-1.5453e+06
-1.91584e+06
-1.80752e+06
-802825
-2.33192e+06
-1.3129e+06
-1.08404e+06
-1.2576e+06
-1.13993e+06
-867830
-1.61048e+06
-1.69451e+06
-803270
-274016
-1.87005e+06
-943199
-681371
-1.17758e+06
-470986
-567240
-319361
-462866
-545166
-641295
-1.95301e+06
-1.43796e+06
-1.3465e+06
-2.00597e+06
-1.55821e+06
-968930
-1.43796e+06
-380548
-935071
-1.11272e+06
-1.67625e+06
-1.13417e+06
-1.18984e+06
-1.15296e+06
-1.15296e+06
-1.1418e+06
-1.51757e+06
-885843
-1.73773e+06
-1.5453e+06
-153568
-1.54546e+06
-635054
-1.32962e+06
-1.38005e+06
-1.32962e+06
-1.74119e+06
-2.14089e+06
-1.0226e+06
-1.25989e+06
-784512
-1.97172e+06
-809787
-960674
-1.80126e+06
-2.50792e+06
-912802
-1.64816e+06
-1.36239e+06
-716366
-1.08046e+06
-2.09978e+06
-1.22954e+06
-1.7723e+06
-1.24497e+06
-930888
-1.233e+06
-302279
-1.4874e+06
-293539
-998750
-2.31511e+06
-864562
-1.38005e+06
-1.4874e+06
-1.59551e+06
-761030
-668041
-1.98083e+06
-1.94968e+06
-1.42794e+06
-1.59574e+06
-1.55828e+06
-1.27343e+06
-1.38005e+06
-1.19076e+06
-456373
-685652
-703281
-626319
-243279
-1.27596e+06
-393119
-991951
-389375
-1.33571e+06
-224186
-1.5453e+06
-863329
-2.86618e+06
-860389
-720482
-1.27343e+06
-823064
-1.3795e+06
-1.00768e+06
-1.95466e+06
-1.233e+06
-334793
-1.80752e+06
-1.91584e+06
-1.42253e+06
-1.62721e+06
-111858
-2.94346e+06
-900526
-1.24521e+06
-1.29662e+06
-1.83752e+06
-1.0336e+06
-1.88081e+06
-784268
-848156
-937037
-217890
-526602
-1.43796e+06
-1.08532e+06
-1.23674e+06
-1.23674e+06
-2.57094e+06
-1.24547e+06
-1.74368e+06
-2.19662e+06
-1.27596e+06
-2.38808e+06
-418272
-316754
-1.18079e+06
-458175
-1.36904e+06
-317203
-1.12295e+06
-2.33192e+06
-2.63494e+06
-2.19811e+06
-1.12295e+06
-1.70417e+06
-1.60342e+06
-506656
-1.43796e+06
-1.07691e+06
-2.04818e+06
-2.57612e+06
-1.29912e+06
-1.2809e+06
-1.43796e+06
-1.38753e+06
-1.32962e+06
-1.38752e+06
-1.5453e+06
-1.49487e+06
-1.68946e+06
-1.05168e+06
-1.29481e+06
-1.33682e+06
-1.0137e+06
-1.27596e+06
-1.33952e+06
-1.05184e+06
-3.0327e+06
-107982
-1.32471e+06
-663207
-674806
-1.53013e+06
-1.88255e+06
-1.83299e+06
-1.59706e+06
-2.74517e+06
-785179
-1.33133e+06
-1.27343e+06
-1.38005e+06
-2.37965e+06
-412574
-540225
-1.64248e+06
-2.19662e+06
-2.53977e+06
-1.76677e+06
-2.33192e+06
-421155
-346763
-353624
-690109
-1.43142e+06
-2.80501e+06
-1.53639e+06
-699794
-1.53751e+06
-1.80908e+06
-1.33133e+06
-1.37258e+06
-1.38753e+06
-608793
-703399
-2.86415e+06
-1.4826e+06
-759964
-1.70573e+06
-2.29094e+06
-1.33133e+06
-1.28837e+06
-1.37258e+06
-1.395e+06
-1.395e+06
-1.5453e+06
-1.47993e+06
-1.4874e+06
-1.4295e+06
-1.58057e+06
-1.59551e+06
-1.63155e+06
-1.63155e+06
-1.53013e+06
-646343
-686373
-1.01914e+06
-1.34926e+06
-1.05995e+06
-1.4909e+06
-1.64062e+06
-2.04728e+06
-422158
-2.17927e+06
-1.13618e+06
-442422
-982921
-1.15057e+06
-1.41814e+06
-787485
-2.22067e+06
-1.90399e+06
-1.38005e+06
-508016
-821066
-239229
-1.62691e+06
-2.46401e+06
-202612
-1.15224e+06
-1.28421e+06
-720272
-1.49344e+06
-1.4738e+06
-1.83299e+06
-2.30512e+06
-1.96292e+06
-283636
-1.77751e+06
-1.40648e+06
-1.87064e+06
-2.13522e+06
-1.60963e+06
-1.59706e+06
-785866
-818924
-852155
-885557
-919129
-1.0466e+06
-2.25746e+06
-1.03606e+06
-1.3465e+06
-2.10398e+06
-1.71848e+06
-106582
-2.33007e+06
-2.7606e+06
-2.41875e+06
-2.0712e+06
-1.50977e+06
-2.55625e+06
-353624
-1.46379e+06
-1.46379e+06
-1.62033e+06
-1.30969e+06
-1.37302e+06
-1.54439e+06
-1.1587e+06
-1.61415e+06
-318499
-137424
-845716
-1.73765e+06
-911800
-2.62889e+06
-2.16302e+06
-1.08381e+06
-3.05317e+06
-1.05517e+06
-2.04543e+06
-1.16173e+06
-2.10766e+06
-934889
-1.88032e+06
-1.2399e+06
-1.18027e+06
-353623
-353623
-377850
-1.49961e+06
-1.34642e+06
-1.3465e+06
-187065
-1.20082e+06
-983900
-879774
-788856
-1.19076e+06
-640985
-840142
-384597
-1.3862e+06
-512257
-1.25833e+06
-461545
-681093
-1.14178e+06
-1.44723e+06
-884841
-282882
-443637
-350941
-1.88808e+06
-1.75022e+06
-2.39923e+06
-258979
-2.44652e+06
-2.06266e+06
-1.42082e+06
-2.28068e+06
-493937
-300680
-1.18784e+06
-1.92137e+06
-1.54843e+06
-1.99566e+06
-553133
-1.2606e+06
-709826
-1.69269e+06
-450689
-482836
-243199
-355043
-1.1275e+06
-818237
-760191
-2.38982e+06
-1.26448e+06
-1.81396e+06
-1.17427e+06
-1.11591e+06
-156595
-969301
-1.3029e+06
-484957
-719520
-1.14225e+06
-1.30419e+06
-752295
-2.2968e+06
-2.53259e+06
-1.38796e+06
-595904
-3.05798e+06
-2.47211e+06
-289298
-1.19076e+06
-574141
-1.67475e+06
-1.01969e+06
-1.20082e+06
-570193
-115310
-1.07704e+06
-1.25833e+06
-1.78583e+06
-2.25879e+06
-1.50104e+06
-1.57235e+06
-1.22e+06
-2.58903e+06
-2.26586e+06
-1.90283e+06
-1.81356e+06
-917759
-689149
-814401
-882031
-992417
-1.06265e+06
-873745
-1.00083e+06
-1.06514e+06
-1.1169e+06
-1.12451e+06
-1.03364e+06
-1.04081e+06
-297563
-1.4081e+06
-980452
-1.01613e+06
-1.08755e+06
-567406
-812273
-2.02809e+06
-1.69797e+06
-519034
-2.68424e+06
-2.63131e+06
-2.3449e+06
-1.31451e+06
-1.73391e+06
-1.95911e+06
-1.23607e+06
-2.12088e+06
-1.65464e+06
-2.02322e+06
-278349
-969385
-1.06345e+06
-1.10772e+06
-1.30012e+06
-1.33367e+06
-907821
-942017
-1.08045e+06
-910022
-916032
-984428
-1.13217e+06
-1.52353e+06
-2.50556e+06
-90663.4
-1.00075e+06
-2.3454e+06
-541816
-1.83693e+06
-791760
-827752
-875821
-1.64618e+06
-1.76906e+06
-1.73321e+06
-1.76834e+06
-1.72385e+06
-2.72725e+06
-1.74598e+06
-2.56477e+06
-2.32228e+06
-2.86587e+06
-1.09683e+06
-1.95982e+06
-664551
-1.0141e+06
-1.96838e+06
-2.75936e+06
-601997
-2.69366e+06
-1.11288e+06
-157742
-1.18167e+06
-1.93496e+06
-1.56662e+06
-1.57252e+06
-2.12391e+06
-794942
-648237
-2.23271e+06
-2.21583e+06
-1.70494e+06
-1.39511e+06
-2.04481e+06
-2.07292e+06
-1.65419e+06
-2.48291e+06
-2.81924e+06
-1.60652e+06
-1.13678e+06
-986649
-1.74229e+06
-1.05182e+06
-974138
-1.00941e+06
-1.04474e+06
-2.87926e+06
-2.01772e+06
-2.89896e+06
-2.56802e+06
-1.13481e+06
-2.76768e+06
-2.28841e+06
-3.35482e+06
-1.75932e+06
-1.7819e+06
-2.52437e+06
-1.35605e+06
-1.39289e+06
-1.46068e+06
-1.36842e+06
-1.47362e+06
-1.56466e+06
-1.36842e+06
-1.59421e+06
-1.70247e+06
-3.21462e+06
-2.93804e+06
-1.57675e+06
-2.0504e+06
-1.95794e+06
-1.7409e+06
-1.81286e+06
-1.8464e+06
-1.40555e+06
-1.43773e+06
-1.47493e+06
-1.40555e+06
-1.54337e+06
-1.42978e+06
-1.29709e+06
-1.32865e+06
-2.86829e+06
-2.12198e+06
-2.08803e+06
-897702
-52395.7
-47926.6
-82977.6
-62420.2
-47957.6
-59813.9
-38658
-2.6642e+06
-2.66688e+06
-2.58552e+06
-2.15746e+06
-1.34245e+06
-1.27741e+06
-2.97284e+06
-1.08992e+06
-2.67062e+06
-1.62272e+06
-1.98561e+06
-2.67809e+06
-1.80053e+06
-1.70555e+06
-1.58315e+06
-1.39722e+06
-1.58315e+06
-1.2332e+06
-1.58315e+06
-1.61965e+06
-475796
-405142
-802698
-380987
-410151
-443249
-452587
-475795
-475788
-439646
-434634
-470719
-904851
-427758
-638430
-469457
-529974
-982587
-857163
-399757
-362134
-356797
-367114
-414433
-419413
-890359
-449868
-362126
-405094
-409097
-419410
-570795
-955733
-419410
-857164
-799261
-20765.2
-472325
-366022
-789846
-537647
-434480
-578448
-487070
-495238
-564767
-940635
-526044
-542578
-372183
-452277
-572697
-508315
-424483
-433033
-558747
-1.17508e+06
-1.9485e+06
-116249
-150263
-188937
-1.17797e+06
-1.12132e+06
-195199
-815260
-331041
-311503
-585425
-679529
-662287
-257078
-395123
-821561
-722490
-787392
-697373
-747805
-1.14282e+06
-453505
-449926
-650787
-1.1559e+06
-639955
-635702
-639955
-650784
-607823
-650787
-687804
-650788
-607827
-650787
-607826
-89013.1
-48967.7
-854393
-368068
-120022
-78316.8
-426898
-131021
-108894
-62707.4
-444107
-98933.4
-113876
-136574
-92714.3
-87732.7
-540080
-4997.15
-6882.36
-6882.61
-6884.93
-19949.5
-21830.7
-26811
-19946.7
-55730.8
-128525
-168186
-66119.4
-114955
-39673.9
-58272.2
-30849
-73249.8
-73248.9
-73250.1
-359095
-739656
-751074
-708113
-268398
-345862
-165827
-349859
-639412
-575934
-303510
-115000
-994988
-162833
-108689
-189786
-141196
-246110
-170141
-101106
-492579
-88264.1
-127504
-110849
-673199
-114670
-137247
-254064
-37929.5
-73034.8
-72346.5
-89730.3
-92993.2
-144580
-866342
-713480
-693779
-153727
-706793
-711124
-473319
-271061
-651183
-793689
-834864
-267779
-295780
-163439
-67317.4
-583186
-398354
-42988
-61892.5
-919537
-931579
-932611
-944653
-938095
-949723
-1.19592e+06
-928524
-1.02939e+06
-926655
-1.12772e+06
-966161
-953087
-970523
-975375
-1.30668e+06
-1.30668e+06
-652257
-690965
-971858
-785830
-648004
-733530
-1.18285e+06
-776491
-690965
-874693
-955010
-144529
-155053
-139122
-410082
-167058
-192276
-319509
-95897.9
-30065.2
-60587.2
-125124
-164792
-50692.6
-96661.8
-264065
-255309
-136901
-975568
-1.17167e+06
-215127
-181282
-227725
-196225
-171279
-122953
-935566
-922897
-1.01141e+06
-925485
-978526
-1.08425e+06
-1.01141e+06
-1.10719e+06
-1.08425e+06
-1.32962e+06
-1.11974e+06
-1.43796e+06
-1.33133e+06
-1.33133e+06
-1.28837e+06
-1.28837e+06
-1.08425e+06
-1.08425e+06
-1.07678e+06
-1.5453e+06
-1.40709e+06
-1.22533e+06
-1.43796e+06
-1.43796e+06
-1.43796e+06
-1.43796e+06
-1.40708e+06
-1.1749e+06
-1.13194e+06
-1.22533e+06
-1.22533e+06
-1.22533e+06
-1.18237e+06
-1.20805e+06
-1.33133e+06
-1.33133e+06
-1.43796e+06
-1.5453e+06
-1.5453e+06
-522419
-1.07321e+06
-363000
-363015
-464027
-560870
-686123
-674841
-887337
-592668
-666529
-703798
-1.34468e+06
-655157
-484484
-203738
-916193
-1.40639e+06
-1.38776e+06
-216626
-357101
-594406
-771669
-902865
-513274
-1.2305e+06
-1.00592e+06
-488074
-1.2858e+06
-821561
-1.04817e+06
-820716
-646936
-152036
-1.35241e+06
-888172
-867076
-680898
-392904
-423184
-1.08492e+06
-1.10936e+06
-1.16483e+06
-511478
-1.10851e+06
-1.13402e+06
-886462
-934784
-1.315e+06
-1.20084e+06
-994664
-194556
-120000
-169339
-817743
-910166
-715991
-1.10923e+06
-1.6604e+06
-1.09178e+06
-974200
-357472
-944302
-902867
-808673
-1.02009e+06
-757930
-790241
-1.86598e+06
-1.02434e+06
-918955
-1.15942e+06
-895751
-996698
-1.62911e+06
-517608
-939765
-879761
-1.25299e+06
-1.09178e+06
-1.66572e+06
-1.17067e+06
-896868
-1.37946e+06
-951695
-840458
-2.57094e+06
-19616.7
-29862.1
-94472.7
-350483
-15011.1
-402988
-412327
-360027
-402988
-412327
-419202
-419202
-766707
-766707
-1.36955e+06
-1.23349e+06
-1.35863e+06
-689924
-2.08743e+06
-699456
-1.15495e+06
-1.26446e+06
-711708
-1.3472e+06
-1.23105e+06
-375165
-1.3034e+06
-842571
-129785
-1.52485e+06
-898020
-457964
-381410
-569906
-540695
-510422
-174809
-643498
-915408
-289106
-297190
-829283
-794944
-2.93211e+06
-1.42741e+06
-1.98532e+06
-1.81565e+06
-700729
-612095
-778506
-1.35348e+06
-1.03859e+06
-1.39366e+06
-1.27067e+06
-1.23225e+06
-448972
-388841
-99463.4
-122465
-118294
-861600
-1.28525e+06
-949014
-1.09887e+06
-1.67342e+06
-1.78019e+06
-1.50185e+06
-587209
-47829.1
-195860
-9276.1
-137044
-217814
-293744
-693193
-186790
-243351
-301822
-396751
-1.42098e+06
-699534
-271180
-555709
-1.24661e+06
-2.04684e+06
-67789.3
-1.74071e+06
-1.44261e+06
-1.463e+06
-1.17996e+06
-166329
-638532
-530259
-405027
-421105
-593288
-594733
-651396
-1.41642e+06
-497988
-55727.5
-94346.8
-145592
-1.4892e+06
-603436
-681276
-503318
-1.19052e+06
-558251
-1.35832e+06
-1.74269e+06
-1.4928e+06
-1.2884e+06
-1.70249e+06
-1.74618e+06
-1.70417e+06
-1.636e+06
-1.43796e+06
-1.24347e+06
-1.21552e+06
-1.10866e+06
-1.00657e+06
-391699
-1.0274e+06
-223595
-1.04071e+06
-725596
-562803
-434081
-1.57316e+06
-311346
-1.84733e+06
-1.22431e+06
-2.12036e+06
-1.44891e+06
-1.94971e+06
-1.37042e+06
-1.2365e+06
-1.40626e+06
-993970
-2.1718e+06
-1.5296e+06
-1.41936e+06
-875205
-1.44823e+06
-785400
-2.0744e+06
-1.79549e+06
-1.79993e+06
-1.82854e+06
-1.56552e+06
-139893
-562408
-920709
-1.26268e+06
-2.43838e+06
-2.19294e+06
-1.8629e+06
-1.60796e+06
-1.65412e+06
-1.41508e+06
-1.56009e+06
-1.57344e+06
-1.77645e+06
-2.03804e+06
-2.40826e+06
-421660
-1.06975e+06
-664109
-621149
-961407
-752465
-509147
-961406
-762778
-1.05978e+06
-881090
-709338
-1.31859e+06
-885698
-757511
-657303
-747982
-778702
-858754
-614343
-697551
-733777
-678662
-1.35719e+06
-644009
-775081
-841552
-875030
-103832
-35483.2
-179547
-67636.5
-2.02807e+06
-1.98351e+06
-2.0848e+06
-1.60724e+06
-2.08559e+06
-1.82596e+06
-1.47466e+06
-1.369e+06
-1.27382e+06
-1.36785e+06
-1.52347e+06
-2.56828e+06
-1.59515e+06
-1.85208e+06
-1.97924e+06
-2.2911e+06
-795592
-786603
-278850
-783897
-995130
-802395
-774044
-799848
-352049
-952556
-964637
-1.25209e+06
-881443
-794111
-652873
-792246
-1.04528e+06
-883746
-346980
-332245
-659701
-766722
-780785
-728485
-780785
-771446
-780785
-529542
-1.0871e+06
-122674
-122675
-283882
-198460
-610325
-745882
-1.02062e+06
-122764
-409087
-213641
-480929
-244980
-391872
-167541
-314456
-201738
-153233
-278087
-249379
-311346
-301970
-344888
-339103
-389906
-587131
-457146
-377836
-725596
-572300
-427465
-629060
-601099
-444110
-615066
-662372
-488703
-362132
-632978
-705702
-552108
-436312
-680859
-739128
-749997
-724147
-596994
-849940
-593720
-1.1048e+06
-569215
-745632
-650784
-742728
-657304
-648996
-747063
-752753
-617822
-664110
-533767
-660783
-768942
-884194
-1.10017e+06
-726742
-780354
-786270
-935382
-894157
-697711
-838665
-1.15126e+06
-686212
-813782
-678663
-686212
-678663
-946778
-740163
-422136
-847350
-751073
-781621
-668249
-526627
-757511
-869231
-665495
-881062
-979506
-747983
-1.03008e+06
-733629
-1.02995e+06
-700938
-877841
-743209
-1.46137e+06
-925433
-1.09939e+06
-578432
-650788
-797701
-911943
-1.19129e+06
-1.19714e+06
-1.36785e+06
-1.12799e+06
-1.49737e+06
-712124
-1.60713e+06
-783510
-742815
-769685
-803454
-789009
-855754
-646779
-945856
-1.11858e+06
-605218
-750995
-740814
-1.52738e+06
-654286
-1.47466e+06
-984782
-758090
-874552
-790240
-958521
-889722
-1.61052e+06
-943451
-1.10717e+06
-958521
-956226
-996538
-882125
-1.55923e+06
-1.06436e+06
-1.55697e+06
-780280
-879805
-1.05316e+06
-1.07361e+06
-1.0876e+06
-947954
-1.04882e+06
-1.11715e+06
-946087
-1.209e+06
-1.60724e+06
-921008
-921008
-1.35064e+06
-1.67753e+06
-1.04147e+06
-1.26074e+06
-1.19824e+06
-1.10867e+06
-1.97924e+06
-1.23444e+06
-1.55101e+06
-1.27397e+06
-1.90119e+06
-1.64934e+06
-1.29242e+06
-1.28069e+06
-1.16346e+06
-1.37316e+06
-1.16764e+06
-993440
-1.15053e+06
-1.77645e+06
-1.38997e+06
-1.68334e+06
-1.82596e+06
-1.28533e+06
-1.13472e+06
-1.18792e+06
-1.35061e+06
-1.24349e+06
-2.03804e+06
-1.49402e+06
-1.2459e+06
-1.2444e+06
-1.08437e+06
-1.25066e+06
-1.30028e+06
-1.36526e+06
-1.98351e+06
-1.30524e+06
-1.40741e+06
-2.00703e+06
-1.4998e+06
-1.54671e+06
-1.18237e+06
-1.23735e+06
-1.60129e+06
-1.49776e+06
-2.08559e+06
-1.44368e+06
-1.13472e+06
-1.13194e+06
-1.14279e+06
-1.46173e+06
-1.33053e+06
-1.18984e+06
-1.32407e+06
-1.04632e+06
-1.62204e+06
-1.45187e+06
-1.53588e+06
-1.41397e+06
-1.52993e+06
-1.47806e+06
-2.3272e+06
-1.39477e+06
-1.62105e+06
-1.43568e+06
-1.68179e+06
-1.23548e+06
-1.23548e+06
-1.14279e+06
-1.56715e+06
-1.5633e+06
-1.56738e+06
-1.54446e+06
-1.23047e+06
-1.56762e+06
-2.2911e+06
-1.20805e+06
-1.33133e+06
-1.20805e+06
-1.29584e+06
-1.52457e+06
-1.7052e+06
-1.13781e+06
-1.65183e+06
-1.3151e+06
-578451
-1.78223e+06
-1.49094e+06
-1.39654e+06
-1.54785e+06
-1.49834e+06
-1.60216e+06
-1.42626e+06
-1.61335e+06
-1.46021e+06
-1.31539e+06
-1.65829e+06
-1.68956e+06
-1.62049e+06
-2.14275e+06
-1.49141e+06
-1.57288e+06
-2.21952e+06
-1.61965e+06
-1.64206e+06
-2.25804e+06
-1.69641e+06
-1.38005e+06
-1.53437e+06
-1.70744e+06
-1.38005e+06
-2.18109e+06
-1.53443e+06
-1.54499e+06
-1.90531e+06
-1.54499e+06
-1.92211e+06
-2.40826e+06
-1.29214e+06
-1.90531e+06
-1.43796e+06
-1.50846e+06
-1.56162e+06
-1.75218e+06
-1.62916e+06
-1.60407e+06
-1.63071e+06
-1.63756e+06
-1.80228e+06
-1.63697e+06
-1.56049e+06
-1.63605e+06
-1.71957e+06
-1.65412e+06
-1.48703e+06
-1.75425e+06
-1.75425e+06
-2.56828e+06
-1.64799e+06
-1.75425e+06
-1.70801e+06
-2.04688e+06
-1.4874e+06
-1.75425e+06
-1.75425e+06
-1.76253e+06
-1.40708e+06
-1.79721e+06
-1.9327e+06
-1.29128e+06
-1.96856e+06
-2.84899e+06
-1.89914e+06
-1.93474e+06
-1.82958e+06
-3.46904e+06
-1.83286e+06
-1.8518e+06
-1.76194e+06
-1.76194e+06
-1.76194e+06
-2.14412e+06
-1.88611e+06
-1.31539e+06
-1.72436e+06
-1.87582e+06
-1.8049e+06
-1.80095e+06
-1.91637e+06
-1.84864e+06
-1.55624e+06
-1.60407e+06
-1.71783e+06
-2.11373e+06
-1.93393e+06
-2.21555e+06
-1.97303e+06
-1.65341e+06
-1.90471e+06
-1.84798e+06
-1.88718e+06
-1.58057e+06
-2.02839e+06
-2.39482e+06
-1.93812e+06
-2.0221e+06
-2.01144e+06
-1.87619e+06
-1.64799e+06
-1.83222e+06
-1.72278e+06
-1.59024e+06
-1.96442e+06
-1.59024e+06
-1.68881e+06
-1.59024e+06
-1.63136e+06
-1.68881e+06
-2.31875e+06
-1.99264e+06
-2.95595e+06
-1.60914e+06
-2.08843e+06
-1.91346e+06
-2.41796e+06
-2.20824e+06
-2.50146e+06
-1.71463e+06
-1.47839e+06
-3.00372e+06
-2.20504e+06
-2.14724e+06
-1.70672e+06
-2.51464e+06
-2.51493e+06
-2.20483e+06
-2.28387e+06
-2.48559e+06
-2.40794e+06
-2.68466e+06
-1.79913e+06
-1.67434e+06
-1.86077e+06
-2.20233e+06
-2.36071e+06
-2.60646e+06
-1.92936e+06
-2.52469e+06
-1.931e+06
-2.4415e+06
-2.28472e+06
-2.60564e+06
-2.99518e+06
-2.85226e+06
-2.3437e+06
-2.28564e+06
-2.33501e+06
-3.03762e+06
-2.74562e+06
-3.04408e+06
-2.84161e+06
-3.13673e+06
-3.40899e+06
-5.86065e+06
-186392
-234759
-372180
-1.2403e+06
-378935
-490959
-424482
-700398
-733433
-606974
-482938
-589539
-793330
-771947
-518155
-561999
-870017
-583979
-592971
-677452
-628964
-681890
-644007
-686968
-1.96636e+06
-679405
-372182
-693441
-1.56202e+06
-1.0944e+06
-771469
-808362
-814364
-947885
-846870
-966274
-823073
-934268
-1.01296e+06
-1.13474e+06
-1.1283e+06
-1.13284e+06
-1.16975e+06
-902105
-1.24561e+06
-1.16975e+06
-847075
-680367
-872867
-1.17164e+06
-866964
-1.24791e+06
-957815
-794549
-1.16974e+06
-1.19887e+06
-1.20655e+06
-1.16974e+06
-1.77751e+06
-1.36144e+06
-1.24331e+06
-998962
-1.08916e+06
-1.01484e+06
-1.60461e+06
-1.2433e+06
-935864
-1.27304e+06
-991249
-1.21737e+06
-1.28104e+06
-1.0897e+06
-1.68782e+06
-945605
-1.05351e+06
-1.02003e+06
-1.31678e+06
-1.07969e+06
-1.31359e+06
-997018
-1.11301e+06
-1.12997e+06
-1.39226e+06
-1.16206e+06
-1.0798e+06
-1.15707e+06
-1.0535e+06
-1.19216e+06
-1.1932e+06
-1.40796e+06
-1.26391e+06
-1.23075e+06
-1.22518e+06
-1.21478e+06
-1.25257e+06
-1.17347e+06
-1.40483e+06
-1.30557e+06
-1.68258e+06
-1.30012e+06
-1.48329e+06
-1.48329e+06
-1.40407e+06
-1.27477e+06
-1.20556e+06
-1.31981e+06
-1.60534e+06
-1.64618e+06
-1.60534e+06
-1.18257e+06
-1.64258e+06
-1.31149e+06
-1.24047e+06
-1.42759e+06
-1.5633e+06
-1.37354e+06
-1.69444e+06
-1.38739e+06
-1.49961e+06
-1.4498e+06
-1.34825e+06
-1.49134e+06
-1.39122e+06
-1.44322e+06
-1.64182e+06
-1.49703e+06
-1.69333e+06
-1.77785e+06
-1.4738e+06
-1.73928e+06
-1.38506e+06
-1.62692e+06
-1.73928e+06
-1.77567e+06
-1.42193e+06
-1.6564e+06
-1.33596e+06
-1.60842e+06
-1.51464e+06
-1.25935e+06
-1.20084e+06
-1.82242e+06
-1.45888e+06
-1.45889e+06
-1.49589e+06
-1.81261e+06
-1.58557e+06
-1.71592e+06
-1.7432e+06
-1.94747e+06
-1.50011e+06
-1.62221e+06
-1.77338e+06
-1.89997e+06
-1.71746e+06
-1.61822e+06
-1.48988e+06
-1.76263e+06
-1.88804e+06
-1.81732e+06
-1.35269e+06
-1.7819e+06
-1.8629e+06
-2.00038e+06
-2.0327e+06
-1.96856e+06
-2.03926e+06
-1.36789e+06
-1.88811e+06
-1.90841e+06
-2.22604e+06
-1.53992e+06
-1.86296e+06
-1.59783e+06
-1.45961e+06
-2.22604e+06
-1.59783e+06
-1.76588e+06
-1.45961e+06
-2.07817e+06
-1.59783e+06
-1.53992e+06
-2.1109e+06
-1.53992e+06
-1.48202e+06
-1.90283e+06
-1.82718e+06
-1.90899e+06
-1.80422e+06
-1.97969e+06
-1.95389e+06
-2.14559e+06
-2.10147e+06
-1.84258e+06
-2.27394e+06
-2.12831e+06
-1.7065e+06
-1.63365e+06
-2.21811e+06
-1.64113e+06
-1.64113e+06
-1.7065e+06
-1.91324e+06
-1.66313e+06
-1.74308e+06
-1.74308e+06
-1.75055e+06
-2.01772e+06
-2.31277e+06
-2.2968e+06
-2.59903e+06
-2.74341e+06
-2.2958e+06
-2.10579e+06
-2.30223e+06
-2.57217e+06
-3.67085e+06
-5.73488e+06
-62312.6
-137066
-142873
-261482
-150779
-336530
-267114
-380223
-47895.9
-258241
-221388
-264055
-283883
-295333
-339820
-264055
-423756
-329489
-398628
-436829
-577075
-805297
-482057
-436961
-308239
-511695
-272742
-677835
-247606
-489354
-620046
-495734
-487068
-433550
-424211
-624773
-678368
-806645
-395766
-795250
-713686
-503468
-603087
-580177
-571947
-729729
-610326
-752666
-633989
-581607
-683454
-1.16089e+06
-806260
-730671
-730672
-730672
-644695
-659356
-716496
-702316
-1.17008e+06
-494412
-409559
-1.35905e+06
-702670
-1.23251e+06
-825027
-1.05945e+06
-749658
-593688
-947820
-740163
-689732
-655008
-580178
-654529
-782949
-848851
-1.41868e+06
-747983
-515803
-703281
-814352
-1.29361e+06
-722538
-1.13597e+06
-715620
-765429
-758580
-758650
-806358
-654287
-1.56774e+06
-1.41868e+06
-792097
-813600
-765446
-653203
-745818
-771446
-832661
-819178
-837359
-1.09184e+06
-863075
-946899
-1.44401e+06
-1.09184e+06
-1.44401e+06
-855934
-1.5207e+06
-1.07631e+06
-935952
-819663
-843142
-931038
-935953
-856518
-867915
-971451
-867009
-1.02828e+06
-1.39389e+06
-754746
-942299
-859144
-1.55697e+06
-979294
-979294
-859125
-793954
-861982
-999946
-909661
-697246
-966220
-1.84377e+06
-1.10265e+06
-1.10265e+06
-1.10265e+06
-942299
-921849
-801295
-1.12429e+06
-1.24063e+06
-1.24561e+06
-840954
-821562
-771130
-989186
-893327
-1.16468e+06
-902079
-903509
-703204
-1.61052e+06
-981768
-1.48555e+06
-1.62985e+06
-880474
-1.05452e+06
-1.02879e+06
-908343
-1.00919e+06
-936350
-1.20655e+06
-1.01969e+06
-1.01969e+06
-927627
-930973
-968900
-1.09839e+06
-1.09839e+06
-905157
-1.20845e+06
-1.20104e+06
-942978
-936350
-1.20082e+06
-1.62892e+06
-1.20082e+06
-1.69492e+06
-1.12003e+06
-1.01841e+06
-1.54746e+06
-1.9128e+06
-1.05024e+06
-962035
-1.10549e+06
-1.20353e+06
-970736
-1.20353e+06
-1.08524e+06
-1.59335e+06
-1.24331e+06
-1.23346e+06
-1.21137e+06
-1.21137e+06
-1.21354e+06
-1.04921e+06
-1.33432e+06
-1.07367e+06
-1.33432e+06
-996557
-1.62985e+06
-1.05411e+06
-1.12205e+06
-977629
-1.28005e+06
-983697
-1.01738e+06
-863104
-1.00524e+06
-1.0312e+06
-1.03126e+06
-921008
-1.05885e+06
-1.07064e+06
-1.2927e+06
-1.4773e+06
-956687
-1.31679e+06
-1.14267e+06
-1.01241e+06
-1.1883e+06
-1.66729e+06
-1.0049e+06
-1.15359e+06
-1.06596e+06
-954766
-1.0184e+06
-1.25807e+06
-1.32656e+06
-969317
-1.30561e+06
-1.77939e+06
-1.03959e+06
-1.0349e+06
-1.11455e+06
-1.10802e+06
-1.28232e+06
-1.06918e+06
-1.29411e+06
-1.07463e+06
-1.13761e+06
-1.44652e+06
-1.55846e+06
-1.15256e+06
-1.39036e+06
-1.57153e+06
-1.5742e+06
-1.23683e+06
-1.08747e+06
-1.0823e+06
-1.30634e+06
-1.36392e+06
-1.11851e+06
-1.90022e+06
-1.23619e+06
-1.34233e+06
-959407
-1.13868e+06
-1.14453e+06
-1.17158e+06
-1.20287e+06
-1.22212e+06
-1.19126e+06
-1.19263e+06
-1.0213e+06
-1.40122e+06
-1.25078e+06
-1.18456e+06
-1.25078e+06
-1.03099e+06
-1.18181e+06
-1.98017e+06
-1.26433e+06
-1.54083e+06
-1.59862e+06
-1.33854e+06
-1.22625e+06
-1.81403e+06
-1.201e+06
-1.9267e+06
-1.47989e+06
-1.62721e+06
-1.39977e+06
-1.22499e+06
-1.12163e+06
-1.41672e+06
-1.26305e+06
-1.42033e+06
-1.38079e+06
-1.4927e+06
-1.4927e+06
-1.62011e+06
-1.29982e+06
-1.42464e+06
-1.39527e+06
-1.04975e+06
-1.2576e+06
-1.39617e+06
-1.32978e+06
-1.38071e+06
-1.39194e+06
-1.33367e+06
-1.39326e+06
-1.38998e+06
-1.23617e+06
-1.28865e+06
-1.32264e+06
-1.35295e+06
-1.30228e+06
-1.40111e+06
-1.36108e+06
-1.77274e+06
-1.32034e+06
-1.3366e+06
-1.46736e+06
-1.39373e+06
-1.33091e+06
-1.40115e+06
-1.5633e+06
-1.26829e+06
-1.18257e+06
-1.37341e+06
-1.5633e+06
-1.42558e+06
-1.18257e+06
-1.91589e+06
-1.5633e+06
-1.24047e+06
-1.70897e+06
-1.50383e+06
-1.62104e+06
-1.4462e+06
-1.81164e+06
-1.40997e+06
-1.5633e+06
-1.73144e+06
-1.23818e+06
-1.5633e+06
-1.5633e+06
-1.73069e+06
-1.51591e+06
-2.29575e+06
-1.44874e+06
-1.6574e+06
-1.55022e+06
-1.7522e+06
-1.51456e+06
-1.81754e+06
-1.47006e+06
-1.85678e+06
-1.40201e+06
-1.52576e+06
-1.44713e+06
-1.65831e+06
-1.03202e+06
-1.85051e+06
-2.18782e+06
-1.55376e+06
-1.83126e+06
-1.7653e+06
-1.9408e+06
-1.58464e+06
-1.33133e+06
-1.85677e+06
-1.6948e+06
-1.49702e+06
-1.89596e+06
-1.4392e+06
-1.59769e+06
-1.2809e+06
-1.53154e+06
-1.25935e+06
-1.73078e+06
-1.34799e+06
-1.55752e+06
-1.80873e+06
-1.28177e+06
-1.3322e+06
-1.88936e+06
-1.54987e+06
-1.38263e+06
-1.33967e+06
-1.6193e+06
-1.62262e+06
-1.3322e+06
-1.38263e+06
-1.33967e+06
-1.62018e+06
-1.33967e+06
-1.38263e+06
-2.0632e+06
-1.38263e+06
-1.28177e+06
-1.6173e+06
-1.38263e+06
-1.38263e+06
-1.89595e+06
-1.3322e+06
-1.38263e+06
-1.73226e+06
-1.33967e+06
-1.67631e+06
-1.93511e+06
-1.38263e+06
-947321
-1.38263e+06
-1.42282e+06
-1.34714e+06
-1.61544e+06
-1.76036e+06
-1.34714e+06
-1.91605e+06
-1.28177e+06
-1.9351e+06
-1.97425e+06
-1.45055e+06
-1.8088e+06
-1.83596e+06
-1.72109e+06
-1.9445e+06
-2.0134e+06
-1.62413e+06
-1.72663e+06
-1.6094e+06
-1.43796e+06
-1.95537e+06
-1.74738e+06
-1.66679e+06
-1.93577e+06
-1.58888e+06
-2.01338e+06
-1.43198e+06
-2.34856e+06
-1.48988e+06
-2.47865e+06
-1.43198e+06
-1.94636e+06
-1.38678e+06
-1.43945e+06
-1.48988e+06
-1.48988e+06
-1.43945e+06
-1.44692e+06
-1.43198e+06
-1.78891e+06
-1.48988e+06
-1.48988e+06
-1.48988e+06
-1.48988e+06
-1.44692e+06
-2.09173e+06
-1.43198e+06
-1.48988e+06
-1.48988e+06
-1.72595e+06
-1.48988e+06
-1.38155e+06
-1.50152e+06
-1.48989e+06
-1.43945e+06
-1.43945e+06
-1.8363e+06
-1.45998e+06
-1.38155e+06
-1.70066e+06
-1.60956e+06
-1.98407e+06
-1.87326e+06
-1.62122e+06
-1.89542e+06
-1.81758e+06
-2.1882e+06
-2.14899e+06
-2.05465e+06
-1.7563e+06
-2.1026e+06
-3.09459e+06
-2.07447e+06
-1.77724e+06
-1.8566e+06
-1.76688e+06
-2.16086e+06
-1.53992e+06
-2.1581e+06
-2.11039e+06
-2.00906e+06
-1.76194e+06
-1.8006e+06
-2.08306e+06
-1.72406e+06
-1.59783e+06
-1.59783e+06
-1.53245e+06
-1.59783e+06
-1.79574e+06
-1.83399e+06
-1.59783e+06
-1.79327e+06
-2.37293e+06
-1.53245e+06
-1.59783e+06
-1.13378e+06
-1.83529e+06
-2.29743e+06
-2.01287e+06
-2.04438e+06
-1.67519e+06
-2.00666e+06
-2.04993e+06
-1.85394e+06
-1.86562e+06
-1.86589e+06
-2.42938e+06
-1.98619e+06
-2.05863e+06
-2.01334e+06
-2.06361e+06
-1.97825e+06
-2.35565e+06
-2.04606e+06
-2.18943e+06
-2.15272e+06
-1.94849e+06
-2.05104e+06
-2.12655e+06
-1.58057e+06
-1.53013e+06
-2.34459e+06
-2.48339e+06
-2.14067e+06
-2.43838e+06
-1.6486e+06
-2.47259e+06
-1.97195e+06
-2.24698e+06
-2.28606e+06
-2.32717e+06
-1.77563e+06
-1.19609e+06
-1.63365e+06
-2.21284e+06
-1.95698e+06
-2.4963e+06
-2.29407e+06
-2.31051e+06
-2.39923e+06
-1.81027e+06
-1.97209e+06
-2.40908e+06
-1.94527e+06
-2.31054e+06
-2.41268e+06
-2.20041e+06
-1.86373e+06
-2.06131e+06
-1.94842e+06
-2.54547e+06
-2.05158e+06
-2.21697e+06
-2.43809e+06
-1.66276e+06
-2.10044e+06
-2.08078e+06
-1.9981e+06
-2.2524e+06
-2.2029e+06
-2.13069e+06
-1.98179e+06
-2.1089e+06
-2.08467e+06
-2.41451e+06
-2.12956e+06
-2.77407e+06
-2.02244e+06
-2.23246e+06
-2.43784e+06
-2.25895e+06
-2.15024e+06
-2.23224e+06
-2.0862e+06
-2.14892e+06
-2.61075e+06
-2.34505e+06
-2.095e+06
-2.19678e+06
-2.13796e+06
-2.35666e+06
-2.0088e+06
-2.20356e+06
-2.23336e+06
-2.74073e+06
-2.09748e+06
-2.28187e+06
-2.29941e+06
-2.13194e+06
-2.51053e+06
-2.3647e+06
-2.59868e+06
-3.19139e+06
-2.5909e+06
-2.37638e+06
-2.13433e+06
-2.37391e+06
-3.12434e+06
-2.41687e+06
-2.29704e+06
-2.30089e+06
-2.42629e+06
-2.63777e+06
-2.09748e+06
-2.37638e+06
-2.55183e+06
-2.4778e+06
-2.43871e+06
-2.58388e+06
-1.45148e+06
-3.17539e+06
-2.41137e+06
-2.32889e+06
-2.37148e+06
-2.94734e+06
-2.37185e+06
-2.61944e+06
-2.36809e+06
-2.36543e+06
-2.37185e+06
-2.7951e+06
-2.57957e+06
-2.4592e+06
-2.09748e+06
-2.18014e+06
-2.37638e+06
-2.2952e+06
-2.78785e+06
-2.48519e+06
-2.19601e+06
-2.4158e+06
-2.61251e+06
-2.65547e+06
-2.88198e+06
-1.91498e+06
-2.64914e+06
-2.6513e+06
-2.8508e+06
-2.5986e+06
-2.65547e+06
-2.49812e+06
-2.88351e+06
-2.90173e+06
-2.93623e+06
-2.37638e+06
-2.50718e+06
-2.60852e+06
-2.54167e+06
-2.67463e+06
-3.04468e+06
-2.30186e+06
-2.64856e+06
-3.07106e+06
-2.71518e+06
-3.1046e+06
-3.21462e+06
-2.78396e+06
-2.89765e+06
-3.79302e+06
-2.69762e+06
-2.93939e+06
-2.73068e+06
-2.73222e+06
-2.7644e+06
-2.742e+06
-2.91848e+06
-2.91276e+06
-3.02229e+06
-2.97525e+06
-2.97184e+06
-3.02121e+06
-3.30186e+06
-3.12037e+06
-3.04612e+06
-3.30401e+06
-3.31574e+06
-4.40403e+06
-3.16639e+06
-3.49422e+06
-3.43287e+06
-4.23818e+06
-3.83144e+06
-3.77142e+06
-4.29495e+06
-3.83046e+06
-3.87759e+06
-3.80822e+06
-3.48199e+06
-4.15521e+06
-4.15521e+06
-4.27956e+06
-4.35931e+06
-4.29518e+06
-2.76207e+06
-4.56313e+06
-4.49627e+06
-4.19796e+06
-4.75538e+06
-4.76414e+06
-4.21257e+06
-4.86198e+06
-4.94398e+06
-4.88996e+06
-4.44842e+06
-140736
-184604
-25588.3
-64209.7
-460950
-121757
-1.27003e+06
-998105
-1.16128e+06
-1.79171e+06
-1.64437e+06
-2.02889e+06
-2.39507e+06
-497742
-9898.39
-949703
-217142
-628979
-541104
-804520
-457354
-485231
-641027
-366232
-412327
-1.46635e+06
-1.69009e+06
-1.62785e+06
-1.93158e+06
-1.68853e+06
-2.03883e+06
-2.57285e+06
-2.10432e+06
-956225
-663326
-605218
-1.37316e+06
-1.15126e+06
-1.27382e+06
-1.35241e+06
-122316
-761399
-317549
-348826
-635407
-25587.3
-25585.7
-162938
-299885
-535305
-43899.9
-34910.3
-159815
-1.67839e+06
-373090
-1.19786e+06
-1.43635e+06
-874284
-1.83915e+06
-1.16287e+06
-288438
-1.19316e+06
-1.21604e+06
-1.43288e+06
-69729.8
-74795.8
-497747
-506498
-851927
-609968
-203401
-52906.9
-171525
-208218
-84343.6
-143004
-218030
-827355
-376346
-1.91589e+06
-994480
-137509
-2.3261e+06
-306415
-2.59489e+06
-1.37931e+06
-405086
-191264
-2.83893e+06
-1.02967e+06
-436629
-615490
-47647.4
-1.445e+06
-43898.9
-1.62157e+06
-731049
-977729
-376741
-1.23619e+06
-1.76751e+06
-366232
-1.04698e+06
-263163
-255113
-255392
-1.57444e+06
-1.06331e+06
-1.04809e+06
-367113
-315555
-128872
-152963
-2.05859e+06
-345082
-415064
-148121
-1.22327e+06
-1.06738e+06
-1.18449e+06
-405092
-58735.3
-139057
-62619.8
-414431
-153998
-1.07782e+06
-410074
-348811
-1.58909e+06
-1.69276e+06
-1.02879e+06
-1.16195e+06
-209720
-153998
-1.67274e+06
-1.50985e+06
-1.57439e+06
-190701
-1.62657e+06
-158980
-264054
-1.60713e+06
-353465
-1.72617e+06
-170884
-2.39111e+06
-731843
-1.51382e+06
-1.06895e+06
-937537
-842515
-106762
-946219
-899353
-1.39581e+06
-2.35457e+06
-736875
-754879
-1.91584e+06
-2.21754e+06
-707831
-2.24529e+06
-28949.5
-74233.2
-38664.6
-67334.7
-109658
-118475
-526226
-400288
-482672
-774152
-1.02514e+06
-926656
-928523
-1.00119e+06
-1.44867e+06
-6882.49
-26813.6
-26814.6
-14982.5
-13102.8
-27749.2
-128536
-47893.5
-47895.9
-106763
-369501
-978526
-1.03382e+06
-1.18984e+06
-1.40708e+06
-1.4874e+06
-48966.8
-92713.4
-110086
-69030.5
-157745
-122559
-47264
-86335.5
-107584
-117908
-101231
-123631
-146809
-189269
-231757
-314456
-547245
-1.9485e+06
-92661.3
-153844
-325533
-170882
-196303
-241378
-878393
-1.63074e+06
-83213.6
-789142
-1.04069e+06
-40254
-153077
-431467
-2.05172e+06
-1.59515e+06
-2.02807e+06
-606035
-650787
-74306.9
-79764
-369515
-938517
-377874
-192203
-614971
-1.40639e+06
-1.3472e+06
-2.12036e+06
-1.2699e+06
-562408
-745655
-630046
-40955
-115769
-378699
-550163
-1.71697e+06
-142249
-527781
-266696
-2.70172e+06
-1.34549e+06
-449467
-1.52738e+06
-289622
-118929
-196348
-644698
-643163
-643159
-643162
-673045
-1.71659e+06
-1.519e+06
-761054
-1.71414e+06
-774901
-2.90613e+06
-1.16483e+06
-724484
-808236
-886265
-1.97281e+06
-1.00364e+06
-1.17023e+06
-2.05859e+06
-688321
-405820
-235037
-575153
-355710
-921686
-400736
-1.10118e+06
-981768
-981784
-609968
-303818
-220220
-272449
-291043
-971451
-1.00431e+06
-552108
-657301
-601386
-244796
-246337
-291627
-646397
-731843
-415452
-325501
-317952
-385010
-272898
-1.64194e+06
-789526
-590336
-564058
-299889
-1.09236e+06
-1.17918e+06
-1.50888e+06
-957018
-584055
-1.7596e+06
-431023
-455887
-720678
-1.0859e+06
-1.50169e+06
-1.66679e+06
-1.02967e+06
-981330
-1.0994e+06
-959883
-1.965e+06
-1.59863e+06
-364102
-1.79624e+06
-2.13127e+06
-1.67412e+06
-986909
-1.09195e+06
-1.83767e+06
-1.25584e+06
-1.63365e+06
-655822
-1.81596e+06
-1.43288e+06
-524382
-1.73614e+06
-1.55704e+06
-1.06899e+06
-1.15126e+06
-950869
-1.81336e+06
-2.50723e+06
-2.02889e+06
-2.92634e+06
-2.06558e+06
-1.76075e+06
-1.37931e+06
-3.03673e+06
-2.59649e+06
-2.87663e+06
-2.00448e+06
-2.21707e+06
-1.92243e+06
-2.4191e+06
-3.09349e+06
-352169
-1.81377e+06
-1.36955e+06
-47650.7
-47895.4
-665673
-935566
-1.22533e+06
-1.2809e+06
-108348
-662287
-153845
-365318
-85965.5
-1.52347e+06
-1.85208e+06
-648996
-607826
-64786.3
-100861
-1.0274e+06
-726724
-1.18956e+06
-643162
-844376
-586928
-141063
-808975
-359869
-1.01738e+06
-347835
-527720
-375296
-736875
-1.15678e+06
-1.2243e+06
-1.44121e+06
-1.08906e+06
-1.32107e+06
-1.668e+06
-1.56906e+06
-3.26201e+06
-2.11327e+06
-676556
-870795
-1.46812e+06
-1.19129e+06
-1.83145e+06
-1.89953e+06
-2.24651e+06
-1.24919e+06
-1.88156e+06
-1.60706e+06
-850013
-969414
-863105
-1.08702e+06
-882487
-1.14281e+06
-742085
-1.8205e+06
-1.1422e+06
-472060
-609499
-614855
-1.8708e+06
-1.16106e+06
-1.29196e+06
-878792
-615278
-523128
-511910
-834492
-989225
-990793
-1.54849e+06
-1.14539e+06
-1.20623e+06
-978754
-1.52101e+06
-526101
-795697
-1.47968e+06
-635505
-1.64912e+06
-1.47155e+06
-1.65628e+06
-1.32828e+06
-1.42395e+06
-752982
-758708
-1.47997e+06
-1.48257e+06
-945139
-1.03959e+06
-1.70008e+06
-1.15618e+06
-916907
-1.15618e+06
-635573
-1.013e+06
-1.0365e+06
-2.25373e+06
-628850
-665669
-1.12799e+06
-302433
-476640
-512257
-635383
-377670
-448294
-450637
-568279
-461930
-409516
-761142
-489428
-616729
-570040
-602612
-630303
-663090
-691025
-1.25423e+06
-1.2655e+06
-312996
-462866
-429346
-446704
-445191
-371369
-423234
-500991
-448630
-454490
-480872
-618032
-477819
-649907
-586230
-559391
-619432
-629866
-619432
-539036
-681957
-570044
-702425
-755975
-887303
-755977
-1.42163e+06
-825369
-1.29194e+06
-356804
-361183
-509137
-426674
-373734
-386360
-411190
-613984
-415568
-564150
-1.07315e+06
-450639
-574873
-1.67834e+06
-554697
-675784
-822466
-593858
-633371
-954296
-728292
-618134
-750976
-1.23414e+06
-739265
-1.33674e+06
-1.44652e+06
-1.43867e+06
-1.61173e+06
-948373
-1.57153e+06
-1.49369e+06
-1.49369e+06
-1.12068e+06
-1.61173e+06
-1.02004e+06
-1.58399e+06
-1.08356e+06
-691967
-1.15634e+06
-964426
-587526
-1.31379e+06
-468105
-1.48085e+06
-494984
-1.35269e+06
-722569
-2.18877e+06
-1.77241e+06
-1.03996e+06
-1.28962e+06
-827833
-436313
-840586
-1.44588e+06
-893263
-1.45865e+06
-1.57323e+06
-1.57323e+06
-721755
-1.2701e+06
-692940
-1.80775e+06
-1.35099e+06
-1.80775e+06
-1.97109e+06
-853020
-643978
-693978
-1.52425e+06
-1.07163e+06
-1.1424e+06
-1.35986e+06
-713902
-1.25216e+06
-1.01963e+06
-1.44201e+06
-1.16941e+06
-840092
-698726
-609643
-724639
-852195
-912900
-1.50021e+06
-884355
-1.20616e+06
-861719
-1.3366e+06
-1.48678e+06
-1.09111e+06
-894157
-786885
-653035
-706459
-1.36056e+06
-939876
-1.26671e+06
-1.51169e+06
-1.11915e+06
-1.00616e+06
-942942
-1.16206e+06
-1.30557e+06
-1.20514e+06
-1.12672e+06
-1.03058e+06
-1.1145e+06
-1.42902e+06
-1.66131e+06
-575267
-1.68234e+06
-762600
-1.93592e+06
-2.36206e+06
-1.24102e+06
-467382
-730471
-809498
-912038
-2.04613e+06
-1.1753e+06
-883681
-824998
-949198
-913661
-1.51399e+06
-1.97947e+06
-1.64409e+06
-1.50693e+06
-1.10846e+06
-1.10846e+06
-1.68689e+06
-872610
-541192
-511646
-530155
-506667
-516624
-812261
-759904
-1.30013e+06
-924775
-892708
-1.30595e+06
-865485
-1.04063e+06
-925541
-1.17069e+06
-942306
-1.20299e+06
-285955
-312692
-339883
-736047
-820728
-793523
-1.23246e+06
-1.91605e+06
-901381
-859655
-849693
-1.61281e+06
-1.61476e+06
-1.43381e+06
-784511
-1.08131e+06
-949377
-1.05523e+06
-1.74553e+06
-924126
-1.50768e+06
-781713
-1.60402e+06
-1.98524e+06
-1.2923e+06
-889327
-1.37841e+06
-853981
-1.6785e+06
-1.5633e+06
-981811
-1.03058e+06
-932288
-1.19363e+06
-1.09445e+06
-1.44852e+06
-897256
-1.26847e+06
-1.51004e+06
-1.75693e+06
-1.09177e+06
-1.50568e+06
-994868
-940805
-1.30413e+06
-1.68695e+06
-1.37755e+06
-2.34206e+06
-2.50094e+06
-1.73596e+06
-299598
-905532
-1.52463e+06
-1.817e+06
-1.91005e+06
-1.40537e+06
-1.23612e+06
-480100
-940243
-940243
-1.23612e+06
-1.76283e+06
-1.90658e+06
-608910
-891326
-930230
-1.18131e+06
-1.16892e+06
-1.13088e+06
-1.33423e+06
-1.82471e+06
-1.91515e+06
-637607
-681090
-752215
-845764
-1.06743e+06
-955298
-889723
-883685
-1.17245e+06
-992214
-927127
-989099
-1.20184e+06
-1.02515e+06
-971558
-1.43648e+06
-1.49358e+06
-1.83271e+06
-1.52738e+06
-1.5175e+06
-1.31834e+06
-2.28709e+06
-856639
-512242
-542156
-2.16339e+06
-815263
-1.19098e+06
-848907
-848908
-2.49275e+06
-923978
-748642
-517988
-782068
-897711
-1.04203e+06
-882662
-882663
-817859
-916537
-916538
-916537
-891180
-1.31859e+06
-1.07695e+06
-1.31859e+06
-815611
-824160
-950538
-950538
-950537
-829500
-842447
-1.04537e+06
-984669
-984669
-984669
-1.07927e+06
-1.63027e+06
-1.50201e+06
-961384
-1.01893e+06
-1.01893e+06
-1.01893e+06
-1.00805e+06
-923606
-1.09675e+06
-1.29348e+06
-1.39313e+06
-1.67984e+06
-1.21199e+06
-1.75223e+06
-1.22612e+06
-1.61173e+06
-2.0153e+06
-2.34065e+06
-1.63088e+06
-1.63165e+06
-1.57469e+06
-2.02934e+06
-2.02891e+06
-2.06668e+06
-2.06625e+06
-2.07187e+06
-1.95784e+06
-1.75788e+06
-2.26438e+06
-901975
-750472
-1.149e+06
-2.2429e+06
-1.67131e+06
-1.88155e+06
-1.99851e+06
-354488
-389661
-469858
-1.72002e+06
-1.06701e+06
-585018
-1.73296e+06
-1.73296e+06
-1.73296e+06
-1.73296e+06
-1.73296e+06
-345611
-1.73296e+06
-1.73296e+06
-922740
-1.23441e+06
-1.97227e+06
-378680
-1.94886e+06
-583703
-1.48176e+06
-1.94886e+06
-1.54714e+06
-1.35206e+06
-1.49587e+06
-1.70424e+06
-1.22063e+06
-1.6193e+06
-1.71811e+06
-1.49667e+06
-1.73272e+06
-1.73273e+06
-1.22212e+06
-1.47317e+06
-1.23441e+06
-2.20321e+06
-1.84234e+06
-2.19584e+06
-905893
-872722
-1.86854e+06
-1.59029e+06
-1.70045e+06
-1.31252e+06
-1.50888e+06
-1.75457e+06
-1.97501e+06
-1.79642e+06
-1.49571e+06
-2.25582e+06
-700197
-685860
-1.32489e+06
-715615
-1.87368e+06
-2.0885e+06
-999661
-904628
-915278
-949216
-509852
-1.6155e+06
-1.47451e+06
-2.46199e+06
-1.82507e+06
-1.75365e+06
-2.30512e+06
-2.42505e+06
-1.03465e+06
-1.96708e+06
-1.80992e+06
-2.15185e+06
-1.44094e+06
-998871
-936701
-820427
-1.13812e+06
-1.28385e+06
-2.17432e+06
-1.9739e+06
-1.23525e+06
-1.97114e+06
-2.35046e+06
-2.00963e+06
-2.11348e+06
-1.26535e+06
-1.66879e+06
-1.11676e+06
-1.18085e+06
-1.65092e+06
-1.4019e+06
-1.22794e+06
-299283
-2.44115e+06
-612611
-684489
-579322
-1.62206e+06
-1.65553e+06
-2.24269e+06
-2.39944e+06
-557343
-694361
-1.2857e+06
-1.25608e+06
-1.1854e+06
-1.48587e+06
-1.65155e+06
-1.61374e+06
-1.33202e+06
-1.67911e+06
-2.04817e+06
-2.14922e+06
-2.04266e+06
-1.9599e+06
-854860
-2.50001e+06
-1.44003e+06
-1.12348e+06
-1.97114e+06
-1.68478e+06
-998060
-1.01696e+06
-1.67912e+06
-1.15554e+06
-1.19052e+06
-1.60546e+06
-2.00963e+06
-2.00963e+06
-1.76623e+06
-1.81296e+06
-1.85109e+06
-1.04941e+06
-1.48785e+06
-1.32509e+06
-1.43203e+06
-1.46346e+06
-1.38423e+06
-1.38423e+06
-2.04817e+06
-800655
-2.83986e+06
-1.449e+06
-1.57574e+06
-1.57574e+06
-1.58946e+06
-1.58945e+06
-1.49829e+06
-1.01031e+06
-380319
-496132
-526596
-552323
-911620
-946218
-980905
-1.01569e+06
-1.05058e+06
-1.08557e+06
-2.00078e+06
-2.00286e+06
-1.92746e+06
-2.0417e+06
-2.1984e+06
-2.32261e+06
-2.23103e+06
-2.06984e+06
-2.26725e+06
-2.31232e+06
-2.1128e+06
-1.99623e+06
-1.43067e+06
-1.53782e+06
-1.55114e+06
-1.96133e+06
-2.01343e+06
-2.07146e+06
-956651
-1.6097e+06
-1.77937e+06
-3.09008e+06
-2.15348e+06
-720470
-1.59024e+06
-1.13254e+06
-457884
-510066
-1.399e+06
-2.39111e+06
-1.75421e+06
-1.94197e+06
-1.55869e+06
-1.03692e+06
-1.53224e+06
-1.61813e+06
-629108
-733833
-589930
-924116
-753210
-767438
-1.285e+06
-2.21953e+06
-2.25545e+06
-2.32053e+06
-2.44676e+06
-2.5674e+06
-1.55312e+06
-2.33978e+06
-1.47966e+06
-2.44177e+06
-2.37613e+06
-1.87938e+06
-1.54481e+06
-1.68733e+06
-2.69718e+06
-1.56632e+06
-883598
-917312
-951169
-2.40129e+06
-2.41399e+06
-626559
-791946
-1.25902e+06
-1.5818e+06
-1.24192e+06
-739538
-766109
-799847
-1.92577e+06
-1.02848e+06
-2.05273e+06
-566295
-480747
-1.47733e+06
-1.51381e+06
-1.55039e+06
-1.52446e+06
-1.63543e+06
-1.58708e+06
-1.59239e+06
-1.56125e+06
-1.62386e+06
-1.66075e+06
-1.69575e+06
-1.84545e+06
-1.64433e+06
-1.81884e+06
-1.04932e+06
-1.91934e+06
-1.72339e+06
-2.05858e+06
-1.36195e+06
-1.67642e+06
-1.88998e+06
-1.91605e+06
-2.25373e+06
-2.02986e+06
-1.74436e+06
-2.01966e+06
-2.35164e+06
-2.34814e+06
-2.41858e+06
-2.43805e+06
-2.55842e+06
-2.46953e+06
-2.47303e+06
-2.54051e+06
-2.31209e+06
-2.43306e+06
-1.71587e+06
-2.05045e+06
-2.17052e+06
-654674
-1.41682e+06
-1.40535e+06
-1.21908e+06
-1.01296e+06
-1.05383e+06
-2.37531e+06
-838665
-2.36763e+06
-515001
-1.73884e+06
-1.85385e+06
-2.05708e+06
-540568
-2.47757e+06
-2.48547e+06
-2.77675e+06
-782069
-1.51152e+06
-2.12956e+06
-367993
-482864
-482862
-514999
-550255
-1.16395e+06
-543836
-1.09585e+06
-578334
-1.84537e+06
-1.52425e+06
-2.12541e+06
-722561
-628000
-456410
-835985
-1.95149e+06
-1.46055e+06
-1.64062e+06
-1.68897e+06
-1.01659e+06
-837814
-1.32109e+06
-749332
-1.24035e+06
-984782
-779026
-1.50983e+06
-1.43744e+06
-1.02264e+06
-941730
-1.82088e+06
-1.88854e+06
-1.8927e+06
-1.96455e+06
-1.18255e+06
-1.29559e+06
-1.26343e+06
-1.20779e+06
-1.48679e+06
-2.314e+06
-1.93971e+06
-1.21742e+06
-872116
-1.53632e+06
-1.10921e+06
-1.61173e+06
-1.30046e+06
-1.86808e+06
-1.81949e+06
-2.30585e+06
-1.42565e+06
-2.30585e+06
-1.04622e+06
-1.44181e+06
-1.71395e+06
-1.39876e+06
-1.9327e+06
-1.75365e+06
-2.03599e+06
-1.63146e+06
-1.72497e+06
-1.12911e+06
-1.28579e+06
-2.09151e+06
-1.45072e+06
-1.50116e+06
-2.59783e+06
-1.71347e+06
-1.02281e+06
-1.05744e+06
-804366
-1.32132e+06
-1.16088e+06
-1.16088e+06
-1.41686e+06
-423510
-512895
-166963
-403237
-34906.3
-160625
-931579
-18169.5
-1.66862e+06
-1.43796e+06
-1.43796e+06
-113475
-679732
-679732
-1.18237e+06
-583947
-679732
-593286
-1.18237e+06
-508315
-399758
-261229
-119269
-92996.8
-25017.4
-542578
-2.04193e+06
-2.00314e+06
-67176.5
-92713.4
-2.58552e+06
-707369
-195496
-66411.6
-1.67619e+06
-1.72131e+06
-1.94281e+06
-1.70951e+06
-2.26323e+06
-684228
-1.22615e+06
-2.40581e+06
-95124
-1.67508e+06
-47893.5
-140600
-2.0848e+06
-2.40108e+06
-1.95386e+06
-138119
-135616
-161931
-690737
-2.45893e+06
-2.57612e+06
-1.42894e+06
-2.33192e+06
-1.43635e+06
-43711.1
-1.13705e+06
-83370.4
-851195
-58284.3
-1.86867e+06
-1.57502e+06
-229003
-19.3506
-1.78326e+06
-687357
-2.11352e+06
-431481
-1.36408e+06
-1.73149e+06
-1.72707e+06
-334033
-2.07042e+06
-258031
-798507
-106634
-178339
-203401
-281704
-255113
-158415
-635701
-590209
-923100
-1.77984e+06
-1.94757e+06
-117720
-1.32407e+06
-3.88885e+06
-1.58171e+06
-646866
-1.75457e+06
-367113
-1.59261e+06
-1.27003e+06
-633765
-2.66875e+06
-1.82675e+06
-836931
-18725.3
-537071
-1.60363e+06
-1.20171e+06
-1.60847e+06
-709245
-1.49372e+06
-1.70711e+06
-1.72746e+06
-1.97909e+06
-1.74869e+06
-1.6042e+06
-1.59585e+06
-1.5903e+06
-1.64579e+06
-1.8538e+06
-1.78863e+06
-1.64739e+06
-1.71669e+06
-1.60012e+06
-1.849e+06
-1.55836e+06
-1.51907e+06
-724595
-1.80223e+06
-1.10987e+06
-1.0269e+06
-871756
-117908
-1.27382e+06
-1.5207e+06
-1.96292e+06
-506199
-1.91255e+06
-194707
-2.33938e+06
-1.03076e+06
-1.35166e+06
-1.24339e+06
-2.63824e+06
-1.47727e+06
-1.72324e+06
-925486
-57609.2
-145835
-419671
-14980.6
-1.58804e+06
-1.7065e+06
-563665
-1.40708e+06
-1.5453e+06
-2.08467e+06
-1.55923e+06
-4996.18
-1.369e+06
-190406
-652257
